ticket_id,customer_id,created_at,resolved_at,priority,issue_type,status,satisfaction_score
TICK000001,CUST00056,2026-03-02T22:59:09Z,,high,product_question,open,
TICK000002,CUST00806,2026-03-20T09:53:57Z,,low,payment_issue,open,
TICK000003,CUST00305,2026-05-12T03:56:05Z,,low,product_question,in_progress,
TICK000004,CUST00931,2026-05-10T04:08:43Z,2026-05-10T18:08:43Z,critical,account_issue,resolved,2
TICK000005,CUST00931,2026-04-06T18:05:12Z,,high,account_issue,in_progress,
TICK000006,CUST00772,2026-04-05T09:01:48Z,,critical,payment_issue,open,
TICK000007,CUST00948,2026-02-04T04:24:42Z,,high,refund_request,open,
TICK000008,CUST00121,2026-04-13T11:53:16Z,,medium,refund_request,in_progress,
TICK000009,CUST00361,2026-02-05T21:56:59Z,2026-02-06T17:56:59Z,high,product_question,resolved,5
TICK000010,CUST00819,2026-03-16T05:27:18Z,,high,technical_support,open,
TICK000011,CUST00093,2026-05-23T16:47:55Z,,medium,product_question,open,
TICK000012,CUST00372,2026-02-15T20:53:38Z,,medium,account_issue,in_progress,
TICK000013,CUST00649,2026-04-11T13:36:31Z,,critical,refund_request,in_progress,
TICK000014,CUST00423,2026-03-06T04:46:07Z,,low,technical_support,in_progress,
TICK000015,CUST00314,2026-04-24T14:57:30Z,2026-04-28T03:57:30Z,low,delivery_delay,closed,1
TICK000016,CUST00038,2026-04-02T03:20:34Z,2026-04-02T05:20:34Z,high,refund_request,resolved,1
TICK000017,CUST00659,2026-05-23T02:25:03Z,,low,refund_request,open,
TICK000018,CUST00494,2026-04-08T20:53:06Z,2026-04-12T13:53:06Z,medium,delivery_delay,resolved,3
TICK000019,CUST00065,2026-05-13T19:40:49Z,,high,product_question,in_progress,
TICK000020,CUST00524,2026-01-06T15:32:55Z,,high,refund_request,open,
TICK000021,CUST00893,2026-03-12T18:32:23Z,2026-03-13T01:32:23Z,low,refund_request,closed,2
TICK000022,CUST00762,2026-01-03T16:56:09Z,,low,technical_support,open,
TICK000023,CUST00319,2026-02-09T06:23:52Z,,low,technical_support,open,
TICK000024,CUST00780,2026-03-04T14:57:17Z,,medium,technical_support,in_progress,
TICK000025,CUST00734,2026-02-27T13:45:30Z,,high,refund_request,open,
TICK000026,CUST00368,2026-02-03T15:01:55Z,2026-02-03T21:01:55Z,high,payment_issue,resolved,5
TICK000027,CUST00223,2026-03-15T18:05:44Z,2026-03-16T00:05:44Z,high,product_question,closed,3
TICK000028,CUST00862,2026-03-24T22:40:01Z,2026-03-26T00:40:01Z,critical,product_question,closed,4
TICK000029,CUST00314,2026-01-05T19:42:35Z,2026-01-09T02:42:35Z,low,product_question,resolved,5
TICK000030,CUST00551,2026-04-28T18:11:27Z,,medium,refund_request,open,
TICK000031,CUST00287,2026-03-17T07:49:33Z,2026-03-19T14:49:33Z,low,product_question,resolved,3
TICK000032,CUST00508,2026-01-16T07:37:02Z,,critical,product_question,open,
TICK000033,CUST00038,2026-02-01T06:21:55Z,,critical,product_question,in_progress,
TICK000034,CUST00740,2026-05-20T07:21:09Z,,high,payment_issue,open,
TICK000035,CUST00865,2026-02-17T04:51:08Z,2026-02-20T13:51:08Z,low,technical_support,resolved,2
TICK000036,CUST00072,2026-02-23T22:45:02Z,2026-02-25T11:45:02Z,critical,refund_request,closed,1
TICK000037,CUST00501,2026-05-09T15:47:00Z,2026-05-09T22:47:00Z,low,technical_support,closed,5
TICK000038,CUST00191,2026-02-05T10:50:19Z,,low,delivery_delay,open,
TICK000039,CUST00706,2026-01-09T00:17:20Z,2026-01-11T19:17:20Z,low,refund_request,resolved,5
TICK000040,CUST00460,2026-04-23T16:08:33Z,,medium,delivery_delay,open,
TICK000041,CUST00304,2026-02-16T09:28:04Z,2026-02-18T06:28:04Z,critical,refund_request,closed,2
TICK000042,CUST00040,2026-01-12T23:05:24Z,2026-01-13T17:05:24Z,low,payment_issue,resolved,5
TICK000043,CUST00368,2026-01-26T08:14:14Z,2026-01-31T06:14:14Z,medium,refund_request,closed,5
TICK000044,CUST00985,2026-01-23T10:44:55Z,2026-01-25T11:44:55Z,low,account_issue,closed,2
TICK000045,CUST00158,2026-01-16T13:39:04Z,,critical,technical_support,in_progress,
TICK000046,CUST00437,2026-01-17T01:01:32Z,,medium,product_question,in_progress,
TICK000047,CUST00690,2026-01-24T20:29:05Z,,high,refund_request,in_progress,
TICK000048,CUST00660,2026-05-20T22:38:29Z,,high,delivery_delay,in_progress,
TICK000049,CUST00999,2026-02-07T00:05:13Z,,critical,refund_request,in_progress,
TICK000050,CUST00705,2026-03-03T22:48:44Z,2026-03-07T13:48:44Z,low,refund_request,resolved,1
TICK000051,CUST00258,2026-04-20T02:13:36Z,,high,payment_issue,in_progress,
TICK000052,CUST00147,2026-04-16T16:09:27Z,2026-04-20T00:09:27Z,medium,account_issue,closed,2
TICK000053,CUST00499,2026-01-10T17:31:54Z,,high,delivery_delay,in_progress,
TICK000054,CUST00278,2026-02-05T23:08:01Z,2026-02-06T11:08:01Z,medium,refund_request,resolved,3
TICK000055,CUST00860,2026-05-13T22:25:51Z,,high,refund_request,open,
TICK000056,CUST00616,2026-05-20T13:06:45Z,,low,payment_issue,in_progress,
TICK000057,CUST00622,2026-05-06T09:13:02Z,,medium,delivery_delay,open,
TICK000058,CUST00640,2026-04-18T10:23:36Z,2026-04-22T15:23:36Z,low,technical_support,closed,3
TICK000059,CUST00425,2026-01-08T00:23:51Z,,medium,delivery_delay,open,
TICK000060,CUST00784,2026-05-19T15:30:59Z,2026-05-21T12:30:59Z,high,technical_support,closed,3
TICK000061,CUST00325,2026-05-21T02:22:53Z,2026-05-22T18:22:53Z,critical,product_question,closed,2
TICK000062,CUST00482,2026-04-22T22:08:48Z,,high,account_issue,in_progress,
TICK000063,CUST00080,2026-02-03T13:33:16Z,,low,account_issue,open,
TICK000064,CUST00942,2026-04-15T03:09:41Z,,critical,product_question,open,
TICK000065,CUST00667,2026-02-05T18:17:10Z,2026-02-07T06:17:10Z,critical,payment_issue,resolved,3
TICK000066,CUST00643,2026-01-04T03:37:23Z,,critical,technical_support,in_progress,
TICK000067,CUST00636,2026-03-14T11:01:35Z,2026-03-18T21:01:35Z,low,account_issue,resolved,3
TICK000068,CUST00682,2026-04-02T04:20:02Z,2026-04-06T13:20:02Z,low,technical_support,closed,1
TICK000069,CUST00493,2026-03-27T04:22:59Z,,critical,refund_request,open,
TICK000070,CUST00972,2026-05-19T12:51:55Z,2026-05-24T09:51:55Z,low,payment_issue,closed,1
TICK000071,CUST00150,2026-03-30T06:19:33Z,,low,technical_support,open,
TICK000072,CUST00173,2026-01-12T14:58:41Z,,low,delivery_delay,open,
TICK000073,CUST00467,2026-01-29T21:16:39Z,2026-01-30T15:16:39Z,high,delivery_delay,closed,2
TICK000074,CUST00016,2026-02-10T07:56:42Z,,high,payment_issue,open,
TICK000075,CUST00136,2026-05-02T00:25:41Z,2026-05-03T15:25:41Z,critical,technical_support,closed,5
TICK000076,CUST00275,2026-02-20T16:22:24Z,,critical,product_question,in_progress,
TICK000077,CUST00620,2026-02-13T06:53:39Z,,low,product_question,in_progress,
TICK000078,CUST00422,2026-02-10T15:04:00Z,2026-02-11T17:04:00Z,medium,technical_support,closed,2
TICK000079,CUST00076,2026-01-19T11:48:24Z,2026-01-20T04:48:24Z,high,payment_issue,resolved,1
TICK000080,CUST00370,2026-03-15T13:46:45Z,2026-03-16T15:46:45Z,critical,technical_support,closed,2
TICK000081,CUST00794,2026-02-23T12:59:47Z,2026-02-23T19:59:47Z,critical,delivery_delay,resolved,5
TICK000082,CUST00830,2026-04-30T21:12:43Z,,medium,payment_issue,open,
TICK000083,CUST00936,2026-01-28T09:23:47Z,,low,technical_support,in_progress,
TICK000084,CUST00922,2026-03-06T16:05:18Z,2026-03-08T01:05:18Z,high,product_question,closed,3
TICK000085,CUST00702,2026-01-05T20:02:20Z,,medium,refund_request,in_progress,
TICK000086,CUST00431,2026-02-26T23:05:10Z,2026-02-27T10:05:10Z,critical,account_issue,closed,4
TICK000087,CUST00392,2026-03-27T21:27:22Z,,medium,technical_support,open,
TICK000088,CUST00510,2026-04-02T10:17:35Z,,critical,refund_request,in_progress,
TICK000089,CUST00379,2026-03-09T23:58:03Z,2026-03-11T10:58:03Z,high,account_issue,resolved,2
TICK000090,CUST00311,2026-02-18T18:07:35Z,2026-02-20T04:07:35Z,critical,payment_issue,closed,5
TICK000091,CUST00681,2026-04-08T18:25:43Z,,low,technical_support,in_progress,
TICK000092,CUST00746,2026-04-16T03:03:07Z,2026-04-16T14:03:07Z,high,delivery_delay,closed,2
TICK000093,CUST00580,2026-03-20T13:49:51Z,,medium,refund_request,in_progress,
TICK000094,CUST00288,2026-04-30T13:29:35Z,,high,delivery_delay,open,
TICK000095,CUST00962,2026-02-28T15:20:21Z,2026-03-04T07:20:21Z,medium,payment_issue,closed,2
TICK000096,CUST00885,2026-04-06T02:04:14Z,2026-04-06T15:04:14Z,critical,payment_issue,resolved,2
TICK000097,CUST00311,2026-02-22T08:06:41Z,2026-02-22T09:06:41Z,medium,delivery_delay,closed,2
TICK000098,CUST00017,2026-04-17T05:21:15Z,,low,refund_request,open,
TICK000099,CUST00373,2026-05-21T02:19:29Z,2026-05-24T05:19:29Z,medium,payment_issue,closed,1
TICK000100,CUST00565,2026-01-25T00:27:52Z,2026-01-25T04:27:52Z,high,account_issue,closed,1
TICK000101,CUST00643,2026-04-29T03:55:03Z,2026-05-01T00:55:03Z,critical,product_question,closed,4
TICK000102,CUST00853,2026-02-17T11:58:03Z,,critical,product_question,in_progress,
TICK000103,CUST00925,2026-05-13T08:47:08Z,2026-05-17T00:47:08Z,medium,delivery_delay,resolved,4
TICK000104,CUST00440,2026-03-20T22:08:40Z,,low,refund_request,open,
TICK000105,CUST00163,2026-02-03T17:07:08Z,2026-02-04T21:07:08Z,medium,payment_issue,closed,1
TICK000106,CUST00929,2026-03-17T05:21:53Z,2026-03-20T03:21:53Z,medium,technical_support,closed,3
TICK000107,CUST00639,2026-02-04T04:43:31Z,2026-02-06T06:43:31Z,low,refund_request,closed,2
TICK000108,CUST00592,2026-04-23T03:02:55Z,,low,delivery_delay,open,
TICK000109,CUST00215,2026-01-21T14:39:11Z,2026-01-26T14:39:11Z,medium,refund_request,resolved,4
TICK000110,CUST00185,2026-03-15T23:39:45Z,2026-03-17T07:39:45Z,critical,technical_support,closed,5
TICK000111,CUST00264,2026-04-01T18:25:18Z,2026-04-05T11:25:18Z,medium,product_question,resolved,1
TICK000112,CUST00567,2026-02-26T04:39:44Z,,high,delivery_delay,in_progress,
TICK000113,CUST00439,2026-05-06T00:58:26Z,,critical,payment_issue,in_progress,
TICK000114,CUST00291,2026-01-26T21:33:57Z,,low,refund_request,open,
TICK000115,CUST00209,2026-02-28T18:32:58Z,2026-03-02T15:32:58Z,critical,payment_issue,resolved,5
TICK000116,CUST00914,2026-04-15T04:05:24Z,,critical,delivery_delay,in_progress,
TICK000117,CUST00006,2026-02-01T12:26:48Z,,low,payment_issue,in_progress,
TICK000118,CUST00848,2026-03-31T17:43:59Z,,low,technical_support,open,
TICK000119,CUST00749,2026-05-05T19:45:37Z,2026-05-07T16:45:37Z,high,technical_support,closed,3
TICK000120,CUST00540,2026-02-07T18:36:53Z,,medium,refund_request,in_progress,
TICK000121,CUST00666,2026-05-21T12:55:32Z,,medium,payment_issue,in_progress,
TICK000122,CUST00626,2026-01-14T08:47:33Z,,critical,delivery_delay,in_progress,
TICK000123,CUST00001,2026-05-07T09:34:51Z,2026-05-07T18:34:51Z,low,payment_issue,resolved,2
TICK000124,CUST00669,2026-05-11T01:34:14Z,,low,refund_request,in_progress,
TICK000125,CUST00740,2026-03-23T03:01:26Z,2026-03-28T01:01:26Z,low,payment_issue,closed,1
TICK000126,CUST00892,2026-03-08T09:20:18Z,,medium,technical_support,in_progress,
TICK000127,CUST00180,2026-04-26T14:19:05Z,,low,product_question,in_progress,
TICK000128,CUST00644,2026-05-01T09:41:55Z,2026-05-01T20:41:55Z,high,product_question,closed,4
TICK000129,CUST00447,2026-02-10T19:02:47Z,,medium,refund_request,in_progress,
TICK000130,CUST00732,2026-04-21T18:51:39Z,,medium,account_issue,in_progress,
TICK000131,CUST00731,2026-04-16T11:29:54Z,,low,delivery_delay,in_progress,
TICK000132,CUST00101,2026-05-13T08:42:14Z,2026-05-14T23:42:14Z,low,delivery_delay,closed,1
TICK000133,CUST00586,2026-05-16T19:02:12Z,,medium,refund_request,open,
TICK000134,CUST00466,2026-02-06T00:11:32Z,2026-02-07T09:11:32Z,high,payment_issue,resolved,1
TICK000135,CUST00300,2026-03-07T16:08:46Z,,critical,product_question,in_progress,
TICK000136,CUST00707,2026-01-05T00:58:47Z,2026-01-07T02:58:47Z,medium,account_issue,closed,4
TICK000137,CUST00252,2026-01-25T14:52:51Z,2026-01-25T22:52:51Z,low,technical_support,resolved,5
TICK000138,CUST00684,2026-05-05T05:52:14Z,,low,product_question,open,
TICK000139,CUST00377,2026-03-26T10:00:09Z,2026-03-30T21:00:09Z,medium,refund_request,resolved,5
TICK000140,CUST00431,2026-04-25T08:23:00Z,2026-04-26T22:23:00Z,high,product_question,closed,3
TICK000141,CUST00108,2026-01-22T12:27:32Z,2026-01-23T20:27:32Z,high,delivery_delay,resolved,2
TICK000142,CUST00993,2026-05-21T07:20:49Z,,critical,technical_support,open,
TICK000143,CUST00161,2026-04-11T07:50:24Z,2026-04-11T10:50:24Z,critical,account_issue,closed,5
TICK000144,CUST00240,2026-05-06T19:44:45Z,2026-05-06T20:44:45Z,low,payment_issue,resolved,4
TICK000145,CUST00511,2026-02-19T01:17:16Z,,critical,delivery_delay,open,
TICK000146,CUST00005,2026-04-04T05:48:59Z,2026-04-04T10:48:59Z,low,technical_support,resolved,2
TICK000147,CUST00255,2026-04-13T05:55:04Z,2026-04-15T17:55:04Z,low,delivery_delay,resolved,2
TICK000148,CUST00873,2026-04-20T02:47:10Z,,high,delivery_delay,open,
TICK000149,CUST00493,2026-04-16T06:41:58Z,2026-04-20T17:41:58Z,medium,delivery_delay,resolved,2
TICK000150,CUST00319,2026-01-21T00:11:02Z,2026-01-21T10:11:02Z,critical,refund_request,resolved,2
TICK000151,CUST00017,2026-05-22T17:56:08Z,2026-05-25T05:56:08Z,low,payment_issue,resolved,2
TICK000152,CUST00059,2026-04-05T20:26:55Z,2026-04-06T05:26:55Z,high,delivery_delay,closed,1
TICK000153,CUST00519,2026-02-18T07:46:08Z,,high,payment_issue,open,
TICK000154,CUST00350,2026-04-07T13:19:38Z,2026-04-12T03:19:38Z,low,technical_support,closed,3
TICK000155,CUST00805,2026-05-03T21:07:06Z,2026-05-05T08:07:06Z,low,refund_request,closed,2
TICK000156,CUST00582,2026-05-19T07:27:30Z,2026-05-20T01:27:30Z,high,refund_request,closed,1
TICK000157,CUST00255,2026-05-22T23:32:13Z,2026-05-24T06:32:13Z,high,account_issue,closed,3
TICK000158,CUST00843,2026-02-26T19:27:52Z,2026-03-01T08:27:52Z,medium,payment_issue,closed,2
TICK000159,CUST00940,2026-02-04T00:01:12Z,,high,payment_issue,in_progress,
TICK000160,CUST00693,2026-01-05T13:07:26Z,2026-01-06T13:07:26Z,medium,technical_support,closed,3
TICK000161,CUST00280,2026-04-17T19:40:00Z,,high,product_question,open,
TICK000162,CUST00144,2026-04-30T12:03:53Z,2026-05-02T04:03:53Z,high,product_question,closed,3
TICK000163,CUST00970,2026-05-14T16:25:20Z,2026-05-18T01:25:20Z,medium,payment_issue,closed,5
TICK000164,CUST00516,2026-04-25T18:05:42Z,,high,technical_support,in_progress,
TICK000165,CUST00986,2026-01-26T20:29:42Z,,low,payment_issue,in_progress,
TICK000166,CUST00299,2026-05-18T04:55:44Z,2026-05-19T05:55:44Z,medium,payment_issue,resolved,3
TICK000167,CUST00187,2026-04-09T23:54:33Z,2026-04-11T17:54:33Z,low,payment_issue,closed,5
TICK000168,CUST00458,2026-04-28T02:46:21Z,,high,payment_issue,in_progress,
TICK000169,CUST00263,2026-02-18T07:33:10Z,2026-02-18T16:33:10Z,critical,refund_request,closed,4
TICK000170,CUST00315,2026-01-03T04:29:01Z,2026-01-03T10:29:01Z,low,refund_request,resolved,5
TICK000171,CUST00011,2026-05-01T18:48:23Z,2026-05-03T00:48:23Z,critical,account_issue,resolved,5
TICK000172,CUST00242,2026-01-17T16:41:54Z,,critical,product_question,open,
TICK000173,CUST00721,2026-02-23T12:48:06Z,,low,refund_request,open,
TICK000174,CUST00094,2026-01-07T16:00:35Z,,critical,product_question,in_progress,
TICK000175,CUST00825,2026-01-24T04:05:11Z,2026-01-26T03:05:11Z,low,delivery_delay,closed,4
TICK000176,CUST00794,2026-05-16T00:23:16Z,,medium,delivery_delay,in_progress,
TICK000177,CUST00997,2026-04-03T10:59:52Z,2026-04-08T04:59:52Z,medium,payment_issue,resolved,2
TICK000178,CUST00144,2026-03-09T10:51:59Z,2026-03-10T19:51:59Z,medium,technical_support,closed,1
TICK000179,CUST00247,2026-03-30T21:01:22Z,2026-04-04T09:01:22Z,medium,account_issue,closed,3
TICK000180,CUST00513,2026-03-24T03:10:15Z,2026-03-25T23:10:15Z,critical,refund_request,closed,5
TICK000181,CUST00008,2026-02-09T20:19:28Z,,critical,delivery_delay,in_progress,
TICK000182,CUST00882,2026-01-05T05:23:30Z,,high,account_issue,open,
TICK000183,CUST00671,2026-03-18T15:40:51Z,2026-03-21T22:40:51Z,low,product_question,resolved,5
TICK000184,CUST00973,2026-03-17T23:17:47Z,,critical,technical_support,in_progress,
TICK000185,CUST00151,2026-01-16T21:54:28Z,2026-01-21T01:54:28Z,low,technical_support,closed,3
TICK000186,CUST00312,2026-01-19T18:34:50Z,2026-01-20T22:34:50Z,high,payment_issue,closed,3
TICK000187,CUST00957,2026-03-09T01:41:01Z,2026-03-10T03:41:01Z,high,technical_support,closed,3
TICK000188,CUST00447,2026-01-06T10:02:11Z,,low,payment_issue,open,
TICK000189,CUST00261,2026-01-09T22:29:48Z,,medium,refund_request,in_progress,
TICK000190,CUST00891,2026-05-20T07:01:50Z,,low,refund_request,in_progress,
TICK000191,CUST00360,2026-02-15T17:51:24Z,,low,delivery_delay,open,
TICK000192,CUST00517,2026-05-21T02:17:07Z,,low,delivery_delay,open,
TICK000193,CUST00114,2026-04-17T02:26:39Z,2026-04-20T10:26:39Z,low,delivery_delay,resolved,4
TICK000194,CUST00887,2026-01-01T21:33:06Z,,medium,product_question,in_progress,
TICK000195,CUST00197,2026-04-13T12:48:49Z,2026-04-14T08:48:49Z,high,account_issue,resolved,4
TICK000196,CUST00436,2026-05-07T07:35:03Z,,high,delivery_delay,in_progress,
TICK000197,CUST00238,2026-01-22T05:40:31Z,,low,account_issue,open,
TICK000198,CUST00655,2026-04-12T16:37:33Z,,low,payment_issue,open,
TICK000199,CUST00799,2026-01-19T23:01:58Z,2026-01-20T20:01:58Z,critical,account_issue,closed,5
TICK000200,CUST00671,2026-04-12T08:28:57Z,,medium,delivery_delay,in_progress,
TICK000201,CUST00535,2026-02-18T10:41:17Z,,low,payment_issue,open,
TICK000202,CUST00294,2026-03-08T16:44:44Z,2026-03-10T02:44:44Z,medium,product_question,closed,3
TICK000203,CUST00981,2026-01-22T15:10:25Z,2026-01-23T23:10:25Z,high,account_issue,closed,2
TICK000204,CUST00999,2026-04-28T06:58:29Z,,medium,refund_request,open,
TICK000205,CUST00850,2026-05-19T23:50:57Z,,medium,refund_request,open,
TICK000206,CUST00916,2026-05-16T00:48:01Z,,critical,refund_request,open,
TICK000207,CUST00547,2026-01-28T23:06:50Z,2026-01-31T08:06:50Z,medium,account_issue,resolved,1
TICK000208,CUST00123,2026-03-14T18:24:50Z,,low,payment_issue,in_progress,
TICK000209,CUST00134,2026-05-07T13:37:44Z,2026-05-11T11:37:44Z,low,delivery_delay,closed,1
TICK000210,CUST00227,2026-03-23T19:34:15Z,2026-03-24T17:34:15Z,critical,technical_support,closed,3
TICK000211,CUST00112,2026-02-18T18:52:43Z,2026-02-19T20:52:43Z,critical,account_issue,resolved,3
TICK000212,CUST00231,2026-02-10T14:26:07Z,2026-02-11T14:26:07Z,low,product_question,closed,1
TICK000213,CUST00234,2026-02-23T06:59:04Z,2026-02-25T04:59:04Z,critical,account_issue,resolved,5
TICK000214,CUST00623,2026-01-28T15:01:09Z,,low,payment_issue,in_progress,
TICK000215,CUST00948,2026-04-17T18:00:18Z,2026-04-20T14:00:18Z,medium,delivery_delay,closed,3
TICK000216,CUST00632,2026-01-08T07:52:07Z,,high,product_question,open,
TICK000217,CUST00040,2026-02-10T08:51:13Z,,medium,payment_issue,open,
TICK000218,CUST00596,2026-04-16T12:24:19Z,2026-04-17T12:24:19Z,high,product_question,closed,3
TICK000219,CUST00902,2026-01-28T05:06:50Z,2026-01-28T20:06:50Z,critical,technical_support,closed,3
TICK000220,CUST00563,2026-04-18T23:52:15Z,2026-04-20T18:52:15Z,critical,delivery_delay,closed,2
TICK000221,CUST00258,2026-01-26T00:53:06Z,2026-01-27T08:53:06Z,critical,refund_request,closed,3
TICK000222,CUST00505,2026-04-04T03:45:20Z,,high,delivery_delay,in_progress,
TICK000223,CUST00208,2026-01-14T07:38:58Z,,medium,product_question,open,
TICK000224,CUST00737,2026-04-27T22:17:52Z,2026-05-02T06:17:52Z,low,refund_request,resolved,2
TICK000225,CUST00341,2026-04-28T12:27:44Z,,low,account_issue,open,
TICK000226,CUST00116,2026-04-21T08:59:41Z,2026-04-22T22:59:41Z,low,delivery_delay,closed,4
TICK000227,CUST00394,2026-01-14T17:36:16Z,2026-01-16T15:36:16Z,medium,technical_support,resolved,1
TICK000228,CUST00867,2026-02-12T00:07:27Z,2026-02-12T13:07:27Z,low,payment_issue,closed,4
TICK000229,CUST00985,2026-03-20T10:03:41Z,,low,payment_issue,in_progress,
TICK000230,CUST00353,2026-01-20T11:57:24Z,2026-01-20T14:57:24Z,medium,product_question,resolved,3
TICK000231,CUST00207,2026-05-06T02:44:59Z,2026-05-07T21:44:59Z,critical,payment_issue,resolved,2
TICK000232,CUST00346,2026-05-03T07:23:47Z,2026-05-05T02:23:47Z,high,payment_issue,resolved,4
TICK000233,CUST00032,2026-04-14T17:56:40Z,,medium,technical_support,open,
TICK000234,CUST00825,2026-05-07T05:23:50Z,,medium,technical_support,open,
TICK000235,CUST00768,2026-02-28T11:44:10Z,,high,account_issue,open,
TICK000236,CUST00939,2026-03-16T18:58:05Z,2026-03-18T11:58:05Z,high,payment_issue,closed,3
TICK000237,CUST00836,2026-05-19T09:36:29Z,,medium,refund_request,open,
TICK000238,CUST00228,2026-05-13T13:45:11Z,,critical,payment_issue,in_progress,
TICK000239,CUST00146,2026-01-07T06:15:47Z,2026-01-07T17:15:47Z,critical,delivery_delay,resolved,4
TICK000240,CUST00481,2026-03-14T05:05:29Z,2026-03-14T18:05:29Z,high,refund_request,resolved,4
TICK000241,CUST00725,2026-05-02T01:59:20Z,2026-05-02T18:59:20Z,medium,payment_issue,closed,3
TICK000242,CUST00630,2026-03-06T09:59:46Z,2026-03-07T09:59:46Z,high,refund_request,closed,1
TICK000243,CUST00695,2026-04-13T12:05:13Z,2026-04-14T16:05:13Z,critical,technical_support,resolved,1
TICK000244,CUST00027,2026-02-07T10:49:53Z,,low,product_question,open,
TICK000245,CUST00007,2026-05-16T12:36:30Z,2026-05-17T21:36:30Z,critical,payment_issue,resolved,5
TICK000246,CUST00116,2026-01-23T21:30:19Z,2026-01-25T18:30:19Z,medium,delivery_delay,resolved,5
TICK000247,CUST00147,2026-05-20T18:48:28Z,,medium,product_question,in_progress,
TICK000248,CUST00792,2026-03-09T21:01:58Z,,medium,payment_issue,in_progress,
TICK000249,CUST00655,2026-05-23T06:52:43Z,,high,technical_support,open,
TICK000250,CUST00861,2026-02-21T18:33:08Z,,critical,delivery_delay,in_progress,
TICK000251,CUST00933,2026-02-23T11:39:55Z,2026-02-24T07:39:55Z,critical,payment_issue,resolved,4
TICK000252,CUST00102,2026-04-07T15:41:05Z,,low,product_question,open,
TICK000253,CUST00108,2026-03-26T20:52:25Z,,low,product_question,in_progress,
TICK000254,CUST00973,2026-01-12T03:24:21Z,,critical,account_issue,open,
TICK000255,CUST00610,2026-01-03T13:51:28Z,2026-01-04T00:51:28Z,critical,refund_request,resolved,5
TICK000256,CUST00565,2026-02-28T05:22:54Z,2026-03-01T15:22:54Z,low,technical_support,resolved,4
TICK000257,CUST00500,2026-04-09T13:08:20Z,2026-04-11T05:08:20Z,low,delivery_delay,closed,1
TICK000258,CUST00368,2026-03-16T20:15:31Z,,low,payment_issue,in_progress,
TICK000259,CUST00296,2026-02-25T10:48:13Z,2026-02-28T10:48:13Z,low,refund_request,closed,1
TICK000260,CUST00612,2026-02-26T01:04:52Z,2026-03-02T01:04:52Z,medium,delivery_delay,resolved,3
TICK000261,CUST00830,2026-02-04T21:52:34Z,2026-02-07T10:52:34Z,low,technical_support,closed,2
TICK000262,CUST00163,2026-01-27T07:26:39Z,2026-01-28T02:26:39Z,high,account_issue,resolved,3
TICK000263,CUST00083,2026-01-02T17:58:13Z,2026-01-03T20:58:13Z,high,product_question,closed,5
TICK000264,CUST00468,2026-05-08T12:41:40Z,2026-05-10T19:41:40Z,low,delivery_delay,resolved,2
TICK000265,CUST00930,2026-04-08T19:38:29Z,2026-04-10T16:38:29Z,high,product_question,resolved,1
TICK000266,CUST00329,2026-01-03T19:22:08Z,,critical,payment_issue,open,
TICK000267,CUST00928,2026-03-20T16:27:48Z,,medium,product_question,open,
TICK000268,CUST00996,2026-04-27T07:34:35Z,,high,payment_issue,open,
TICK000269,CUST00294,2026-05-11T18:19:25Z,2026-05-13T06:19:25Z,high,product_question,closed,2
TICK000270,CUST00645,2026-03-29T23:33:18Z,2026-04-03T09:33:18Z,low,account_issue,resolved,1
TICK000271,CUST00225,2026-04-05T07:55:22Z,,medium,payment_issue,open,
TICK000272,CUST00766,2026-02-17T18:50:02Z,,critical,account_issue,open,
TICK000273,CUST00833,2026-02-04T07:51:03Z,,low,account_issue,open,
TICK000274,CUST00820,2026-01-06T23:29:30Z,,low,delivery_delay,in_progress,
TICK000275,CUST00411,2026-04-19T04:20:02Z,2026-04-19T10:20:02Z,critical,product_question,resolved,5
TICK000276,CUST00733,2026-04-15T05:15:59Z,,critical,account_issue,in_progress,
TICK000277,CUST00625,2026-01-23T11:42:14Z,,medium,account_issue,open,
TICK000278,CUST00657,2026-01-28T10:10:03Z,,low,product_question,open,
TICK000279,CUST00637,2026-04-23T01:47:27Z,2026-04-25T11:47:27Z,medium,delivery_delay,closed,2
TICK000280,CUST00686,2026-01-07T08:30:42Z,2026-01-11T17:30:42Z,medium,technical_support,resolved,4
TICK000281,CUST00362,2026-02-15T05:23:53Z,,critical,payment_issue,open,
TICK000282,CUST00046,2026-04-25T14:31:48Z,2026-04-26T22:31:48Z,critical,delivery_delay,closed,4
TICK000283,CUST00732,2026-05-05T13:35:54Z,,medium,technical_support,open,
TICK000284,CUST00057,2026-02-18T17:31:46Z,,critical,product_question,in_progress,
TICK000285,CUST00330,2026-01-22T21:02:25Z,2026-01-24T21:02:25Z,critical,product_question,resolved,2
TICK000286,CUST00630,2026-05-19T18:29:59Z,,critical,product_question,in_progress,
TICK000287,CUST00375,2026-02-23T15:38:45Z,,critical,technical_support,in_progress,
TICK000288,CUST00624,2026-02-27T00:07:07Z,,critical,payment_issue,open,
TICK000289,CUST00733,2026-02-14T03:11:51Z,,medium,account_issue,open,
TICK000290,CUST00231,2026-01-01T10:15:06Z,2026-01-05T00:15:06Z,low,product_question,resolved,5
TICK000291,CUST00017,2026-03-19T20:39:10Z,2026-03-20T14:39:10Z,high,delivery_delay,resolved,4
TICK000292,CUST00798,2026-04-01T23:08:12Z,,low,technical_support,open,
TICK000293,CUST00754,2026-05-18T04:56:20Z,2026-05-19T05:56:20Z,critical,technical_support,closed,3
TICK000294,CUST00868,2026-04-18T19:13:02Z,,high,refund_request,in_progress,
TICK000295,CUST00238,2026-03-24T20:10:58Z,,critical,account_issue,in_progress,
TICK000296,CUST00826,2026-01-13T21:12:12Z,2026-01-16T03:12:12Z,low,technical_support,closed,5
TICK000297,CUST00584,2026-04-25T02:01:10Z,2026-04-26T21:01:10Z,high,account_issue,resolved,4
TICK000298,CUST00719,2026-05-14T10:31:06Z,,critical,technical_support,in_progress,
TICK000299,CUST00042,2026-03-13T09:33:06Z,,medium,delivery_delay,in_progress,
TICK000300,CUST00179,2026-04-18T17:59:05Z,2026-04-22T20:59:05Z,medium,product_question,closed,2
TICK000301,CUST00085,2026-01-02T07:33:26Z,,critical,product_question,in_progress,
TICK000302,CUST00153,2026-04-26T02:35:23Z,2026-04-26T22:35:23Z,high,refund_request,closed,3
TICK000303,CUST00795,2026-04-22T10:31:27Z,,low,refund_request,in_progress,
TICK000304,CUST00177,2026-04-13T04:50:27Z,,medium,payment_issue,open,
TICK000305,CUST00396,2026-02-14T05:29:53Z,2026-02-15T12:29:53Z,medium,account_issue,resolved,2
TICK000306,CUST00277,2026-04-12T12:52:44Z,,high,technical_support,in_progress,
TICK000307,CUST00378,2026-01-25T14:21:31Z,2026-01-26T11:21:31Z,high,delivery_delay,resolved,2
TICK000308,CUST00756,2026-04-01T03:23:30Z,2026-04-01T10:23:30Z,high,account_issue,closed,1
TICK000309,CUST00785,2026-03-24T19:22:03Z,,low,technical_support,in_progress,
TICK000310,CUST00063,2026-03-25T19:11:44Z,2026-03-26T01:11:44Z,critical,payment_issue,resolved,4
TICK000311,CUST00252,2026-05-09T11:08:16Z,,low,delivery_delay,open,
TICK000312,CUST00294,2026-03-13T04:47:39Z,2026-03-13T12:47:39Z,high,refund_request,resolved,3
TICK000313,CUST00453,2026-04-19T06:55:23Z,2026-04-23T07:55:23Z,low,refund_request,resolved,3
TICK000314,CUST00921,2026-01-21T19:19:06Z,2026-01-23T11:19:06Z,critical,account_issue,closed,3
TICK000315,CUST00560,2026-04-08T06:17:14Z,2026-04-08T10:17:14Z,high,product_question,closed,1
TICK000316,CUST00949,2026-04-06T18:12:01Z,2026-04-08T09:12:01Z,high,payment_issue,closed,4
TICK000317,CUST00559,2026-01-11T15:50:11Z,,medium,refund_request,open,
TICK000318,CUST00972,2026-02-27T19:39:45Z,2026-03-01T20:39:45Z,low,delivery_delay,closed,5
TICK000319,CUST00584,2026-05-03T23:49:28Z,,high,payment_issue,open,
TICK000320,CUST00757,2026-05-15T14:35:43Z,,critical,product_question,in_progress,
TICK000321,CUST00301,2026-03-19T09:13:55Z,,medium,product_question,in_progress,
TICK000322,CUST00908,2026-04-09T04:16:22Z,,medium,refund_request,in_progress,
TICK000323,CUST00200,2026-03-01T17:37:10Z,,high,refund_request,in_progress,
TICK000324,CUST00361,2026-03-17T22:47:48Z,2026-03-19T06:47:48Z,high,technical_support,resolved,5
TICK000325,CUST00855,2026-05-20T19:36:09Z,2026-05-22T05:36:09Z,critical,account_issue,resolved,3
TICK000326,CUST00952,2026-02-16T05:59:00Z,2026-02-16T18:59:00Z,critical,account_issue,closed,2
TICK000327,CUST00397,2026-05-12T17:54:20Z,2026-05-14T00:54:20Z,critical,account_issue,closed,5
TICK000328,CUST00583,2026-01-29T07:18:15Z,2026-01-29T17:18:15Z,high,payment_issue,resolved,3
TICK000329,CUST00294,2026-03-31T10:19:19Z,,critical,delivery_delay,in_progress,
TICK000330,CUST00282,2026-01-02T18:05:24Z,2026-01-03T18:05:24Z,high,payment_issue,closed,3
TICK000331,CUST00309,2026-03-29T09:43:05Z,,medium,delivery_delay,open,
TICK000332,CUST00487,2026-05-07T21:09:52Z,2026-05-09T10:09:52Z,critical,product_question,resolved,2
TICK000333,CUST00094,2026-03-09T00:25:44Z,2026-03-10T12:25:44Z,critical,product_question,closed,5
TICK000334,CUST00494,2026-01-01T16:47:47Z,2026-01-04T12:47:47Z,medium,refund_request,closed,3
TICK000335,CUST00312,2026-03-15T13:11:13Z,,medium,delivery_delay,open,
TICK000336,CUST00023,2026-03-19T11:34:54Z,,high,technical_support,open,
TICK000337,CUST00263,2026-01-21T04:43:49Z,2026-01-21T23:43:49Z,high,technical_support,resolved,5
TICK000338,CUST00545,2026-04-23T21:23:25Z,,medium,account_issue,open,
TICK000339,CUST00061,2026-05-13T22:07:37Z,,critical,technical_support,in_progress,
TICK000340,CUST00943,2026-01-29T18:50:20Z,,low,technical_support,open,
TICK000341,CUST00932,2026-02-23T01:35:49Z,2026-02-24T04:35:49Z,critical,product_question,resolved,4
TICK000342,CUST00773,2026-03-01T06:37:48Z,,critical,product_question,open,
TICK000343,CUST00470,2026-04-25T12:15:40Z,,critical,delivery_delay,open,
TICK000344,CUST00920,2026-03-08T10:49:41Z,,low,account_issue,open,
TICK000345,CUST00214,2026-04-14T06:05:16Z,,low,payment_issue,in_progress,
TICK000346,CUST00431,2026-03-07T16:39:09Z,,critical,product_question,in_progress,
TICK000347,CUST00762,2026-04-12T21:28:24Z,2026-04-13T19:28:24Z,critical,refund_request,resolved,4
TICK000348,CUST00756,2026-04-02T21:11:26Z,,low,technical_support,open,
TICK000349,CUST00144,2026-04-27T20:52:29Z,2026-04-29T01:52:29Z,medium,refund_request,closed,5
TICK000350,CUST00881,2026-05-03T10:35:24Z,2026-05-04T08:35:24Z,low,technical_support,resolved,3
TICK000351,CUST00660,2026-01-23T21:18:01Z,,critical,technical_support,in_progress,
TICK000352,CUST00286,2026-05-14T18:24:11Z,,high,refund_request,in_progress,
TICK000353,CUST00231,2026-03-29T07:21:03Z,2026-03-30T09:21:03Z,critical,account_issue,resolved,1
TICK000354,CUST00657,2026-04-18T03:51:08Z,,low,delivery_delay,in_progress,
TICK000355,CUST00953,2026-01-30T06:23:34Z,2026-01-30T23:23:34Z,high,product_question,resolved,3
TICK000356,CUST00217,2026-05-02T12:13:59Z,2026-05-02T15:13:59Z,critical,technical_support,resolved,2
TICK000357,CUST00548,2026-05-09T05:05:16Z,,high,payment_issue,open,
TICK000358,CUST00880,2026-01-04T18:24:42Z,2026-01-06T02:24:42Z,medium,refund_request,closed,3
TICK000359,CUST00912,2026-01-04T19:55:49Z,2026-01-06T04:55:49Z,low,payment_issue,resolved,3
TICK000360,CUST00609,2026-02-01T08:13:18Z,,critical,technical_support,in_progress,
TICK000361,CUST00235,2026-04-21T01:21:12Z,2026-04-21T04:21:12Z,critical,payment_issue,resolved,3
TICK000362,CUST00980,2026-02-25T12:07:43Z,2026-02-27T09:07:43Z,critical,delivery_delay,resolved,4
TICK000363,CUST00787,2026-02-17T03:26:01Z,,low,account_issue,open,
TICK000364,CUST00158,2026-02-10T00:14:08Z,2026-02-10T13:14:08Z,critical,payment_issue,resolved,2
TICK000365,CUST00151,2026-03-06T14:13:35Z,,high,delivery_delay,in_progress,
TICK000366,CUST00662,2026-01-02T20:29:06Z,,low,account_issue,in_progress,
TICK000367,CUST00183,2026-02-13T15:58:41Z,,critical,refund_request,open,
TICK000368,CUST00662,2026-01-19T17:41:22Z,,critical,delivery_delay,in_progress,
TICK000369,CUST00222,2026-02-08T12:21:46Z,2026-02-11T22:21:46Z,low,delivery_delay,closed,3
TICK000370,CUST00118,2026-02-05T03:09:12Z,2026-02-06T16:09:12Z,low,delivery_delay,resolved,3
TICK000371,CUST00967,2026-04-29T12:21:42Z,2026-05-02T09:21:42Z,medium,product_question,resolved,5
TICK000372,CUST00150,2026-01-01T05:05:11Z,2026-01-04T03:05:11Z,low,payment_issue,closed,5
TICK000373,CUST00588,2026-01-12T13:37:17Z,2026-01-14T05:37:17Z,high,refund_request,closed,2
TICK000374,CUST00626,2026-04-29T19:33:09Z,,critical,delivery_delay,open,
TICK000375,CUST00147,2026-04-08T05:24:24Z,2026-04-09T07:24:24Z,high,technical_support,resolved,1
TICK000376,CUST00432,2026-01-17T09:40:11Z,2026-01-21T18:40:11Z,medium,delivery_delay,resolved,2
TICK000377,CUST00015,2026-01-18T09:56:02Z,2026-01-18T21:56:02Z,high,technical_support,resolved,5
TICK000378,CUST00015,2026-04-12T21:33:21Z,2026-04-13T17:33:21Z,high,refund_request,resolved,1
TICK000379,CUST00046,2026-02-08T13:41:22Z,2026-02-10T14:41:22Z,low,account_issue,resolved,1
TICK000380,CUST00541,2026-05-19T14:39:07Z,,medium,payment_issue,open,
TICK000381,CUST00086,2026-03-04T02:59:15Z,,high,delivery_delay,open,
TICK000382,CUST00600,2026-02-07T06:30:24Z,2026-02-07T14:30:24Z,high,delivery_delay,resolved,2
TICK000383,CUST00385,2026-01-15T10:46:05Z,,medium,delivery_delay,open,
TICK000384,CUST00004,2026-04-09T12:43:02Z,2026-04-10T21:43:02Z,critical,payment_issue,closed,2
TICK000385,CUST00400,2026-03-01T05:35:49Z,,high,account_issue,in_progress,
TICK000386,CUST00834,2026-04-12T14:14:51Z,,medium,refund_request,open,
TICK000387,CUST00240,2026-04-28T19:26:02Z,,high,product_question,in_progress,
TICK000388,CUST00874,2026-03-31T19:12:22Z,,medium,account_issue,in_progress,
TICK000389,CUST00863,2026-03-26T14:57:22Z,,high,payment_issue,open,
TICK000390,CUST00054,2026-03-12T13:31:57Z,2026-03-13T02:31:57Z,critical,refund_request,resolved,2
TICK000391,CUST00112,2026-03-02T18:58:36Z,2026-03-03T23:58:36Z,medium,refund_request,closed,5
TICK000392,CUST00589,2026-04-17T18:49:25Z,,critical,delivery_delay,open,
TICK000393,CUST00250,2026-02-25T08:36:25Z,,high,technical_support,in_progress,
TICK000394,CUST00468,2026-03-20T20:10:20Z,2026-03-22T03:10:20Z,high,account_issue,closed,1
TICK000395,CUST00280,2026-04-29T05:04:28Z,2026-04-30T00:04:28Z,high,product_question,closed,2
TICK000396,CUST00351,2026-02-12T22:28:25Z,2026-02-13T13:28:25Z,critical,technical_support,closed,4
TICK000397,CUST00794,2026-01-25T09:16:16Z,2026-01-26T20:16:16Z,low,account_issue,resolved,3
TICK000398,CUST00689,2026-01-01T20:02:18Z,,high,payment_issue,in_progress,
TICK000399,CUST00107,2026-03-16T22:10:59Z,2026-03-20T10:10:59Z,low,delivery_delay,closed,1
TICK000400,CUST00744,2026-02-13T19:39:19Z,2026-02-15T10:39:19Z,critical,payment_issue,closed,2
TICK000401,CUST00735,2026-04-26T07:29:34Z,,low,refund_request,in_progress,
TICK000402,CUST00108,2026-04-24T12:43:45Z,2026-04-26T00:43:45Z,low,delivery_delay,resolved,5
TICK000403,CUST00944,2026-05-08T14:12:35Z,,medium,payment_issue,in_progress,
TICK000404,CUST00557,2026-03-17T12:13:47Z,,medium,delivery_delay,in_progress,
TICK000405,CUST00360,2026-04-12T10:30:22Z,2026-04-13T07:30:22Z,high,technical_support,resolved,1
TICK000406,CUST00503,2026-04-28T15:34:49Z,,critical,product_question,open,
TICK000407,CUST00089,2026-05-02T09:11:19Z,2026-05-04T05:11:19Z,medium,product_question,resolved,4
TICK000408,CUST00594,2026-03-15T16:34:32Z,,medium,refund_request,in_progress,
TICK000409,CUST00388,2026-05-17T02:39:49Z,2026-05-17T13:39:49Z,critical,account_issue,closed,3
TICK000410,CUST00574,2026-03-09T06:10:05Z,,medium,refund_request,in_progress,
TICK000411,CUST00999,2026-03-13T20:39:54Z,,critical,account_issue,in_progress,
TICK000412,CUST00547,2026-02-14T15:58:36Z,,critical,payment_issue,open,
TICK000413,CUST00953,2026-03-12T23:33:00Z,,high,account_issue,open,
TICK000414,CUST00966,2026-03-17T14:04:31Z,,medium,product_question,in_progress,
TICK000415,CUST00824,2026-04-17T16:06:59Z,2026-04-18T17:06:59Z,high,delivery_delay,resolved,3
TICK000416,CUST00245,2026-02-02T21:37:21Z,2026-02-04T03:37:21Z,low,refund_request,resolved,1
TICK000417,CUST00596,2026-04-18T09:01:09Z,,critical,payment_issue,in_progress,
TICK000418,CUST00333,2026-05-12T10:20:55Z,,medium,delivery_delay,in_progress,
TICK000419,CUST00009,2026-05-11T14:19:13Z,2026-05-12T13:19:13Z,high,technical_support,resolved,1
TICK000420,CUST00032,2026-02-10T02:09:58Z,,medium,technical_support,in_progress,
TICK000421,CUST00729,2026-01-29T17:45:50Z,,critical,account_issue,in_progress,
TICK000422,CUST00726,2026-02-21T01:43:25Z,2026-02-21T22:43:25Z,critical,product_question,resolved,1
TICK000423,CUST00044,2026-01-26T05:34:38Z,2026-01-26T20:34:38Z,critical,technical_support,resolved,1
TICK000424,CUST00254,2026-05-16T21:49:22Z,,high,technical_support,open,
TICK000425,CUST00111,2026-05-12T12:21:13Z,2026-05-13T17:21:13Z,medium,refund_request,resolved,2
TICK000426,CUST00631,2026-04-28T15:50:02Z,2026-04-28T23:50:02Z,high,refund_request,closed,5
TICK000427,CUST00890,2026-04-09T19:08:40Z,,critical,refund_request,in_progress,
TICK000428,CUST00187,2026-03-03T07:12:09Z,2026-03-04T02:12:09Z,medium,technical_support,closed,1
TICK000429,CUST00092,2026-01-09T01:09:22Z,,critical,product_question,in_progress,
TICK000430,CUST00526,2026-01-17T10:48:12Z,2026-01-18T06:48:12Z,high,product_question,resolved,4
TICK000431,CUST00317,2026-01-29T23:39:40Z,2026-01-31T16:39:40Z,critical,technical_support,resolved,4
TICK000432,CUST00837,2026-03-25T17:19:15Z,2026-03-26T22:19:15Z,critical,refund_request,resolved,4
TICK000433,CUST00974,2026-04-06T20:42:51Z,2026-04-10T00:42:51Z,medium,product_question,closed,5
TICK000434,CUST00842,2026-04-24T21:51:35Z,,low,refund_request,open,
TICK000435,CUST00844,2026-02-10T13:26:20Z,2026-02-15T13:26:20Z,medium,refund_request,closed,5
TICK000436,CUST00481,2026-05-12T13:46:35Z,,critical,account_issue,in_progress,
TICK000437,CUST00204,2026-01-20T05:35:44Z,,high,technical_support,open,
TICK000438,CUST00072,2026-04-20T04:58:04Z,,low,technical_support,in_progress,
TICK000439,CUST00260,2026-04-21T12:30:02Z,2026-04-22T23:30:02Z,critical,refund_request,closed,3
TICK000440,CUST00923,2026-03-25T01:08:40Z,2026-03-26T15:08:40Z,high,delivery_delay,closed,2
TICK000441,CUST00747,2026-03-27T12:04:26Z,2026-03-29T12:04:26Z,medium,product_question,closed,3
TICK000442,CUST00981,2026-05-24T16:12:09Z,,critical,refund_request,open,
TICK000443,CUST00407,2026-05-03T21:47:04Z,2026-05-08T08:47:04Z,low,technical_support,resolved,4
TICK000444,CUST00114,2026-01-03T01:07:41Z,2026-01-04T01:07:41Z,high,refund_request,resolved,5
TICK000445,CUST00907,2026-01-23T21:50:41Z,2026-01-25T12:50:41Z,high,product_question,resolved,1
TICK000446,CUST00625,2026-01-12T20:38:33Z,2026-01-17T17:38:33Z,medium,product_question,closed,4
TICK000447,CUST00404,2026-05-15T21:59:14Z,,critical,account_issue,in_progress,
TICK000448,CUST00177,2026-04-22T12:20:07Z,2026-04-23T01:20:07Z,high,technical_support,resolved,5
TICK000449,CUST00239,2026-01-30T20:55:47Z,,critical,product_question,open,
TICK000450,CUST00996,2026-01-13T18:06:17Z,2026-01-15T02:06:17Z,medium,product_question,resolved,2
TICK000451,CUST00614,2026-04-13T08:37:27Z,2026-04-14T02:37:27Z,high,payment_issue,closed,1
TICK000452,CUST00831,2026-03-16T11:18:21Z,2026-03-16T17:18:21Z,medium,product_question,closed,3
TICK000453,CUST00733,2026-04-27T17:22:27Z,,high,refund_request,in_progress,
TICK000454,CUST00333,2026-05-06T04:19:07Z,,low,refund_request,open,
TICK000455,CUST00440,2026-02-04T14:28:54Z,,high,account_issue,open,
TICK000456,CUST00795,2026-04-21T10:58:15Z,,medium,delivery_delay,open,
TICK000457,CUST00810,2026-04-06T05:36:25Z,2026-04-07T02:36:25Z,critical,refund_request,closed,3
TICK000458,CUST00146,2026-01-06T07:55:33Z,,high,account_issue,in_progress,
TICK000459,CUST00257,2026-04-12T02:50:30Z,2026-04-14T11:50:30Z,low,refund_request,resolved,3
TICK000460,CUST00899,2026-02-14T11:06:41Z,,low,account_issue,in_progress,
TICK000461,CUST00225,2026-01-10T02:48:09Z,2026-01-10T17:48:09Z,low,refund_request,resolved,3
TICK000462,CUST00701,2026-04-12T13:59:35Z,2026-04-13T07:59:35Z,medium,refund_request,resolved,4
TICK000463,CUST00803,2026-01-25T21:34:43Z,,high,product_question,in_progress,
TICK000464,CUST00475,2026-01-03T21:53:57Z,,low,delivery_delay,open,
TICK000465,CUST00678,2026-02-10T01:18:50Z,2026-02-11T12:18:50Z,high,product_question,resolved,5
TICK000466,CUST00629,2026-03-25T07:17:56Z,2026-03-25T08:17:56Z,low,product_question,resolved,3
TICK000467,CUST00373,2026-04-21T01:24:42Z,,high,refund_request,open,
TICK000468,CUST00977,2026-02-09T08:09:38Z,2026-02-09T13:09:38Z,high,delivery_delay,resolved,2
TICK000469,CUST00339,2026-03-07T00:56:37Z,2026-03-07T09:56:37Z,high,refund_request,closed,2
TICK000470,CUST00411,2026-04-24T22:41:25Z,2026-04-25T22:41:25Z,medium,technical_support,closed,1
TICK000471,CUST00690,2026-03-14T21:34:33Z,2026-03-16T06:34:33Z,high,refund_request,closed,5
TICK000472,CUST00385,2026-03-26T00:18:07Z,,medium,product_question,open,
TICK000473,CUST00490,2026-03-23T11:36:16Z,,critical,delivery_delay,in_progress,
TICK000474,CUST00035,2026-01-31T12:52:18Z,2026-02-04T06:52:18Z,medium,product_question,closed,4
TICK000475,CUST00552,2026-01-30T23:54:39Z,,medium,delivery_delay,in_progress,
TICK000476,CUST00814,2026-03-04T13:58:37Z,,high,payment_issue,open,
TICK000477,CUST00904,2026-02-16T10:39:58Z,2026-02-16T19:39:58Z,high,product_question,resolved,2
TICK000478,CUST00526,2026-01-09T01:14:19Z,,low,payment_issue,in_progress,
TICK000479,CUST00876,2026-04-27T17:10:55Z,,high,technical_support,open,
TICK000480,CUST00005,2026-02-06T20:05:51Z,2026-02-08T13:05:51Z,low,technical_support,closed,3
TICK000481,CUST00676,2026-01-01T19:48:07Z,,critical,delivery_delay,in_progress,
TICK000482,CUST00127,2026-01-20T04:07:45Z,,critical,technical_support,in_progress,
TICK000483,CUST00371,2026-02-20T13:48:42Z,,critical,account_issue,open,
TICK000484,CUST00953,2026-04-30T12:15:21Z,2026-05-02T20:15:21Z,medium,delivery_delay,closed,5
TICK000485,CUST00188,2026-01-05T16:05:41Z,,low,payment_issue,open,
TICK000486,CUST00549,2026-04-07T22:19:45Z,2026-04-10T10:19:45Z,medium,technical_support,resolved,1
TICK000487,CUST00184,2026-02-03T05:02:38Z,,low,account_issue,open,
TICK000488,CUST00317,2026-04-29T01:36:25Z,,low,product_question,in_progress,
TICK000489,CUST00878,2026-02-13T14:06:39Z,2026-02-15T10:06:39Z,high,payment_issue,closed,4
TICK000490,CUST00906,2026-04-12T08:52:57Z,,medium,product_question,in_progress,
TICK000491,CUST00768,2026-04-12T09:28:32Z,,low,product_question,open,
TICK000492,CUST00647,2026-01-22T07:46:16Z,2026-01-23T01:46:16Z,low,technical_support,closed,1
TICK000493,CUST00434,2026-01-18T17:12:52Z,2026-01-22T02:12:52Z,low,product_question,resolved,3
TICK000494,CUST00338,2026-02-10T02:08:36Z,2026-02-14T18:08:36Z,low,account_issue,resolved,5
TICK000495,CUST00224,2026-01-13T15:37:12Z,2026-01-15T21:37:12Z,low,product_question,resolved,3
TICK000496,CUST00904,2026-01-22T11:47:36Z,,low,product_question,open,
TICK000497,CUST00825,2026-03-17T14:25:20Z,,critical,refund_request,open,
TICK000498,CUST00059,2026-01-01T03:54:07Z,2026-01-02T18:54:07Z,medium,product_question,closed,2
TICK000499,CUST00176,2026-02-24T23:38:02Z,,critical,product_question,open,
TICK000500,CUST00002,2026-05-24T23:07:49Z,,critical,payment_issue,open,
TICK000501,CUST00759,2026-01-14T03:49:24Z,2026-01-15T16:49:24Z,high,product_question,resolved,5
TICK000502,CUST00784,2026-03-26T10:29:36Z,2026-03-27T16:29:36Z,high,delivery_delay,closed,1
TICK000503,CUST00384,2026-02-23T22:01:52Z,,medium,technical_support,in_progress,
TICK000504,CUST00831,2026-04-15T01:26:18Z,2026-04-18T12:26:18Z,medium,account_issue,closed,2
TICK000505,CUST00599,2026-01-19T18:38:57Z,,high,payment_issue,in_progress,
TICK000506,CUST00013,2026-01-14T16:33:02Z,,critical,refund_request,in_progress,
TICK000507,CUST00136,2026-03-11T04:31:52Z,2026-03-12T16:31:52Z,critical,delivery_delay,closed,2
TICK000508,CUST00385,2026-02-07T01:12:37Z,,medium,payment_issue,in_progress,
TICK000509,CUST00894,2026-01-21T23:19:04Z,2026-01-23T20:19:04Z,critical,product_question,resolved,2
TICK000510,CUST00377,2026-02-07T13:26:08Z,,medium,delivery_delay,in_progress,
TICK000511,CUST00266,2026-01-24T12:43:55Z,2026-01-25T01:43:55Z,high,refund_request,closed,4
TICK000512,CUST00660,2026-02-23T03:00:35Z,2026-02-23T09:00:35Z,critical,refund_request,closed,1
TICK000513,CUST00550,2026-05-24T03:53:26Z,,medium,refund_request,open,
TICK000514,CUST00748,2026-03-27T11:20:04Z,,medium,technical_support,in_progress,
TICK000515,CUST00498,2026-02-26T23:25:46Z,,high,refund_request,in_progress,
TICK000516,CUST00905,2026-05-19T18:11:38Z,2026-05-22T03:11:38Z,low,product_question,resolved,4
TICK000517,CUST00117,2026-03-30T02:20:05Z,2026-03-30T21:20:05Z,critical,product_question,resolved,2
TICK000518,CUST00688,2026-04-14T22:35:28Z,2026-04-16T17:35:28Z,high,delivery_delay,closed,3
TICK000519,CUST00809,2026-04-05T11:38:13Z,2026-04-05T19:38:13Z,high,technical_support,closed,2
TICK000520,CUST00872,2026-03-02T03:24:45Z,2026-03-06T23:24:45Z,medium,refund_request,resolved,3
TICK000521,CUST00602,2026-02-01T10:34:56Z,,low,refund_request,open,
TICK000522,CUST00525,2026-02-10T18:40:12Z,2026-02-12T13:40:12Z,high,delivery_delay,closed,2
TICK000523,CUST00151,2026-01-15T21:25:25Z,2026-01-18T17:25:25Z,low,payment_issue,closed,1
TICK000524,CUST00778,2026-03-29T05:11:36Z,2026-03-30T00:11:36Z,high,refund_request,resolved,2
TICK000525,CUST00678,2026-01-13T05:59:31Z,,high,refund_request,in_progress,
TICK000526,CUST00958,2026-03-06T13:32:26Z,2026-03-08T10:32:26Z,medium,payment_issue,resolved,3
TICK000527,CUST00015,2026-04-21T23:50:56Z,,critical,refund_request,in_progress,
TICK000528,CUST00934,2026-03-05T02:42:16Z,,critical,delivery_delay,open,
TICK000529,CUST00179,2026-02-07T10:24:05Z,2026-02-08T13:24:05Z,critical,account_issue,closed,3
TICK000530,CUST00641,2026-03-22T07:00:39Z,,critical,refund_request,open,
TICK000531,CUST00157,2026-04-25T03:13:24Z,2026-04-29T22:13:24Z,low,refund_request,resolved,3
TICK000532,CUST00521,2026-03-09T21:39:16Z,,critical,payment_issue,in_progress,
TICK000533,CUST00389,2026-04-03T17:00:54Z,,medium,refund_request,open,
TICK000534,CUST00776,2026-04-22T22:14:16Z,,high,payment_issue,open,
TICK000535,CUST00938,2026-01-30T04:45:25Z,2026-02-01T04:45:25Z,high,technical_support,resolved,3
TICK000536,CUST00400,2026-04-23T07:12:01Z,,critical,payment_issue,open,
TICK000537,CUST00766,2026-05-21T23:32:09Z,2026-05-23T16:32:09Z,high,payment_issue,closed,5
TICK000538,CUST00802,2026-04-22T20:28:33Z,,low,technical_support,in_progress,
TICK000539,CUST00378,2026-04-29T04:45:34Z,,low,account_issue,open,
TICK000540,CUST00899,2026-02-04T05:34:55Z,2026-02-08T14:34:55Z,low,payment_issue,closed,1
TICK000541,CUST00765,2026-02-23T15:05:36Z,2026-02-25T09:05:36Z,medium,delivery_delay,closed,2
TICK000542,CUST00582,2026-03-12T07:49:19Z,2026-03-16T01:49:19Z,low,technical_support,resolved,4
TICK000543,CUST00514,2026-05-06T21:33:04Z,2026-05-07T14:33:04Z,medium,technical_support,resolved,4
TICK000544,CUST00753,2026-03-22T16:59:48Z,2026-03-24T02:59:48Z,high,delivery_delay,resolved,4
TICK000545,CUST00465,2026-02-11T14:47:10Z,2026-02-12T07:47:10Z,critical,product_question,resolved,1
TICK000546,CUST00882,2026-05-12T21:01:22Z,,medium,technical_support,in_progress,
TICK000547,CUST00751,2026-01-07T00:21:27Z,2026-01-08T02:21:27Z,high,product_question,resolved,3
TICK000548,CUST00095,2026-02-07T15:08:37Z,,medium,technical_support,open,
TICK000549,CUST00606,2026-04-24T14:06:33Z,,low,payment_issue,in_progress,
TICK000550,CUST00667,2026-04-15T13:39:05Z,,high,payment_issue,in_progress,
TICK000551,CUST00091,2026-01-09T03:23:40Z,,low,payment_issue,in_progress,
TICK000552,CUST00621,2026-01-18T10:15:08Z,,high,product_question,in_progress,
TICK000553,CUST00839,2026-03-05T12:01:25Z,,low,refund_request,open,
TICK000554,CUST00096,2026-03-13T23:14:43Z,,low,delivery_delay,in_progress,
TICK000555,CUST00440,2026-01-24T14:21:49Z,,high,product_question,open,
TICK000556,CUST00940,2026-04-26T08:03:38Z,2026-04-28T08:03:38Z,low,refund_request,resolved,1
TICK000557,CUST00498,2026-04-01T17:52:50Z,2026-04-04T23:52:50Z,low,payment_issue,resolved,4
TICK000558,CUST00254,2026-05-02T07:18:53Z,,low,delivery_delay,in_progress,
TICK000559,CUST00749,2026-01-10T04:15:53Z,,low,account_issue,in_progress,
TICK000560,CUST00769,2026-05-12T05:05:53Z,,critical,product_question,in_progress,
TICK000561,CUST00285,2026-05-04T16:23:01Z,,low,technical_support,open,
TICK000562,CUST00394,2026-02-14T00:53:42Z,,high,product_question,open,
TICK000563,CUST00967,2026-04-05T16:26:57Z,2026-04-06T06:26:57Z,high,product_question,resolved,2
TICK000564,CUST00228,2026-05-04T22:51:14Z,,medium,technical_support,in_progress,
TICK000565,CUST00439,2026-04-06T10:01:33Z,2026-04-08T18:01:33Z,low,payment_issue,resolved,4
TICK000566,CUST00372,2026-05-21T17:27:49Z,,critical,delivery_delay,open,
TICK000567,CUST00288,2026-04-28T11:08:51Z,,medium,product_question,in_progress,
TICK000568,CUST00214,2026-03-17T15:41:36Z,,medium,account_issue,in_progress,
TICK000569,CUST00291,2026-03-09T06:48:38Z,2026-03-13T16:48:38Z,low,payment_issue,closed,5
TICK000570,CUST00120,2026-01-03T21:12:07Z,,high,product_question,in_progress,
TICK000571,CUST00323,2026-04-27T05:47:19Z,,critical,account_issue,in_progress,
TICK000572,CUST00981,2026-05-18T19:38:38Z,,medium,payment_issue,in_progress,
TICK000573,CUST00052,2026-04-19T01:37:57Z,2026-04-21T19:37:57Z,low,account_issue,closed,2
TICK000574,CUST00615,2026-03-06T19:01:17Z,2026-03-08T18:01:17Z,high,delivery_delay,closed,2
TICK000575,CUST00574,2026-01-16T23:16:01Z,2026-01-18T05:16:01Z,low,refund_request,closed,2
TICK000576,CUST00286,2026-01-02T15:33:00Z,,medium,delivery_delay,in_progress,
TICK000577,CUST00512,2026-04-03T09:14:38Z,2026-04-08T04:14:38Z,medium,account_issue,resolved,2
TICK000578,CUST00755,2026-01-02T06:49:23Z,2026-01-05T04:49:23Z,medium,delivery_delay,closed,5
TICK000579,CUST00688,2026-03-26T22:51:33Z,,medium,account_issue,in_progress,
TICK000580,CUST00479,2026-03-30T22:36:30Z,2026-04-01T21:36:30Z,critical,product_question,resolved,2
TICK000581,CUST00714,2026-02-16T16:05:01Z,,high,technical_support,open,
TICK000582,CUST00413,2026-03-07T03:59:18Z,2026-03-07T22:59:18Z,critical,product_question,closed,3
TICK000583,CUST00093,2026-04-12T22:27:03Z,,critical,product_question,open,
TICK000584,CUST00992,2026-01-04T21:46:51Z,,critical,delivery_delay,in_progress,
TICK000585,CUST00299,2026-05-24T09:32:45Z,2026-05-24T13:32:45Z,medium,product_question,closed,1
TICK000586,CUST00701,2026-05-19T06:44:46Z,,low,payment_issue,open,
TICK000587,CUST00300,2026-01-17T19:19:56Z,2026-01-19T05:19:56Z,critical,account_issue,resolved,4
TICK000588,CUST00782,2026-04-26T10:53:15Z,2026-04-28T03:53:15Z,high,technical_support,resolved,1
TICK000589,CUST00642,2026-03-03T19:24:11Z,,low,payment_issue,in_progress,
TICK000590,CUST00328,2026-01-01T01:13:12Z,,medium,technical_support,in_progress,
TICK000591,CUST00083,2026-02-01T15:11:34Z,,high,technical_support,open,
TICK000592,CUST00246,2026-02-27T15:48:17Z,2026-02-27T16:48:17Z,high,payment_issue,resolved,5
TICK000593,CUST00307,2026-04-09T03:35:30Z,,high,refund_request,in_progress,
TICK000594,CUST00015,2026-04-12T10:12:59Z,2026-04-13T06:12:59Z,high,delivery_delay,closed,1
TICK000595,CUST00563,2026-02-26T21:12:36Z,2026-03-02T19:12:36Z,low,product_question,resolved,1
TICK000596,CUST00651,2026-03-02T20:23:30Z,,critical,technical_support,open,
TICK000597,CUST00223,2026-04-25T08:01:09Z,,low,delivery_delay,open,
TICK000598,CUST00551,2026-05-01T17:38:33Z,,medium,technical_support,open,
TICK000599,CUST00149,2026-01-26T07:37:53Z,2026-01-26T16:37:53Z,critical,payment_issue,closed,2
TICK000600,CUST00735,2026-05-16T09:15:12Z,,low,refund_request,in_progress,
TICK000601,CUST00992,2026-03-27T17:20:25Z,,medium,refund_request,in_progress,
TICK000602,CUST00370,2026-03-23T10:18:25Z,2026-03-24T18:18:25Z,critical,technical_support,resolved,2
TICK000603,CUST00959,2026-01-06T21:50:22Z,,high,technical_support,open,
TICK000604,CUST00666,2026-01-11T09:47:08Z,,high,technical_support,open,
TICK000605,CUST00106,2026-02-24T16:36:20Z,2026-02-24T20:36:20Z,critical,delivery_delay,closed,5
TICK000606,CUST00040,2026-01-10T02:54:01Z,2026-01-14T07:54:01Z,low,account_issue,closed,2
TICK000607,CUST00502,2026-03-11T10:33:42Z,2026-03-12T09:33:42Z,low,account_issue,resolved,4
TICK000608,CUST00614,2026-03-12T09:51:00Z,2026-03-13T10:51:00Z,low,delivery_delay,resolved,3
TICK000609,CUST00907,2026-04-19T19:12:24Z,2026-04-21T03:12:24Z,high,payment_issue,closed,4
TICK000610,CUST00939,2026-05-02T09:12:39Z,,critical,delivery_delay,open,
TICK000611,CUST00637,2026-02-03T02:07:55Z,,medium,technical_support,open,
TICK000612,CUST00583,2026-03-17T09:23:48Z,,high,payment_issue,in_progress,
TICK000613,CUST00320,2026-04-23T04:45:33Z,,critical,payment_issue,in_progress,
TICK000614,CUST00544,2026-03-12T04:26:30Z,,critical,refund_request,in_progress,
TICK000615,CUST00317,2026-01-31T10:01:16Z,2026-02-02T03:01:16Z,critical,technical_support,closed,4
TICK000616,CUST00445,2026-03-29T01:36:39Z,2026-03-30T02:36:39Z,high,technical_support,resolved,5
TICK000617,CUST00792,2026-01-20T23:17:18Z,2026-01-21T05:17:18Z,high,product_question,closed,1
TICK000618,CUST00859,2026-03-02T08:36:17Z,2026-03-02T22:36:17Z,high,technical_support,resolved,3
TICK000619,CUST00492,2026-01-19T14:38:26Z,2026-01-22T10:38:26Z,low,account_issue,resolved,1
TICK000620,CUST00920,2026-03-22T18:28:06Z,2026-03-24T11:28:06Z,medium,payment_issue,closed,1
TICK000621,CUST00284,2026-02-23T00:27:38Z,2026-02-25T22:27:38Z,medium,refund_request,resolved,2
TICK000622,CUST00506,2026-01-19T18:19:55Z,2026-01-20T20:19:55Z,high,technical_support,closed,2
TICK000623,CUST00832,2026-03-23T10:43:04Z,,medium,product_question,in_progress,
TICK000624,CUST00090,2026-01-17T04:33:41Z,,critical,technical_support,open,
TICK000625,CUST00818,2026-02-15T05:36:11Z,2026-02-15T11:36:11Z,high,technical_support,resolved,4
TICK000626,CUST00115,2026-01-27T18:08:25Z,,critical,delivery_delay,in_progress,
TICK000627,CUST00266,2026-02-20T18:23:13Z,,low,delivery_delay,in_progress,
TICK000628,CUST00588,2026-01-14T01:52:41Z,2026-01-14T12:52:41Z,high,product_question,resolved,5
TICK000629,CUST00690,2026-03-11T20:08:09Z,2026-03-12T20:08:09Z,high,technical_support,resolved,1
TICK000630,CUST00943,2026-05-03T02:56:21Z,2026-05-04T13:56:21Z,critical,account_issue,resolved,2
TICK000631,CUST00010,2026-03-27T15:04:42Z,,critical,account_issue,in_progress,
TICK000632,CUST00658,2026-03-03T14:55:47Z,,low,product_question,open,
TICK000633,CUST00194,2026-04-26T21:55:37Z,2026-05-01T14:55:37Z,low,delivery_delay,resolved,3
TICK000634,CUST00717,2026-03-07T11:04:33Z,2026-03-08T11:04:33Z,high,refund_request,resolved,1
TICK000635,CUST00147,2026-01-18T01:18:26Z,,critical,refund_request,open,
TICK000636,CUST00479,2026-03-31T13:08:12Z,2026-04-03T19:08:12Z,medium,delivery_delay,resolved,2
TICK000637,CUST00196,2026-01-09T13:59:32Z,2026-01-11T20:59:32Z,medium,product_question,closed,4
TICK000638,CUST00694,2026-05-12T04:29:08Z,,low,product_question,in_progress,
TICK000639,CUST00265,2026-04-28T20:52:41Z,,critical,product_question,in_progress,
TICK000640,CUST00185,2026-02-06T19:27:47Z,2026-02-07T13:27:47Z,critical,account_issue,closed,3
TICK000641,CUST00696,2026-01-03T10:59:00Z,2026-01-04T21:59:00Z,critical,delivery_delay,closed,4
TICK000642,CUST00852,2026-03-20T17:26:47Z,,critical,account_issue,open,
TICK000643,CUST00112,2026-04-17T09:38:03Z,2026-04-19T03:38:03Z,low,refund_request,resolved,3
TICK000644,CUST00037,2026-02-11T16:33:09Z,2026-02-11T17:33:09Z,critical,technical_support,resolved,4
TICK000645,CUST00292,2026-03-19T08:18:13Z,,high,delivery_delay,in_progress,
TICK000646,CUST00855,2026-02-09T13:01:36Z,,critical,refund_request,in_progress,
TICK000647,CUST00047,2026-05-11T07:52:36Z,,low,account_issue,in_progress,
TICK000648,CUST00682,2026-04-18T22:33:12Z,2026-04-20T13:33:12Z,critical,refund_request,closed,1
TICK000649,CUST00296,2026-04-11T23:17:51Z,2026-04-15T12:17:51Z,medium,delivery_delay,resolved,3
TICK000650,CUST00070,2026-01-18T13:19:10Z,2026-01-19T23:19:10Z,high,account_issue,closed,1
TICK000651,CUST00958,2026-02-25T20:21:54Z,2026-02-27T02:21:54Z,medium,account_issue,resolved,3
TICK000652,CUST00410,2026-03-02T15:45:00Z,2026-03-04T03:45:00Z,high,payment_issue,closed,2
TICK000653,CUST00178,2026-01-12T15:06:42Z,2026-01-16T00:06:42Z,medium,payment_issue,closed,1
TICK000654,CUST00251,2026-04-15T08:46:33Z,,medium,payment_issue,open,
TICK000655,CUST00907,2026-02-04T21:21:42Z,2026-02-05T06:21:42Z,medium,refund_request,closed,2
TICK000656,CUST00792,2026-04-16T07:43:55Z,2026-04-17T02:43:55Z,critical,account_issue,closed,5
TICK000657,CUST00056,2026-01-14T11:47:48Z,,critical,account_issue,in_progress,
TICK000658,CUST00225,2026-01-02T05:25:46Z,2026-01-05T19:25:46Z,medium,account_issue,closed,5
TICK000659,CUST00946,2026-03-06T21:20:28Z,2026-03-07T15:20:28Z,high,delivery_delay,resolved,2
TICK000660,CUST00098,2026-05-09T04:00:28Z,,low,product_question,open,
TICK000661,CUST00664,2026-05-08T10:26:27Z,2026-05-11T04:26:27Z,low,product_question,closed,4
TICK000662,CUST00486,2026-05-17T10:56:25Z,,high,payment_issue,in_progress,
TICK000663,CUST00293,2026-04-20T14:09:40Z,2026-04-23T22:09:40Z,low,refund_request,resolved,4
TICK000664,CUST00631,2026-04-19T17:44:35Z,2026-04-21T11:44:35Z,high,technical_support,closed,5
TICK000665,CUST00614,2026-03-06T17:23:14Z,,high,payment_issue,in_progress,
TICK000666,CUST00260,2026-01-24T22:03:20Z,,critical,payment_issue,open,
TICK000667,CUST00547,2026-01-30T20:05:29Z,2026-02-01T15:05:29Z,high,payment_issue,resolved,4
TICK000668,CUST00335,2026-04-09T01:26:51Z,,high,refund_request,open,
TICK000669,CUST00726,2026-05-09T11:35:57Z,2026-05-13T09:35:57Z,medium,delivery_delay,resolved,3
TICK000670,CUST00816,2026-01-11T19:18:48Z,,low,technical_support,open,
TICK000671,CUST00609,2026-02-08T23:15:21Z,2026-02-12T08:15:21Z,medium,payment_issue,closed,5
TICK000672,CUST00182,2026-02-05T03:39:03Z,,high,refund_request,open,
TICK000673,CUST00543,2026-01-17T17:35:55Z,,critical,payment_issue,in_progress,
TICK000674,CUST00550,2026-05-22T23:24:07Z,2026-05-25T15:24:07Z,medium,refund_request,resolved,2
TICK000675,CUST00360,2026-02-27T08:10:26Z,,critical,technical_support,open,
TICK000676,CUST00506,2026-01-20T06:42:49Z,,critical,delivery_delay,open,
TICK000677,CUST00321,2026-02-28T06:27:03Z,2026-02-28T12:27:03Z,medium,payment_issue,closed,2
TICK000678,CUST00205,2026-04-15T19:00:52Z,2026-04-17T23:00:52Z,low,product_question,resolved,2
TICK000679,CUST00799,2026-03-23T16:38:54Z,2026-03-24T13:38:54Z,high,account_issue,resolved,2
TICK000680,CUST00448,2026-02-15T02:46:35Z,,low,refund_request,in_progress,
TICK000681,CUST00539,2026-05-02T02:29:04Z,2026-05-05T11:29:04Z,low,refund_request,resolved,3
TICK000682,CUST00155,2026-04-12T23:54:43Z,2026-04-13T20:54:43Z,critical,payment_issue,resolved,3
TICK000683,CUST00653,2026-03-16T06:41:04Z,,low,product_question,open,
TICK000684,CUST00318,2026-04-24T01:35:57Z,,critical,product_question,in_progress,
TICK000685,CUST00313,2026-05-11T02:06:09Z,,high,product_question,open,
TICK000686,CUST00411,2026-02-25T18:54:13Z,,critical,account_issue,in_progress,
TICK000687,CUST00046,2026-01-08T00:14:46Z,,medium,delivery_delay,in_progress,
TICK000688,CUST00166,2026-02-06T15:49:40Z,,critical,technical_support,open,
TICK000689,CUST00988,2026-04-26T23:53:03Z,2026-04-28T10:53:03Z,critical,technical_support,closed,3
TICK000690,CUST00831,2026-03-26T07:15:34Z,,low,payment_issue,open,
TICK000691,CUST00034,2026-03-24T22:09:00Z,2026-03-25T08:09:00Z,high,refund_request,closed,5
TICK000692,CUST00595,2026-02-01T21:16:15Z,2026-02-05T05:16:15Z,medium,delivery_delay,closed,2
TICK000693,CUST00984,2026-05-16T04:38:35Z,2026-05-18T16:38:35Z,low,account_issue,closed,1
TICK000694,CUST00249,2026-04-22T01:07:10Z,,high,account_issue,open,
TICK000695,CUST00701,2026-03-08T12:22:09Z,,critical,account_issue,open,
TICK000696,CUST00448,2026-03-20T09:03:19Z,2026-03-20T23:03:19Z,critical,payment_issue,resolved,1
TICK000697,CUST00986,2026-01-05T13:07:02Z,,critical,refund_request,open,
TICK000698,CUST00670,2026-03-22T11:59:51Z,2026-03-22T18:59:51Z,low,product_question,closed,5
TICK000699,CUST00931,2026-01-21T23:48:38Z,,critical,refund_request,in_progress,
TICK000700,CUST00254,2026-05-09T13:06:46Z,2026-05-09T22:06:46Z,critical,account_issue,closed,3
TICK000701,CUST00869,2026-05-14T20:35:36Z,,high,technical_support,in_progress,
TICK000702,CUST00340,2026-05-21T20:44:49Z,,high,delivery_delay,open,
TICK000703,CUST00308,2026-05-06T03:27:59Z,2026-05-06T17:27:59Z,critical,technical_support,resolved,4
TICK000704,CUST00552,2026-05-05T00:15:17Z,2026-05-05T11:15:17Z,critical,technical_support,closed,5
TICK000705,CUST00572,2026-04-02T04:17:33Z,2026-04-02T20:17:33Z,low,technical_support,resolved,4
TICK000706,CUST00822,2026-01-31T08:02:54Z,2026-01-31T14:02:54Z,critical,product_question,closed,5
TICK000707,CUST00815,2026-05-15T02:07:05Z,2026-05-15T15:07:05Z,critical,delivery_delay,resolved,1
TICK000708,CUST00231,2026-03-08T19:11:18Z,,high,payment_issue,in_progress,
TICK000709,CUST00256,2026-02-09T03:58:19Z,2026-02-10T02:58:19Z,critical,product_question,closed,5
TICK000710,CUST00235,2026-04-05T01:20:50Z,2026-04-09T18:20:50Z,low,product_question,resolved,2
TICK000711,CUST00208,2026-05-04T09:49:52Z,2026-05-06T20:49:52Z,low,delivery_delay,closed,3
TICK000712,CUST00440,2026-02-05T19:37:38Z,,medium,account_issue,open,
TICK000713,CUST00816,2026-05-10T01:44:14Z,,high,product_question,in_progress,
TICK000714,CUST00824,2026-03-31T12:42:02Z,2026-04-01T03:42:02Z,high,refund_request,closed,3
TICK000715,CUST00261,2026-03-23T17:56:44Z,2026-03-23T18:56:44Z,critical,refund_request,resolved,2
TICK000716,CUST00635,2026-01-26T13:45:35Z,2026-01-31T13:45:35Z,medium,payment_issue,closed,3
TICK000717,CUST00598,2026-05-13T20:07:46Z,2026-05-14T14:07:46Z,high,refund_request,closed,5
TICK000718,CUST00686,2026-01-26T19:33:06Z,,low,technical_support,in_progress,
TICK000719,CUST00695,2026-03-19T17:16:38Z,2026-03-21T03:16:38Z,low,technical_support,resolved,5
TICK000720,CUST00718,2026-01-20T05:25:09Z,,high,technical_support,open,
TICK000721,CUST00972,2026-04-29T19:23:40Z,,low,technical_support,in_progress,
TICK000722,CUST00129,2026-03-26T18:34:06Z,2026-03-28T12:34:06Z,high,delivery_delay,resolved,4
TICK000723,CUST00045,2026-02-23T12:12:11Z,,critical,technical_support,open,
TICK000724,CUST00950,2026-02-24T12:56:53Z,,critical,refund_request,in_progress,
TICK000725,CUST00701,2026-05-04T21:29:43Z,,medium,account_issue,in_progress,
TICK000726,CUST00586,2026-04-07T03:15:52Z,2026-04-09T02:15:52Z,critical,payment_issue,closed,5
TICK000727,CUST00672,2026-01-24T21:36:18Z,2026-01-25T15:36:18Z,medium,account_issue,closed,5
TICK000728,CUST00404,2026-04-12T00:59:47Z,,medium,delivery_delay,in_progress,
TICK000729,CUST00676,2026-03-04T00:21:28Z,2026-03-04T15:21:28Z,critical,account_issue,closed,4
TICK000730,CUST00818,2026-04-19T20:34:19Z,2026-04-20T03:34:19Z,critical,refund_request,closed,1
TICK000731,CUST00322,2026-01-05T01:18:07Z,,low,product_question,in_progress,
TICK000732,CUST00624,2026-01-17T20:09:46Z,,medium,refund_request,in_progress,
TICK000733,CUST00157,2026-03-05T10:46:22Z,,high,delivery_delay,open,
TICK000734,CUST00999,2026-05-19T11:25:15Z,,critical,technical_support,open,
TICK000735,CUST00461,2026-03-21T01:16:29Z,,critical,delivery_delay,in_progress,
TICK000736,CUST00381,2026-04-29T06:29:48Z,2026-04-30T01:29:48Z,critical,technical_support,resolved,4
TICK000737,CUST00505,2026-04-30T17:35:18Z,2026-05-02T12:35:18Z,critical,delivery_delay,closed,5
TICK000738,CUST00738,2026-02-16T17:22:05Z,,medium,payment_issue,open,
TICK000739,CUST00842,2026-01-09T17:00:07Z,,critical,account_issue,open,
TICK000740,CUST00906,2026-01-28T16:23:17Z,,high,refund_request,in_progress,
TICK000741,CUST00633,2026-03-09T10:43:36Z,2026-03-11T05:43:36Z,high,product_question,closed,5
TICK000742,CUST00523,2026-05-17T12:22:36Z,2026-05-17T13:22:36Z,medium,payment_issue,closed,3
TICK000743,CUST00658,2026-03-14T21:50:57Z,,low,product_question,open,
TICK000744,CUST00803,2026-05-11T12:00:26Z,,medium,delivery_delay,open,
TICK000745,CUST00215,2026-01-07T12:41:00Z,2026-01-08T13:41:00Z,high,product_question,closed,5
TICK000746,CUST00716,2026-04-23T22:20:29Z,2026-04-28T05:20:29Z,low,refund_request,closed,1
TICK000747,CUST00416,2026-03-07T06:25:22Z,,high,delivery_delay,open,
TICK000748,CUST00018,2026-03-19T06:23:53Z,,high,payment_issue,open,
TICK000749,CUST00091,2026-02-07T20:00:01Z,,critical,refund_request,open,
TICK000750,CUST00961,2026-01-12T19:25:03Z,2026-01-15T11:25:03Z,low,product_question,resolved,3
TICK000751,CUST00032,2026-04-19T23:17:10Z,,medium,payment_issue,in_progress,
TICK000752,CUST00212,2026-03-29T00:57:11Z,,high,product_question,in_progress,
TICK000753,CUST00121,2026-04-06T21:00:11Z,,low,account_issue,open,
TICK000754,CUST00721,2026-04-01T04:58:09Z,2026-04-02T13:58:09Z,critical,account_issue,resolved,4
TICK000755,CUST00131,2026-05-22T10:35:13Z,,medium,delivery_delay,open,
TICK000756,CUST00453,2026-03-13T20:28:38Z,,critical,account_issue,in_progress,
TICK000757,CUST00326,2026-05-16T17:51:15Z,,low,account_issue,open,
TICK000758,CUST00534,2026-03-23T16:25:50Z,,low,technical_support,open,
TICK000759,CUST00720,2026-04-24T12:40:34Z,2026-04-24T14:40:34Z,medium,refund_request,closed,4
TICK000760,CUST00237,2026-03-07T12:24:48Z,2026-03-12T11:24:48Z,medium,product_question,closed,3
TICK000761,CUST00460,2026-04-03T02:40:42Z,,high,delivery_delay,open,
TICK000762,CUST00222,2026-03-21T02:27:14Z,2026-03-22T00:27:14Z,critical,account_issue,resolved,2
TICK000763,CUST00570,2026-02-28T20:43:45Z,,critical,delivery_delay,in_progress,
TICK000764,CUST00972,2026-05-03T18:46:16Z,2026-05-07T09:46:16Z,low,product_question,resolved,3
TICK000765,CUST00624,2026-01-01T08:10:23Z,,low,product_question,in_progress,
TICK000766,CUST00865,2026-01-25T13:29:36Z,2026-01-27T11:29:36Z,critical,technical_support,closed,5
TICK000767,CUST00745,2026-05-02T04:12:23Z,,low,account_issue,open,
TICK000768,CUST00399,2026-02-02T11:23:07Z,2026-02-02T17:23:07Z,critical,technical_support,closed,3
TICK000769,CUST00288,2026-02-28T13:14:39Z,,critical,refund_request,in_progress,
TICK000770,CUST00747,2026-01-11T16:21:33Z,2026-01-12T16:21:33Z,medium,refund_request,resolved,4
TICK000771,CUST00754,2026-05-16T19:20:52Z,2026-05-17T06:20:52Z,critical,product_question,resolved,1
TICK000772,CUST00927,2026-04-01T10:16:18Z,,low,payment_issue,in_progress,
TICK000773,CUST00375,2026-04-16T17:37:13Z,2026-04-18T15:37:13Z,critical,product_question,closed,4
TICK000774,CUST00840,2026-04-26T20:41:42Z,,medium,refund_request,open,
TICK000775,CUST00285,2026-03-24T19:16:04Z,,critical,refund_request,open,
TICK000776,CUST00401,2026-01-08T15:41:37Z,2026-01-10T14:41:37Z,critical,product_question,resolved,2
TICK000777,CUST00886,2026-05-23T18:08:20Z,2026-05-24T17:08:20Z,critical,delivery_delay,closed,5
TICK000778,CUST00514,2026-03-26T14:22:38Z,,medium,product_question,open,
TICK000779,CUST00218,2026-02-14T02:15:09Z,,low,account_issue,open,
TICK000780,CUST00500,2026-03-19T15:08:09Z,,low,account_issue,in_progress,
TICK000781,CUST00882,2026-05-06T21:35:08Z,2026-05-07T11:35:08Z,high,product_question,resolved,4
TICK000782,CUST00878,2026-03-25T12:02:35Z,2026-03-28T18:02:35Z,medium,account_issue,closed,5
TICK000783,CUST00172,2026-03-25T19:30:20Z,,critical,account_issue,in_progress,
TICK000784,CUST00696,2026-03-20T16:10:04Z,,high,refund_request,open,
TICK000785,CUST00735,2026-04-12T00:37:25Z,2026-04-13T12:37:25Z,high,product_question,closed,4
TICK000786,CUST00183,2026-01-29T06:49:58Z,,high,delivery_delay,open,
TICK000787,CUST00265,2026-02-07T19:14:44Z,,high,refund_request,open,
TICK000788,CUST00362,2026-02-21T13:51:44Z,2026-02-22T06:51:44Z,high,product_question,resolved,1
TICK000789,CUST00809,2026-03-02T12:51:44Z,,low,product_question,in_progress,
TICK000790,CUST00972,2026-04-15T13:44:13Z,,high,product_question,in_progress,
TICK000791,CUST00080,2026-01-25T08:27:14Z,,medium,product_question,open,
TICK000792,CUST00862,2026-02-19T00:37:32Z,2026-02-23T19:37:32Z,medium,delivery_delay,resolved,2
TICK000793,CUST00439,2026-02-20T04:13:42Z,2026-02-22T16:13:42Z,low,payment_issue,resolved,3
TICK000794,CUST00429,2026-01-16T14:56:30Z,,low,technical_support,in_progress,
TICK000795,CUST00359,2026-04-13T18:15:14Z,,medium,refund_request,open,
TICK000796,CUST00701,2026-04-28T11:05:45Z,,medium,product_question,open,
TICK000797,CUST00116,2026-01-30T09:38:51Z,,high,refund_request,in_progress,
TICK000798,CUST00996,2026-04-15T05:45:40Z,,low,delivery_delay,open,
TICK000799,CUST00681,2026-05-02T20:02:46Z,,high,payment_issue,in_progress,
TICK000800,CUST00108,2026-02-01T07:25:55Z,2026-02-01T21:25:55Z,critical,account_issue,resolved,5
TICK000801,CUST00656,2026-03-15T02:21:34Z,2026-03-15T07:21:34Z,high,technical_support,closed,3
TICK000802,CUST00324,2026-02-27T23:45:57Z,,low,product_question,in_progress,
TICK000803,CUST00681,2026-02-01T00:38:42Z,,low,delivery_delay,open,
TICK000804,CUST00376,2026-02-20T12:55:43Z,2026-02-21T03:55:43Z,medium,payment_issue,resolved,2
TICK000805,CUST00873,2026-02-22T01:21:13Z,,high,technical_support,in_progress,
TICK000806,CUST00376,2026-02-26T11:17:53Z,,critical,product_question,in_progress,
TICK000807,CUST00822,2026-04-27T09:43:42Z,2026-04-30T17:43:42Z,medium,technical_support,closed,5
TICK000808,CUST00006,2026-04-06T13:34:15Z,,low,account_issue,open,
TICK000809,CUST00167,2026-03-01T18:21:32Z,2026-03-04T12:21:32Z,low,delivery_delay,resolved,5
TICK000810,CUST00291,2026-05-04T15:20:28Z,,medium,payment_issue,open,
TICK000811,CUST00202,2026-03-08T17:05:49Z,,medium,refund_request,open,
TICK000812,CUST00931,2026-03-18T12:31:28Z,,high,product_question,in_progress,
TICK000813,CUST00790,2026-04-01T09:32:44Z,,high,technical_support,in_progress,
TICK000814,CUST00849,2026-02-11T09:12:21Z,,critical,refund_request,in_progress,
TICK000815,CUST00752,2026-03-20T07:34:34Z,,critical,refund_request,open,
TICK000816,CUST00176,2026-01-10T17:50:54Z,2026-01-13T14:50:54Z,low,refund_request,closed,1
TICK000817,CUST00095,2026-02-04T03:28:08Z,2026-02-05T23:28:08Z,critical,payment_issue,resolved,3
TICK000818,CUST00840,2026-05-17T08:13:11Z,2026-05-20T23:13:11Z,low,technical_support,resolved,4
TICK000819,CUST00534,2026-05-20T12:34:35Z,,high,payment_issue,open,
TICK000820,CUST00698,2026-01-09T14:42:13Z,,low,delivery_delay,open,
TICK000821,CUST00787,2026-02-08T19:59:49Z,2026-02-12T16:59:49Z,medium,delivery_delay,resolved,1
TICK000822,CUST00184,2026-04-29T08:03:34Z,2026-04-30T23:03:34Z,high,technical_support,resolved,1
TICK000823,CUST00694,2026-03-27T21:06:54Z,2026-03-29T10:06:54Z,high,technical_support,resolved,3
TICK000824,CUST00075,2026-01-26T16:51:21Z,2026-01-30T17:51:21Z,low,technical_support,resolved,1
TICK000825,CUST00419,2026-03-24T07:40:42Z,,high,payment_issue,open,
TICK000826,CUST00898,2026-01-08T15:32:05Z,,critical,technical_support,in_progress,
TICK000827,CUST00909,2026-03-10T08:19:39Z,,critical,technical_support,open,
TICK000828,CUST00123,2026-04-09T17:34:21Z,,critical,technical_support,open,
TICK000829,CUST00291,2026-04-14T00:07:58Z,2026-04-17T06:07:58Z,low,payment_issue,closed,1
TICK000830,CUST00727,2026-01-01T14:03:51Z,2026-01-06T01:03:51Z,low,technical_support,resolved,4
TICK000831,CUST00790,2026-02-28T01:10:31Z,,high,payment_issue,open,
TICK000832,CUST00717,2026-01-18T01:50:02Z,2026-01-19T08:50:02Z,high,technical_support,closed,4
TICK000833,CUST00128,2026-05-01T23:40:50Z,,critical,technical_support,open,
TICK000834,CUST00003,2026-03-08T17:57:03Z,2026-03-12T22:57:03Z,low,account_issue,resolved,1
TICK000835,CUST00452,2026-02-20T22:00:13Z,,low,refund_request,in_progress,
TICK000836,CUST00192,2026-05-21T14:43:52Z,2026-05-23T11:43:52Z,high,payment_issue,resolved,2
TICK000837,CUST00196,2026-01-14T22:16:34Z,2026-01-18T15:16:34Z,low,payment_issue,resolved,3
TICK000838,CUST00931,2026-02-11T14:33:58Z,2026-02-12T16:33:58Z,low,refund_request,closed,2
TICK000839,CUST00258,2026-04-18T16:01:45Z,,high,delivery_delay,open,
TICK000840,CUST00682,2026-03-09T07:56:29Z,,medium,product_question,open,
TICK000841,CUST00851,2026-05-13T04:50:04Z,,medium,delivery_delay,open,
TICK000842,CUST00607,2026-02-13T05:25:50Z,2026-02-15T18:25:50Z,low,delivery_delay,resolved,1
TICK000843,CUST00719,2026-02-10T05:13:57Z,,critical,account_issue,open,
TICK000844,CUST00410,2026-02-04T01:34:57Z,,high,product_question,in_progress,
TICK000845,CUST00857,2026-01-23T23:12:19Z,,high,payment_issue,open,
TICK000846,CUST00894,2026-01-05T09:40:18Z,2026-01-05T14:40:18Z,high,delivery_delay,closed,4
TICK000847,CUST00635,2026-05-15T02:24:30Z,,medium,delivery_delay,in_progress,
TICK000848,CUST00844,2026-02-23T02:31:46Z,,critical,delivery_delay,open,
TICK000849,CUST00704,2026-03-14T11:58:04Z,2026-03-16T00:58:04Z,critical,refund_request,resolved,1
TICK000850,CUST00783,2026-04-01T07:25:06Z,,critical,delivery_delay,open,
TICK000851,CUST00461,2026-03-22T08:55:56Z,2026-03-22T09:55:56Z,high,product_question,resolved,4
TICK000852,CUST00615,2026-01-14T05:58:26Z,2026-01-14T22:58:26Z,high,payment_issue,resolved,2
TICK000853,CUST00201,2026-01-03T08:00:38Z,,medium,payment_issue,in_progress,
TICK000854,CUST00782,2026-05-13T01:59:49Z,2026-05-15T01:59:49Z,low,delivery_delay,closed,4
TICK000855,CUST00857,2026-03-09T13:52:41Z,2026-03-13T22:52:41Z,medium,delivery_delay,resolved,4
TICK000856,CUST00468,2026-01-10T03:49:31Z,,low,product_question,in_progress,
TICK000857,CUST00012,2026-01-02T20:16:22Z,2026-01-04T11:16:22Z,high,delivery_delay,resolved,4
TICK000858,CUST00813,2026-03-09T13:57:45Z,,critical,payment_issue,open,
TICK000859,CUST00911,2026-01-30T06:37:20Z,,high,technical_support,open,
TICK000860,CUST00341,2026-03-01T11:00:31Z,2026-03-01T13:00:31Z,high,refund_request,closed,3
TICK000861,CUST00375,2026-01-27T14:37:38Z,,critical,account_issue,in_progress,
TICK000862,CUST00517,2026-01-12T16:44:02Z,2026-01-13T21:44:02Z,high,payment_issue,closed,4
TICK000863,CUST00100,2026-04-09T13:44:54Z,,critical,payment_issue,in_progress,
TICK000864,CUST00150,2026-04-21T11:28:01Z,,high,delivery_delay,open,
TICK000865,CUST00059,2026-02-12T17:21:39Z,,high,refund_request,open,
TICK000866,CUST00148,2026-04-13T13:46:28Z,2026-04-14T11:46:28Z,critical,delivery_delay,closed,2
TICK000867,CUST00734,2026-02-27T09:43:58Z,2026-02-28T06:43:58Z,critical,delivery_delay,resolved,4
TICK000868,CUST00044,2026-05-05T20:26:09Z,,medium,payment_issue,in_progress,
TICK000869,CUST00200,2026-01-06T01:14:24Z,,low,product_question,open,
TICK000870,CUST00122,2026-03-25T14:22:30Z,2026-03-28T11:22:30Z,low,account_issue,closed,5
TICK000871,CUST00397,2026-02-26T08:14:53Z,2026-02-27T02:14:53Z,critical,technical_support,closed,4
TICK000872,CUST00550,2026-04-02T14:58:09Z,,low,delivery_delay,in_progress,
TICK000873,CUST00813,2026-01-13T19:14:20Z,2026-01-16T14:14:20Z,low,technical_support,resolved,1
TICK000874,CUST00385,2026-02-18T17:11:57Z,,low,technical_support,in_progress,
TICK000875,CUST00140,2026-01-03T06:48:54Z,2026-01-06T01:48:54Z,medium,technical_support,closed,4
TICK000876,CUST00786,2026-03-13T21:46:36Z,,critical,account_issue,open,
TICK000877,CUST00632,2026-02-13T01:15:50Z,2026-02-17T14:15:50Z,low,payment_issue,closed,2
TICK000878,CUST00534,2026-04-04T10:35:48Z,2026-04-04T19:35:48Z,critical,payment_issue,closed,3
TICK000879,CUST00811,2026-02-24T12:43:36Z,,critical,product_question,open,
TICK000880,CUST00352,2026-01-22T17:26:01Z,2026-01-24T02:26:01Z,low,delivery_delay,closed,2
TICK000881,CUST00903,2026-01-03T22:18:14Z,2026-01-05T17:18:14Z,high,product_question,closed,1
TICK000882,CUST00346,2026-03-26T22:53:16Z,2026-03-27T09:53:16Z,critical,account_issue,closed,2
TICK000883,CUST00255,2026-02-15T21:09:46Z,,medium,product_question,open,
TICK000884,CUST00369,2026-05-15T08:37:23Z,,high,refund_request,in_progress,
TICK000885,CUST00353,2026-01-27T02:20:10Z,2026-01-28T07:20:10Z,high,delivery_delay,resolved,5
TICK000886,CUST00392,2026-02-18T03:43:12Z,,critical,technical_support,in_progress,
TICK000887,CUST00561,2026-05-01T23:30:54Z,,high,technical_support,open,
TICK000888,CUST00366,2026-04-17T18:35:17Z,,low,technical_support,in_progress,
TICK000889,CUST00239,2026-01-13T22:00:32Z,,high,account_issue,in_progress,
TICK000890,CUST00092,2026-02-17T14:11:19Z,,low,delivery_delay,open,
TICK000891,CUST00504,2026-04-24T09:22:21Z,2026-04-28T09:22:21Z,low,delivery_delay,resolved,1
TICK000892,CUST00005,2026-02-10T04:01:35Z,,low,delivery_delay,open,
TICK000893,CUST00282,2026-01-24T22:44:54Z,2026-01-26T23:44:54Z,low,technical_support,closed,2
TICK000894,CUST00331,2026-03-05T21:10:07Z,,low,technical_support,open,
TICK000895,CUST00034,2026-05-19T08:33:09Z,,low,account_issue,in_progress,
TICK000896,CUST00996,2026-04-17T13:18:55Z,,low,technical_support,open,
TICK000897,CUST00182,2026-04-02T09:11:32Z,2026-04-02T13:11:32Z,critical,account_issue,closed,3
TICK000898,CUST00365,2026-01-05T16:30:39Z,2026-01-07T16:30:39Z,high,technical_support,resolved,5
TICK000899,CUST00178,2026-01-09T23:16:52Z,2026-01-10T17:16:52Z,low,payment_issue,closed,2
TICK000900,CUST00415,2026-04-25T17:02:38Z,2026-04-27T01:02:38Z,high,product_question,closed,5
TICK000901,CUST00782,2026-04-01T07:12:31Z,2026-04-03T03:12:31Z,high,technical_support,closed,1
TICK000902,CUST00793,2026-03-10T20:55:59Z,,high,refund_request,open,
TICK000903,CUST00489,2026-04-06T19:55:35Z,,medium,refund_request,in_progress,
TICK000904,CUST00789,2026-04-17T20:26:04Z,,high,delivery_delay,in_progress,
TICK000905,CUST00662,2026-02-04T20:22:20Z,,low,payment_issue,open,
TICK000906,CUST00252,2026-02-08T17:13:57Z,,high,technical_support,in_progress,
TICK000907,CUST00505,2026-02-06T12:07:04Z,,medium,product_question,open,
TICK000908,CUST00453,2026-05-10T06:42:35Z,,low,account_issue,in_progress,
TICK000909,CUST00718,2026-02-26T01:45:24Z,,low,product_question,open,
TICK000910,CUST00169,2026-02-16T09:29:32Z,,high,technical_support,in_progress,
TICK000911,CUST00575,2026-02-10T13:33:17Z,2026-02-10T14:33:17Z,high,account_issue,closed,1
TICK000912,CUST00945,2026-01-25T21:34:27Z,,critical,product_question,open,
TICK000913,CUST00014,2026-01-10T03:45:44Z,,low,refund_request,in_progress,
TICK000914,CUST00912,2026-05-22T12:35:40Z,2026-05-23T01:35:40Z,critical,technical_support,resolved,5
TICK000915,CUST00019,2026-01-23T02:14:10Z,2026-01-27T15:14:10Z,medium,product_question,closed,4
TICK000916,CUST00692,2026-01-25T20:21:52Z,2026-01-26T13:21:52Z,high,account_issue,resolved,1
TICK000917,CUST00041,2026-02-28T20:20:01Z,,low,delivery_delay,open,
TICK000918,CUST00646,2026-02-03T17:30:16Z,2026-02-07T20:30:16Z,low,account_issue,resolved,1
TICK000919,CUST00614,2026-02-04T07:55:06Z,2026-02-05T00:55:06Z,low,technical_support,resolved,3
TICK000920,CUST00724,2026-03-12T08:57:35Z,,critical,technical_support,in_progress,
TICK000921,CUST00458,2026-05-21T07:34:00Z,,low,product_question,in_progress,
TICK000922,CUST00700,2026-01-28T10:10:20Z,,high,refund_request,in_progress,
TICK000923,CUST00769,2026-01-05T01:15:42Z,2026-01-06T13:15:42Z,high,payment_issue,resolved,3
TICK000924,CUST00070,2026-03-02T02:37:34Z,,critical,payment_issue,open,
TICK000925,CUST00490,2026-05-11T04:43:55Z,2026-05-12T06:43:55Z,critical,refund_request,resolved,2
TICK000926,CUST00902,2026-04-18T01:15:22Z,,high,account_issue,open,
TICK000927,CUST00530,2026-05-22T19:35:16Z,,low,delivery_delay,in_progress,
TICK000928,CUST00026,2026-04-19T11:00:31Z,2026-04-19T13:00:31Z,low,payment_issue,closed,3
TICK000929,CUST00963,2026-03-27T09:51:34Z,2026-03-28T04:51:34Z,high,account_issue,closed,2
TICK000930,CUST00341,2026-05-05T14:21:54Z,,low,delivery_delay,in_progress,
TICK000931,CUST00887,2026-03-11T06:47:21Z,,critical,account_issue,in_progress,
TICK000932,CUST00706,2026-02-21T04:27:35Z,,low,technical_support,in_progress,
TICK000933,CUST00116,2026-02-04T08:09:46Z,2026-02-05T02:09:46Z,low,refund_request,closed,5
TICK000934,CUST00203,2026-04-06T04:50:01Z,,high,technical_support,open,
TICK000935,CUST00260,2026-02-08T22:47:20Z,,low,payment_issue,in_progress,
TICK000936,CUST00635,2026-02-11T17:59:24Z,,low,technical_support,open,
TICK000937,CUST00691,2026-04-22T07:48:26Z,2026-04-23T18:48:26Z,medium,account_issue,closed,4
TICK000938,CUST00959,2026-05-20T06:47:54Z,,low,technical_support,open,
TICK000939,CUST00745,2026-02-20T16:40:43Z,2026-02-20T20:40:43Z,high,product_question,closed,3
TICK000940,CUST00095,2026-03-17T05:28:39Z,2026-03-17T19:28:39Z,critical,account_issue,closed,5
TICK000941,CUST00433,2026-01-24T13:23:00Z,,low,technical_support,in_progress,
TICK000942,CUST00829,2026-02-04T21:12:51Z,,medium,refund_request,open,
TICK000943,CUST00209,2026-03-08T21:14:10Z,2026-03-10T18:14:10Z,medium,payment_issue,resolved,3
TICK000944,CUST00962,2026-02-22T08:36:10Z,,high,account_issue,open,
TICK000945,CUST00358,2026-01-09T06:46:40Z,2026-01-10T09:46:40Z,critical,product_question,resolved,3
TICK000946,CUST00577,2026-02-17T13:32:35Z,,medium,technical_support,open,
TICK000947,CUST00108,2026-01-07T06:45:42Z,,critical,product_question,open,
TICK000948,CUST00860,2026-01-24T10:54:34Z,,high,account_issue,in_progress,
TICK000949,CUST00065,2026-01-05T14:07:56Z,,critical,technical_support,open,
TICK000950,CUST00024,2026-04-11T01:13:35Z,2026-04-11T09:13:35Z,high,product_question,closed,1
TICK000951,CUST00951,2026-03-12T08:13:09Z,,high,payment_issue,in_progress,
TICK000952,CUST00790,2026-05-21T20:32:19Z,,low,technical_support,in_progress,
TICK000953,CUST00820,2026-03-28T00:48:24Z,,high,payment_issue,in_progress,
TICK000954,CUST00893,2026-04-02T09:40:44Z,,high,delivery_delay,in_progress,
TICK000955,CUST00065,2026-04-01T06:03:50Z,2026-04-05T03:03:50Z,low,refund_request,closed,2
TICK000956,CUST00531,2026-03-29T19:11:10Z,2026-04-03T04:11:10Z,low,product_question,resolved,3
TICK000957,CUST00654,2026-01-29T12:16:58Z,,critical,product_question,open,
TICK000958,CUST00754,2026-03-07T10:03:09Z,,high,delivery_delay,open,
TICK000959,CUST00497,2026-05-11T08:04:05Z,2026-05-12T03:04:05Z,critical,technical_support,resolved,1
TICK000960,CUST00154,2026-03-09T13:47:30Z,2026-03-13T14:47:30Z,medium,product_question,resolved,3
TICK000961,CUST00095,2026-04-20T07:18:32Z,,medium,product_question,in_progress,
TICK000962,CUST00308,2026-03-16T09:14:03Z,2026-03-19T23:14:03Z,low,delivery_delay,closed,3
TICK000963,CUST00299,2026-04-30T04:48:28Z,2026-05-02T09:48:28Z,medium,product_question,resolved,1
TICK000964,CUST00215,2026-01-28T06:04:35Z,,low,technical_support,in_progress,
TICK000965,CUST00038,2026-02-18T00:18:19Z,2026-02-18T12:18:19Z,critical,delivery_delay,closed,4
TICK000966,CUST00624,2026-04-21T14:39:50Z,,low,delivery_delay,open,
TICK000967,CUST00343,2026-04-29T06:52:38Z,,medium,delivery_delay,in_progress,
TICK000968,CUST00470,2026-03-18T13:02:51Z,2026-03-18T23:02:51Z,critical,refund_request,closed,5
TICK000969,CUST00049,2026-01-26T17:41:44Z,,low,refund_request,in_progress,
TICK000970,CUST00443,2026-02-12T14:34:41Z,2026-02-15T09:34:41Z,low,payment_issue,closed,1
TICK000971,CUST00701,2026-03-24T17:10:03Z,,critical,technical_support,open,
TICK000972,CUST00811,2026-02-02T13:09:22Z,,critical,delivery_delay,open,
TICK000973,CUST00473,2026-02-07T21:06:25Z,2026-02-09T19:06:25Z,critical,payment_issue,closed,1
TICK000974,CUST00719,2026-05-11T02:00:34Z,,critical,payment_issue,in_progress,
TICK000975,CUST00200,2026-03-02T08:41:43Z,,high,technical_support,open,
TICK000976,CUST00447,2026-04-06T16:05:04Z,2026-04-07T21:05:04Z,high,account_issue,resolved,3
TICK000977,CUST00288,2026-05-02T17:33:08Z,,low,account_issue,open,
TICK000978,CUST00117,2026-02-26T23:54:27Z,,high,product_question,in_progress,
TICK000979,CUST00740,2026-03-25T21:19:58Z,,low,technical_support,in_progress,
TICK000980,CUST00966,2026-02-05T10:46:43Z,,medium,product_question,in_progress,
TICK000981,CUST00134,2026-04-15T14:23:46Z,2026-04-17T10:23:46Z,critical,payment_issue,closed,1
TICK000982,CUST00210,2026-03-25T18:50:06Z,2026-03-26T03:50:06Z,low,delivery_delay,resolved,4
TICK000983,CUST00034,2026-02-28T18:21:58Z,,medium,product_question,in_progress,
TICK000984,CUST00119,2026-05-01T03:03:14Z,2026-05-01T17:03:14Z,low,delivery_delay,closed,4
TICK000985,CUST00770,2026-02-09T15:15:25Z,2026-02-13T18:15:25Z,low,delivery_delay,resolved,4
TICK000986,CUST00522,2026-04-28T12:44:46Z,,critical,refund_request,in_progress,
TICK000987,CUST00193,2026-04-19T13:07:55Z,,medium,payment_issue,in_progress,
TICK000988,CUST00018,2026-02-27T06:59:36Z,2026-03-01T06:59:36Z,low,refund_request,closed,2
TICK000989,CUST00314,2026-03-09T16:06:08Z,,critical,delivery_delay,open,
TICK000990,CUST00117,2026-01-24T06:20:05Z,,critical,delivery_delay,in_progress,
TICK000991,CUST00280,2026-03-27T11:59:20Z,,medium,delivery_delay,open,
TICK000992,CUST00815,2026-05-19T03:01:50Z,2026-05-20T18:01:50Z,high,payment_issue,closed,5
TICK000993,CUST00727,2026-04-28T21:45:34Z,2026-04-30T11:45:34Z,medium,technical_support,resolved,1
TICK000994,CUST00951,2026-01-19T05:24:55Z,2026-01-19T22:24:55Z,critical,delivery_delay,closed,2
TICK000995,CUST00027,2026-01-27T05:35:22Z,2026-01-27T23:35:22Z,high,account_issue,closed,2
TICK000996,CUST00343,2026-04-25T13:47:56Z,,high,delivery_delay,in_progress,
TICK000997,CUST00162,2026-04-02T20:59:29Z,,high,delivery_delay,in_progress,
TICK000998,CUST00282,2026-02-26T12:58:08Z,2026-02-27T01:58:08Z,critical,refund_request,closed,3
TICK000999,CUST00134,2026-04-01T12:27:49Z,2026-04-03T01:27:49Z,medium,technical_support,closed,1
TICK001000,CUST00041,2026-04-04T01:01:48Z,,high,refund_request,open,
TICK001001,CUST00655,2026-05-09T07:52:37Z,2026-05-10T09:52:37Z,critical,product_question,closed,2
TICK001002,CUST00408,2026-05-04T01:37:01Z,,high,payment_issue,open,
TICK001003,CUST00389,2026-04-29T18:00:35Z,2026-05-02T20:00:35Z,medium,technical_support,closed,3
TICK001004,CUST00826,2026-03-12T08:56:09Z,2026-03-12T13:56:09Z,critical,payment_issue,resolved,1
TICK001005,CUST00806,2026-02-01T08:05:08Z,2026-02-01T10:05:08Z,medium,account_issue,closed,5
TICK001006,CUST00940,2026-05-20T10:24:26Z,,critical,payment_issue,open,
TICK001007,CUST00486,2026-02-27T01:59:30Z,,high,delivery_delay,in_progress,
TICK001008,CUST00296,2026-01-24T03:46:04Z,2026-01-25T19:46:04Z,critical,delivery_delay,resolved,2
TICK001009,CUST00246,2026-05-23T03:48:32Z,2026-05-27T00:48:32Z,medium,delivery_delay,closed,5
TICK001010,CUST00831,2026-02-11T08:27:27Z,2026-02-11T18:27:27Z,medium,delivery_delay,closed,3
TICK001011,CUST00352,2026-04-02T21:36:47Z,2026-04-04T12:36:47Z,high,refund_request,resolved,5
TICK001012,CUST00119,2026-02-20T00:50:37Z,2026-02-24T00:50:37Z,low,account_issue,resolved,1
TICK001013,CUST00931,2026-01-04T05:40:04Z,,critical,technical_support,open,
TICK001014,CUST00115,2026-01-04T17:17:45Z,,low,payment_issue,in_progress,
TICK001015,CUST00971,2026-03-19T23:30:53Z,2026-03-21T01:30:53Z,low,refund_request,closed,3
TICK001016,CUST00713,2026-05-23T11:59:23Z,,medium,technical_support,open,
TICK001017,CUST00092,2026-05-05T03:15:33Z,,medium,refund_request,open,
TICK001018,CUST00572,2026-03-16T02:45:28Z,,critical,refund_request,in_progress,
TICK001019,CUST00366,2026-04-28T09:57:26Z,,low,account_issue,open,
TICK001020,CUST00440,2026-05-23T07:18:05Z,2026-05-23T09:18:05Z,low,payment_issue,closed,4
TICK001021,CUST00231,2026-01-02T12:45:44Z,2026-01-03T19:45:44Z,critical,technical_support,closed,3
TICK001022,CUST00110,2026-04-17T18:58:55Z,,medium,technical_support,in_progress,
TICK001023,CUST00298,2026-03-01T15:59:57Z,2026-03-01T17:59:57Z,critical,refund_request,closed,3
TICK001024,CUST00781,2026-05-04T13:33:15Z,2026-05-04T16:33:15Z,high,account_issue,resolved,3
TICK001025,CUST00661,2026-04-14T10:30:01Z,2026-04-15T17:30:01Z,high,technical_support,closed,5
TICK001026,CUST00331,2026-02-02T12:36:41Z,,critical,payment_issue,in_progress,
TICK001027,CUST00694,2026-01-18T10:03:07Z,,critical,refund_request,in_progress,
TICK001028,CUST00673,2026-01-06T10:08:45Z,,critical,refund_request,in_progress,
TICK001029,CUST00828,2026-03-20T07:17:32Z,2026-03-24T00:17:32Z,low,refund_request,closed,5
TICK001030,CUST00611,2026-04-07T00:34:28Z,2026-04-11T10:34:28Z,medium,product_question,resolved,2
TICK001031,CUST00266,2026-04-18T04:55:40Z,,critical,refund_request,in_progress,
TICK001032,CUST00456,2026-05-15T22:31:23Z,,high,payment_issue,in_progress,
TICK001033,CUST00963,2026-01-13T14:52:32Z,2026-01-14T10:52:32Z,medium,product_question,resolved,4
TICK001034,CUST00799,2026-01-05T18:13:58Z,,low,account_issue,in_progress,
TICK001035,CUST00083,2026-04-17T17:19:38Z,,low,technical_support,open,
TICK001036,CUST00956,2026-03-20T11:59:31Z,,medium,refund_request,in_progress,
TICK001037,CUST00039,2026-02-08T04:43:53Z,,high,payment_issue,in_progress,
TICK001038,CUST00476,2026-03-12T11:21:35Z,2026-03-14T04:21:35Z,high,account_issue,resolved,3
TICK001039,CUST00859,2026-04-23T14:40:21Z,,high,refund_request,in_progress,
TICK001040,CUST00519,2026-01-26T04:43:54Z,2026-01-29T02:43:54Z,medium,product_question,resolved,2
TICK001041,CUST00029,2026-01-26T23:20:12Z,2026-01-27T16:20:12Z,critical,account_issue,resolved,4
TICK001042,CUST00349,2026-01-10T17:17:27Z,,high,delivery_delay,in_progress,
TICK001043,CUST00914,2026-03-02T18:37:18Z,2026-03-07T07:37:18Z,low,payment_issue,closed,2
TICK001044,CUST00111,2026-04-16T06:28:46Z,,high,payment_issue,in_progress,
TICK001045,CUST00850,2026-02-05T08:22:53Z,2026-02-10T08:22:53Z,low,delivery_delay,closed,5
TICK001046,CUST00427,2026-02-01T07:53:41Z,2026-02-03T05:53:41Z,critical,technical_support,resolved,5
TICK001047,CUST00617,2026-01-16T22:36:55Z,2026-01-17T11:36:55Z,medium,delivery_delay,resolved,4
TICK001048,CUST00478,2026-04-29T21:58:50Z,,medium,product_question,open,
TICK001049,CUST00032,2026-04-09T03:40:40Z,2026-04-11T13:40:40Z,low,delivery_delay,resolved,2
TICK001050,CUST00520,2026-05-10T19:29:08Z,,critical,account_issue,open,
TICK001051,CUST00073,2026-01-13T23:27:32Z,2026-01-14T16:27:32Z,critical,account_issue,closed,2
TICK001052,CUST00302,2026-01-10T14:39:28Z,,high,technical_support,open,
TICK001053,CUST00095,2026-01-09T04:48:10Z,,critical,refund_request,open,
TICK001054,CUST00811,2026-05-05T06:41:30Z,,low,account_issue,in_progress,
TICK001055,CUST00466,2026-05-23T05:43:55Z,2026-05-27T01:43:55Z,medium,delivery_delay,resolved,1
TICK001056,CUST00490,2026-01-03T00:19:58Z,2026-01-05T17:19:58Z,low,payment_issue,closed,2
TICK001057,CUST00567,2026-05-07T10:38:58Z,,critical,account_issue,in_progress,
TICK001058,CUST00905,2026-04-26T09:52:10Z,,critical,refund_request,in_progress,
TICK001059,CUST00278,2026-05-13T18:55:33Z,2026-05-16T07:55:33Z,low,product_question,closed,2
TICK001060,CUST00138,2026-04-05T21:52:09Z,2026-04-08T22:52:09Z,low,delivery_delay,resolved,2
TICK001061,CUST00194,2026-04-02T23:24:34Z,,medium,technical_support,in_progress,
TICK001062,CUST00605,2026-05-17T06:58:32Z,,medium,refund_request,in_progress,
TICK001063,CUST00818,2026-03-18T07:36:04Z,,medium,technical_support,open,
TICK001064,CUST00259,2026-04-15T00:01:50Z,2026-04-15T10:01:50Z,medium,technical_support,closed,2
TICK001065,CUST00560,2026-04-26T07:32:14Z,,low,technical_support,open,
TICK001066,CUST00527,2026-01-20T13:20:07Z,2026-01-21T18:20:07Z,critical,product_question,resolved,1
TICK001067,CUST00335,2026-02-22T18:20:37Z,2026-02-23T08:20:37Z,high,payment_issue,resolved,1
TICK001068,CUST00172,2026-02-01T06:30:28Z,,high,refund_request,in_progress,
TICK001069,CUST00476,2026-02-04T22:39:29Z,,high,refund_request,open,
TICK001070,CUST00370,2026-04-26T22:41:09Z,2026-04-27T22:41:09Z,critical,payment_issue,resolved,5
TICK001071,CUST00573,2026-02-13T22:27:31Z,,medium,account_issue,open,
TICK001072,CUST00118,2026-04-07T13:46:33Z,,critical,refund_request,in_progress,
TICK001073,CUST00053,2026-01-24T06:17:07Z,2026-01-27T11:17:07Z,medium,refund_request,resolved,2
TICK001074,CUST00710,2026-02-28T01:18:15Z,2026-02-28T17:18:15Z,critical,technical_support,resolved,1
TICK001075,CUST00548,2026-03-29T05:14:07Z,,critical,technical_support,open,
TICK001076,CUST00376,2026-03-28T05:35:28Z,2026-04-02T00:35:28Z,low,account_issue,resolved,5
TICK001077,CUST00541,2026-02-27T19:13:02Z,,medium,refund_request,in_progress,
TICK001078,CUST00568,2026-05-06T08:59:28Z,,low,product_question,open,
TICK001079,CUST00422,2026-01-15T02:48:43Z,2026-01-15T11:48:43Z,low,refund_request,resolved,3
TICK001080,CUST00347,2026-01-26T06:32:24Z,,low,account_issue,in_progress,
TICK001081,CUST00633,2026-05-03T18:41:18Z,2026-05-08T05:41:18Z,low,technical_support,closed,5
TICK001082,CUST00074,2026-03-13T12:08:19Z,,low,delivery_delay,in_progress,
TICK001083,CUST00627,2026-01-10T07:26:45Z,,low,payment_issue,in_progress,
TICK001084,CUST00272,2026-01-26T18:31:29Z,2026-01-27T07:31:29Z,high,delivery_delay,closed,1
TICK001085,CUST00604,2026-05-16T22:02:05Z,2026-05-17T03:02:05Z,low,refund_request,closed,2
TICK001086,CUST00326,2026-03-23T20:27:08Z,,medium,payment_issue,in_progress,
TICK001087,CUST00861,2026-04-18T09:22:21Z,2026-04-21T22:22:21Z,low,technical_support,resolved,5
TICK001088,CUST00506,2026-04-16T10:22:12Z,,medium,payment_issue,in_progress,
TICK001089,CUST00988,2026-02-25T16:39:20Z,2026-03-02T15:39:20Z,medium,product_question,closed,4
TICK001090,CUST00668,2026-02-02T21:53:11Z,,critical,product_question,open,
TICK001091,CUST00305,2026-03-16T17:37:42Z,2026-03-18T10:37:42Z,critical,payment_issue,closed,4
TICK001092,CUST00263,2026-04-11T02:27:42Z,2026-04-11T10:27:42Z,high,account_issue,closed,4
TICK001093,CUST00517,2026-01-05T09:53:55Z,2026-01-09T10:53:55Z,medium,account_issue,resolved,3
TICK001094,CUST00316,2026-01-29T21:03:35Z,2026-01-30T10:03:35Z,medium,delivery_delay,resolved,2
TICK001095,CUST00309,2026-05-15T12:09:48Z,,low,refund_request,in_progress,
TICK001096,CUST00651,2026-02-13T03:49:07Z,2026-02-17T23:49:07Z,low,product_question,resolved,2
TICK001097,CUST00442,2026-05-08T06:58:27Z,2026-05-10T17:58:27Z,medium,product_question,closed,3
TICK001098,CUST00916,2026-05-17T02:55:49Z,2026-05-18T08:55:49Z,critical,payment_issue,closed,4
TICK001099,CUST00058,2026-02-13T17:13:33Z,,high,product_question,open,
TICK001100,CUST00658,2026-01-18T19:57:37Z,,high,technical_support,open,
TICK001101,CUST00328,2026-04-26T14:52:59Z,,high,product_question,in_progress,
TICK001102,CUST00826,2026-05-01T13:50:59Z,,low,refund_request,in_progress,
TICK001103,CUST00906,2026-02-24T00:04:10Z,,critical,technical_support,open,
TICK001104,CUST00845,2026-03-02T00:17:47Z,2026-03-04T00:17:47Z,critical,payment_issue,resolved,1
TICK001105,CUST00982,2026-02-03T23:44:06Z,,low,technical_support,open,
TICK001106,CUST00151,2026-03-26T10:58:52Z,2026-03-27T00:58:52Z,high,refund_request,closed,2
TICK001107,CUST00684,2026-04-05T11:55:52Z,,critical,product_question,open,
TICK001108,CUST00326,2026-02-15T09:11:05Z,2026-02-19T23:11:05Z,medium,refund_request,closed,2
TICK001109,CUST00457,2026-03-17T11:08:57Z,,medium,refund_request,in_progress,
TICK001110,CUST00635,2026-03-30T19:03:32Z,,medium,payment_issue,open,
TICK001111,CUST00508,2026-01-21T20:31:24Z,2026-01-22T11:31:24Z,critical,delivery_delay,resolved,5
TICK001112,CUST00438,2026-02-16T09:44:42Z,2026-02-21T05:44:42Z,low,refund_request,closed,2
TICK001113,CUST00770,2026-05-03T17:19:15Z,2026-05-04T17:19:15Z,critical,product_question,resolved,1
TICK001114,CUST00161,2026-01-10T23:01:35Z,2026-01-14T17:01:35Z,low,product_question,resolved,3
TICK001115,CUST00295,2026-03-24T18:09:44Z,,high,account_issue,open,
TICK001116,CUST00856,2026-04-08T02:40:18Z,,high,payment_issue,open,
TICK001117,CUST00826,2026-02-10T11:25:22Z,2026-02-10T18:25:22Z,high,refund_request,resolved,1
TICK001118,CUST00572,2026-02-18T23:22:12Z,,high,account_issue,in_progress,
TICK001119,CUST00012,2026-03-25T00:36:32Z,,low,product_question,in_progress,
TICK001120,CUST00156,2026-05-10T10:04:44Z,,critical,delivery_delay,open,
TICK001121,CUST00954,2026-04-22T12:05:17Z,,medium,payment_issue,open,
TICK001122,CUST00225,2026-05-16T03:30:49Z,2026-05-17T10:30:49Z,high,delivery_delay,resolved,4
TICK001123,CUST00557,2026-01-08T07:46:33Z,2026-01-08T08:46:33Z,critical,delivery_delay,resolved,5
TICK001124,CUST00511,2026-02-15T00:23:01Z,2026-02-16T09:23:01Z,critical,delivery_delay,resolved,3
TICK001125,CUST00406,2026-03-16T07:22:30Z,2026-03-17T10:22:30Z,high,payment_issue,resolved,5
TICK001126,CUST00786,2026-03-22T14:54:30Z,,low,refund_request,open,
TICK001127,CUST00255,2026-01-02T04:05:49Z,2026-01-03T03:05:49Z,critical,account_issue,resolved,5
TICK001128,CUST00402,2026-01-13T06:40:37Z,,low,payment_issue,in_progress,
TICK001129,CUST00949,2026-04-19T01:40:20Z,2026-04-19T17:40:20Z,critical,product_question,resolved,2
TICK001130,CUST00958,2026-02-03T11:22:22Z,2026-02-04T13:22:22Z,critical,product_question,closed,5
TICK001131,CUST00964,2026-02-19T18:04:53Z,,low,technical_support,in_progress,
TICK001132,CUST00958,2026-03-23T11:52:31Z,,low,payment_issue,in_progress,
TICK001133,CUST00213,2026-04-30T19:33:57Z,,critical,account_issue,open,
TICK001134,CUST00832,2026-04-02T01:26:43Z,,low,delivery_delay,in_progress,
TICK001135,CUST00318,2026-05-12T10:04:12Z,2026-05-16T02:04:12Z,low,payment_issue,closed,5
TICK001136,CUST00113,2026-05-04T02:03:11Z,,low,refund_request,open,
TICK001137,CUST00985,2026-02-24T00:39:07Z,,critical,account_issue,in_progress,
TICK001138,CUST00652,2026-02-27T07:56:32Z,,medium,payment_issue,in_progress,
TICK001139,CUST00075,2026-03-26T05:30:33Z,,medium,refund_request,in_progress,
TICK001140,CUST00419,2026-01-14T07:55:31Z,,high,refund_request,open,
TICK001141,CUST00446,2026-04-21T21:26:11Z,,high,delivery_delay,open,
TICK001142,CUST00872,2026-02-25T17:01:14Z,2026-02-26T10:01:14Z,high,delivery_delay,resolved,3
TICK001143,CUST00937,2026-05-13T02:20:26Z,2026-05-14T07:20:26Z,critical,product_question,resolved,5
TICK001144,CUST00017,2026-02-04T07:42:59Z,,medium,delivery_delay,in_progress,
TICK001145,CUST00690,2026-01-14T21:11:13Z,2026-01-14T22:11:13Z,medium,payment_issue,closed,5
TICK001146,CUST00469,2026-02-26T09:09:14Z,,high,product_question,in_progress,
TICK001147,CUST00636,2026-01-16T21:37:04Z,2026-01-19T04:37:04Z,low,product_question,closed,3
TICK001148,CUST00375,2026-05-15T16:44:37Z,2026-05-17T18:44:37Z,low,refund_request,resolved,1
TICK001149,CUST00219,2026-02-10T10:59:56Z,2026-02-12T04:59:56Z,critical,account_issue,resolved,2
TICK001150,CUST00583,2026-03-11T09:55:09Z,,high,technical_support,open,
TICK001151,CUST00864,2026-05-07T11:50:40Z,,critical,payment_issue,in_progress,
TICK001152,CUST00137,2026-04-02T12:46:13Z,,high,product_question,in_progress,
TICK001153,CUST00766,2026-01-19T18:14:05Z,,high,product_question,in_progress,
TICK001154,CUST00410,2026-02-09T03:24:58Z,2026-02-10T01:24:58Z,high,product_question,resolved,1
TICK001155,CUST00448,2026-04-11T16:02:05Z,,medium,delivery_delay,open,
TICK001156,CUST00884,2026-04-21T10:47:55Z,2026-04-23T02:47:55Z,low,account_issue,closed,4
TICK001157,CUST00994,2026-05-23T13:28:00Z,,critical,payment_issue,open,
TICK001158,CUST00179,2026-05-08T00:44:27Z,2026-05-09T17:44:27Z,critical,delivery_delay,closed,3
TICK001159,CUST00450,2026-03-15T07:14:22Z,,low,technical_support,open,
TICK001160,CUST00359,2026-01-16T11:51:14Z,2026-01-20T19:51:14Z,low,product_question,resolved,5
TICK001161,CUST00462,2026-04-30T11:02:34Z,2026-04-30T17:02:34Z,low,refund_request,resolved,1
TICK001162,CUST00390,2026-03-21T16:56:26Z,2026-03-23T16:56:26Z,critical,account_issue,resolved,4
TICK001163,CUST00300,2026-05-09T23:51:21Z,2026-05-14T20:51:21Z,medium,technical_support,closed,1
TICK001164,CUST00257,2026-04-22T17:29:36Z,,high,account_issue,open,
TICK001165,CUST00731,2026-05-01T05:19:27Z,,medium,account_issue,in_progress,
TICK001166,CUST00950,2026-02-08T16:31:09Z,2026-02-11T23:31:09Z,medium,product_question,resolved,2
TICK001167,CUST00684,2026-03-30T17:04:24Z,,critical,payment_issue,in_progress,
TICK001168,CUST00347,2026-05-11T16:40:51Z,2026-05-12T19:40:51Z,critical,technical_support,closed,4
TICK001169,CUST00167,2026-04-04T09:45:07Z,2026-04-06T00:45:07Z,critical,delivery_delay,closed,2
TICK001170,CUST00922,2026-04-14T08:20:00Z,,high,payment_issue,in_progress,
TICK001171,CUST00659,2026-03-06T10:38:30Z,,low,account_issue,in_progress,
TICK001172,CUST00105,2026-02-26T00:16:40Z,,high,delivery_delay,open,
TICK001173,CUST00845,2026-03-28T06:55:02Z,2026-03-28T08:55:02Z,low,refund_request,resolved,1
TICK001174,CUST00619,2026-03-28T02:32:58Z,,critical,technical_support,open,
TICK001175,CUST00474,2026-01-02T06:53:17Z,,low,account_issue,in_progress,
TICK001176,CUST00548,2026-05-02T18:16:10Z,,high,product_question,open,
TICK001177,CUST00817,2026-04-29T13:03:38Z,,critical,payment_issue,in_progress,
TICK001178,CUST00170,2026-04-28T09:42:11Z,,critical,delivery_delay,open,
TICK001179,CUST00729,2026-02-15T10:04:54Z,,low,technical_support,in_progress,
TICK001180,CUST00277,2026-05-02T14:09:37Z,,medium,technical_support,in_progress,
TICK001181,CUST00511,2026-04-16T23:30:01Z,2026-04-19T08:30:01Z,low,refund_request,closed,5
TICK001182,CUST00651,2026-04-04T22:32:39Z,,high,delivery_delay,open,
TICK001183,CUST00284,2026-01-28T06:29:10Z,,medium,product_question,open,
TICK001184,CUST00472,2026-05-09T07:05:45Z,2026-05-10T11:05:45Z,critical,product_question,closed,5
TICK001185,CUST00259,2026-02-12T03:04:19Z,2026-02-16T16:04:19Z,medium,delivery_delay,resolved,4
TICK001186,CUST00050,2026-04-17T01:09:41Z,,medium,refund_request,in_progress,
TICK001187,CUST00495,2026-01-16T12:32:20Z,,high,payment_issue,open,
TICK001188,CUST00517,2026-02-21T11:55:50Z,,high,delivery_delay,in_progress,
TICK001189,CUST00153,2026-01-31T12:24:04Z,2026-02-02T02:24:04Z,critical,delivery_delay,resolved,3
TICK001190,CUST00585,2026-02-17T23:29:40Z,2026-02-20T01:29:40Z,low,refund_request,closed,5
TICK001191,CUST00938,2026-02-09T01:28:58Z,,high,delivery_delay,in_progress,
TICK001192,CUST00525,2026-03-03T17:14:58Z,,high,delivery_delay,open,
TICK001193,CUST00997,2026-05-05T14:16:52Z,2026-05-07T21:16:52Z,medium,product_question,resolved,2
TICK001194,CUST00036,2026-04-13T09:49:49Z,2026-04-14T19:49:49Z,medium,delivery_delay,closed,4
TICK001195,CUST00514,2026-02-28T19:33:35Z,2026-03-04T13:33:35Z,low,account_issue,closed,1
TICK001196,CUST00920,2026-03-18T04:29:44Z,,critical,payment_issue,open,
TICK001197,CUST00560,2026-02-24T19:31:33Z,2026-02-25T17:31:33Z,medium,delivery_delay,resolved,2
TICK001198,CUST00446,2026-04-13T19:29:39Z,,critical,technical_support,open,
TICK001199,CUST00023,2026-03-31T07:07:44Z,,critical,delivery_delay,open,
TICK001200,CUST00329,2026-03-23T18:34:46Z,2026-03-26T15:34:46Z,low,refund_request,closed,5
TICK001201,CUST00191,2026-03-21T04:16:37Z,,critical,technical_support,open,
TICK001202,CUST00511,2026-03-18T20:38:33Z,,critical,technical_support,in_progress,
TICK001203,CUST00632,2026-01-03T02:48:19Z,,high,product_question,in_progress,
TICK001204,CUST00246,2026-01-20T14:27:22Z,,critical,refund_request,in_progress,
TICK001205,CUST00042,2026-03-29T05:04:19Z,,medium,delivery_delay,open,
TICK001206,CUST00298,2026-02-16T08:34:07Z,2026-02-17T04:34:07Z,medium,payment_issue,resolved,1
TICK001207,CUST00145,2026-04-28T21:33:49Z,,critical,account_issue,in_progress,
TICK001208,CUST00388,2026-03-15T00:22:40Z,,critical,product_question,open,
TICK001209,CUST00912,2026-03-03T02:09:21Z,,low,product_question,in_progress,
TICK001210,CUST00398,2026-04-12T00:58:03Z,2026-04-13T17:58:03Z,critical,delivery_delay,resolved,5
TICK001211,CUST00897,2026-03-10T21:53:54Z,2026-03-12T00:53:54Z,low,account_issue,closed,2
TICK001212,CUST00701,2026-01-28T16:18:33Z,2026-01-29T06:18:33Z,high,product_question,resolved,2
TICK001213,CUST00601,2026-01-31T02:20:34Z,,critical,refund_request,in_progress,
TICK001214,CUST00778,2026-02-26T13:45:39Z,,low,technical_support,open,
TICK001215,CUST00016,2026-02-01T19:41:11Z,,critical,refund_request,in_progress,
TICK001216,CUST00178,2026-02-28T08:31:16Z,,high,payment_issue,open,
TICK001217,CUST00482,2026-03-26T17:42:35Z,2026-03-29T07:42:35Z,low,payment_issue,resolved,3
TICK001218,CUST00328,2026-02-26T07:30:10Z,2026-02-26T13:30:10Z,high,payment_issue,closed,5
TICK001219,CUST00146,2026-04-25T06:25:54Z,2026-04-26T15:25:54Z,high,technical_support,resolved,1
TICK001220,CUST00013,2026-01-29T19:37:54Z,2026-01-31T02:37:54Z,low,product_question,closed,2
TICK001221,CUST00961,2026-01-25T20:15:37Z,2026-01-27T21:15:37Z,low,account_issue,resolved,2
TICK001222,CUST00732,2026-02-02T09:08:44Z,,medium,delivery_delay,open,
TICK001223,CUST00296,2026-05-24T17:27:08Z,2026-05-29T14:27:08Z,medium,refund_request,resolved,3
TICK001224,CUST00761,2026-01-23T04:42:03Z,,medium,delivery_delay,in_progress,
TICK001225,CUST00892,2026-01-04T05:37:41Z,2026-01-04T13:37:41Z,critical,delivery_delay,resolved,5
TICK001226,CUST00207,2026-01-18T05:10:53Z,,low,payment_issue,open,
TICK001227,CUST00181,2026-04-12T05:10:17Z,,medium,payment_issue,in_progress,
TICK001228,CUST00208,2026-05-19T07:44:02Z,2026-05-21T00:44:02Z,critical,payment_issue,resolved,3
TICK001229,CUST00692,2026-02-16T23:32:12Z,,low,payment_issue,in_progress,
TICK001230,CUST00608,2026-01-14T23:20:00Z,,critical,payment_issue,in_progress,
TICK001231,CUST00636,2026-03-18T13:42:22Z,2026-03-20T06:42:22Z,medium,account_issue,resolved,1
TICK001232,CUST00143,2026-05-05T03:38:37Z,,low,product_question,open,
TICK001233,CUST00078,2026-05-23T10:29:24Z,2026-05-27T00:29:24Z,low,product_question,resolved,3
TICK001234,CUST00395,2026-03-30T08:23:09Z,,high,delivery_delay,open,
TICK001235,CUST00806,2026-04-09T07:26:27Z,2026-04-12T23:26:27Z,medium,account_issue,closed,3
TICK001236,CUST00638,2026-04-06T21:55:34Z,,medium,refund_request,in_progress,
TICK001237,CUST00750,2026-04-13T05:04:09Z,2026-04-14T03:04:09Z,high,technical_support,resolved,2
TICK001238,CUST00831,2026-05-16T13:57:12Z,,low,technical_support,in_progress,
TICK001239,CUST00647,2026-05-08T09:55:56Z,2026-05-12T22:55:56Z,low,account_issue,resolved,1
TICK001240,CUST00059,2026-05-08T10:32:22Z,2026-05-10T01:32:22Z,low,delivery_delay,closed,2
TICK001241,CUST00217,2026-05-14T17:28:36Z,2026-05-14T19:28:36Z,low,delivery_delay,closed,1
TICK001242,CUST00010,2026-04-19T18:41:15Z,,low,product_question,open,
TICK001243,CUST00721,2026-02-13T05:04:49Z,2026-02-14T15:04:49Z,high,delivery_delay,resolved,3
TICK001244,CUST00173,2026-03-01T01:23:21Z,2026-03-03T22:23:21Z,medium,payment_issue,resolved,2
TICK001245,CUST00675,2026-03-05T21:31:16Z,2026-03-06T22:31:16Z,high,technical_support,resolved,2
TICK001246,CUST00450,2026-02-24T16:09:56Z,,high,refund_request,open,
TICK001247,CUST00543,2026-04-09T16:36:17Z,2026-04-11T00:36:17Z,high,payment_issue,resolved,1
TICK001248,CUST00235,2026-05-10T08:57:59Z,2026-05-10T15:57:59Z,medium,account_issue,closed,2
TICK001249,CUST00576,2026-01-06T02:07:26Z,2026-01-09T14:07:26Z,medium,payment_issue,resolved,1
TICK001250,CUST00744,2026-01-24T21:43:02Z,2026-01-25T05:43:02Z,low,technical_support,closed,1
TICK001251,CUST00886,2026-03-01T05:25:51Z,,critical,refund_request,open,
TICK001252,CUST00966,2026-04-20T18:39:45Z,,critical,product_question,in_progress,
TICK001253,CUST00355,2026-04-19T14:50:05Z,,high,delivery_delay,open,
TICK001254,CUST00960,2026-04-26T01:10:31Z,2026-04-26T03:10:31Z,low,refund_request,resolved,4
TICK001255,CUST00328,2026-04-19T00:10:55Z,2026-04-21T02:10:55Z,medium,technical_support,closed,2
TICK001256,CUST00973,2026-02-28T11:27:53Z,2026-03-02T04:27:53Z,high,payment_issue,closed,4
TICK001257,CUST00333,2026-02-16T09:23:41Z,,low,payment_issue,open,
TICK001258,CUST00541,2026-03-31T18:37:06Z,2026-04-01T09:37:06Z,high,account_issue,closed,4
TICK001259,CUST00450,2026-04-08T08:25:32Z,2026-04-10T07:25:32Z,low,technical_support,closed,2
TICK001260,CUST00127,2026-03-27T10:51:45Z,,medium,refund_request,open,
TICK001261,CUST00528,2026-04-25T14:25:03Z,2026-04-27T05:25:03Z,medium,product_question,closed,4
TICK001262,CUST00975,2026-04-21T15:32:53Z,2026-04-22T20:32:53Z,high,payment_issue,closed,3
TICK001263,CUST00535,2026-03-17T21:29:50Z,,low,refund_request,in_progress,
TICK001264,CUST00214,2026-04-14T08:07:35Z,,low,product_question,open,
TICK001265,CUST00899,2026-05-15T17:30:56Z,2026-05-19T11:30:56Z,medium,delivery_delay,resolved,5
TICK001266,CUST00354,2026-01-15T07:49:57Z,,critical,delivery_delay,in_progress,
TICK001267,CUST00806,2026-02-21T04:27:24Z,,medium,account_issue,open,
TICK001268,CUST00232,2026-01-03T03:46:28Z,2026-01-04T13:46:28Z,critical,payment_issue,resolved,4
TICK001269,CUST00390,2026-03-19T16:09:51Z,,low,refund_request,in_progress,
TICK001270,CUST00323,2026-01-21T14:15:46Z,2026-01-23T12:15:46Z,critical,payment_issue,resolved,2
TICK001271,CUST00400,2026-01-11T14:58:58Z,,medium,account_issue,open,
TICK001272,CUST00364,2026-05-11T15:56:43Z,2026-05-13T11:56:43Z,medium,product_question,resolved,3
TICK001273,CUST00134,2026-04-11T07:22:37Z,2026-04-12T12:22:37Z,critical,payment_issue,closed,5
TICK001274,CUST00712,2026-03-24T08:54:09Z,,critical,refund_request,in_progress,
TICK001275,CUST00169,2026-02-24T21:09:20Z,,high,account_issue,in_progress,
TICK001276,CUST00075,2026-04-30T04:56:40Z,,critical,payment_issue,open,
TICK001277,CUST00552,2026-04-19T14:14:49Z,2026-04-21T12:14:49Z,high,account_issue,resolved,2
TICK001278,CUST00783,2026-04-14T19:16:14Z,,critical,technical_support,open,
TICK001279,CUST00191,2026-04-28T13:36:26Z,2026-04-30T16:36:26Z,medium,payment_issue,closed,2
TICK001280,CUST00543,2026-05-11T13:34:10Z,2026-05-11T17:34:10Z,critical,account_issue,resolved,5
TICK001281,CUST00328,2026-04-29T01:17:42Z,,medium,payment_issue,in_progress,
TICK001282,CUST00046,2026-03-20T03:15:19Z,2026-03-23T19:15:19Z,low,delivery_delay,resolved,5
TICK001283,CUST00747,2026-02-10T03:53:29Z,2026-02-12T03:53:29Z,critical,product_question,resolved,4
TICK001284,CUST00297,2026-02-03T12:06:27Z,,high,delivery_delay,in_progress,
TICK001285,CUST00959,2026-01-26T02:09:30Z,,medium,product_question,in_progress,
TICK001286,CUST00774,2026-05-19T04:14:02Z,2026-05-21T13:14:02Z,low,payment_issue,closed,4
TICK001287,CUST00404,2026-02-18T09:16:21Z,,critical,refund_request,in_progress,
TICK001288,CUST00507,2026-05-15T20:22:06Z,,medium,technical_support,in_progress,
TICK001289,CUST00237,2026-05-12T19:34:20Z,2026-05-14T03:34:20Z,high,delivery_delay,resolved,4
TICK001290,CUST00173,2026-02-19T11:48:39Z,2026-02-20T09:48:39Z,medium,account_issue,resolved,3
TICK001291,CUST00106,2026-03-29T02:19:07Z,2026-03-30T18:19:07Z,critical,payment_issue,resolved,2
TICK001292,CUST00733,2026-02-20T06:21:16Z,,low,account_issue,in_progress,
TICK001293,CUST00381,2026-04-21T22:37:41Z,,high,delivery_delay,in_progress,
TICK001294,CUST00259,2026-03-08T02:18:25Z,,low,delivery_delay,open,
TICK001295,CUST00003,2026-02-25T08:10:02Z,,medium,delivery_delay,open,
TICK001296,CUST00599,2026-03-09T22:42:24Z,2026-03-14T11:42:24Z,low,payment_issue,closed,3
TICK001297,CUST00791,2026-01-29T19:20:58Z,,low,payment_issue,open,
TICK001298,CUST00478,2026-05-15T16:28:46Z,2026-05-20T05:28:46Z,medium,account_issue,closed,3
TICK001299,CUST00556,2026-02-27T09:25:42Z,,high,product_question,in_progress,
TICK001300,CUST00828,2026-05-14T00:39:33Z,,medium,delivery_delay,in_progress,
TICK001301,CUST00019,2026-05-23T11:06:43Z,2026-05-27T10:06:43Z,medium,refund_request,resolved,1
TICK001302,CUST00173,2026-01-07T18:20:32Z,,high,payment_issue,in_progress,
TICK001303,CUST00500,2026-03-18T20:03:30Z,,critical,product_question,open,
TICK001304,CUST00611,2026-05-19T17:32:03Z,,medium,delivery_delay,open,
TICK001305,CUST00787,2026-02-02T02:15:07Z,2026-02-03T01:15:07Z,high,delivery_delay,closed,5
TICK001306,CUST00648,2026-04-13T22:56:44Z,,medium,product_question,in_progress,
TICK001307,CUST00639,2026-04-25T12:54:19Z,2026-04-30T01:54:19Z,medium,technical_support,closed,2
TICK001308,CUST00921,2026-04-23T18:22:31Z,2026-04-24T01:22:31Z,critical,delivery_delay,resolved,4
TICK001309,CUST00426,2026-04-19T06:51:15Z,,medium,payment_issue,open,
TICK001310,CUST00821,2026-02-10T03:08:47Z,2026-02-11T07:08:47Z,high,delivery_delay,closed,5
TICK001311,CUST00230,2026-03-09T17:18:52Z,2026-03-10T03:18:52Z,medium,payment_issue,closed,3
TICK001312,CUST00453,2026-02-12T00:06:05Z,,low,account_issue,in_progress,
TICK001313,CUST00399,2026-05-01T03:40:33Z,2026-05-04T15:40:33Z,low,payment_issue,resolved,4
TICK001314,CUST00715,2026-01-10T00:08:05Z,,critical,technical_support,open,
TICK001315,CUST00659,2026-02-10T18:42:13Z,,medium,delivery_delay,in_progress,
TICK001316,CUST00009,2026-05-24T21:29:53Z,,high,product_question,open,
TICK001317,CUST00350,2026-01-14T21:31:06Z,2026-01-15T02:31:06Z,high,account_issue,closed,5
TICK001318,CUST00436,2026-04-02T13:44:30Z,2026-04-02T16:44:30Z,medium,product_question,closed,2
TICK001319,CUST00841,2026-02-05T10:38:21Z,2026-02-06T01:38:21Z,medium,delivery_delay,closed,3
TICK001320,CUST00873,2026-02-06T04:25:21Z,,critical,product_question,open,
TICK001321,CUST00748,2026-01-13T17:33:19Z,2026-01-16T06:33:19Z,low,payment_issue,resolved,4
TICK001322,CUST00270,2026-04-18T08:18:32Z,,high,delivery_delay,in_progress,
TICK001323,CUST00500,2026-02-11T02:20:37Z,,medium,product_question,in_progress,
TICK001324,CUST00676,2026-01-11T09:46:49Z,2026-01-12T11:46:49Z,high,payment_issue,closed,4
TICK001325,CUST00492,2026-04-04T01:19:40Z,2026-04-06T21:19:40Z,low,technical_support,resolved,3
TICK001326,CUST00287,2026-02-25T20:34:47Z,,medium,technical_support,open,
TICK001327,CUST00991,2026-03-19T04:22:35Z,,critical,technical_support,in_progress,
TICK001328,CUST00437,2026-05-09T18:53:23Z,2026-05-13T06:53:23Z,medium,payment_issue,closed,1
TICK001329,CUST00035,2026-04-21T00:57:36Z,,high,product_question,in_progress,
TICK001330,CUST00759,2026-05-01T16:18:12Z,,critical,payment_issue,in_progress,
TICK001331,CUST00936,2026-05-19T02:53:12Z,2026-05-23T17:53:12Z,low,refund_request,resolved,1
TICK001332,CUST00534,2026-03-15T08:28:04Z,,high,technical_support,open,
TICK001333,CUST00604,2026-03-05T08:15:58Z,2026-03-08T09:15:58Z,low,technical_support,closed,5
TICK001334,CUST00803,2026-02-20T19:49:46Z,,critical,product_question,open,
TICK001335,CUST00658,2026-01-03T09:39:59Z,,high,account_issue,open,
TICK001336,CUST00381,2026-05-08T08:35:41Z,,medium,payment_issue,open,
TICK001337,CUST00236,2026-02-12T13:05:55Z,2026-02-15T18:05:55Z,low,product_question,closed,4
TICK001338,CUST00780,2026-05-05T05:04:35Z,2026-05-06T16:04:35Z,critical,refund_request,closed,3
TICK001339,CUST00439,2026-05-22T00:10:41Z,,low,delivery_delay,open,
TICK001340,CUST00611,2026-04-28T00:46:30Z,2026-04-29T15:46:30Z,critical,technical_support,closed,5
TICK001341,CUST00436,2026-04-17T09:11:33Z,,critical,payment_issue,open,
TICK001342,CUST00725,2026-04-25T16:22:04Z,2026-04-29T22:22:04Z,low,payment_issue,closed,5
TICK001343,CUST00434,2026-03-30T02:54:07Z,2026-03-30T15:54:07Z,high,refund_request,closed,1
TICK001344,CUST00058,2026-02-18T14:18:43Z,2026-02-19T23:18:43Z,critical,product_question,resolved,3
TICK001345,CUST00712,2026-02-17T14:54:06Z,,low,account_issue,open,
TICK001346,CUST00249,2026-01-07T14:06:18Z,,medium,product_question,in_progress,
TICK001347,CUST00229,2026-05-11T03:34:34Z,,high,technical_support,in_progress,
TICK001348,CUST00333,2026-03-29T22:56:57Z,,low,technical_support,open,
TICK001349,CUST00422,2026-04-07T14:50:05Z,,medium,technical_support,in_progress,
TICK001350,CUST00003,2026-01-31T04:52:49Z,2026-02-02T02:52:49Z,critical,product_question,resolved,2
TICK001351,CUST00794,2026-02-28T17:47:33Z,2026-03-01T02:47:33Z,high,delivery_delay,resolved,4
TICK001352,CUST00098,2026-02-20T17:22:53Z,,high,account_issue,open,
TICK001353,CUST00043,2026-01-31T12:45:28Z,2026-02-04T06:45:28Z,medium,delivery_delay,closed,3
TICK001354,CUST00841,2026-02-11T19:12:47Z,2026-02-13T12:12:47Z,critical,technical_support,closed,1
TICK001355,CUST00955,2026-05-02T11:01:29Z,2026-05-03T07:01:29Z,high,payment_issue,closed,4
TICK001356,CUST00406,2026-05-11T12:12:24Z,,critical,account_issue,in_progress,
TICK001357,CUST00977,2026-04-20T21:15:15Z,2026-04-22T17:15:15Z,high,delivery_delay,closed,3
TICK001358,CUST00448,2026-04-25T12:36:17Z,2026-04-26T06:36:17Z,medium,account_issue,resolved,1
TICK001359,CUST00761,2026-05-21T12:19:05Z,,medium,delivery_delay,open,
TICK001360,CUST00350,2026-01-01T22:40:52Z,2026-01-02T16:40:52Z,high,technical_support,resolved,2
TICK001361,CUST00314,2026-01-29T19:02:53Z,,high,payment_issue,open,
TICK001362,CUST00035,2026-04-25T15:28:53Z,2026-04-27T08:28:53Z,high,refund_request,resolved,3
TICK001363,CUST00835,2026-03-23T20:50:00Z,2026-03-28T01:50:00Z,low,technical_support,closed,5
TICK001364,CUST00176,2026-04-12T15:55:48Z,2026-04-14T06:55:48Z,high,delivery_delay,resolved,2
TICK001365,CUST00558,2026-02-10T04:16:26Z,2026-02-10T20:16:26Z,medium,account_issue,resolved,3
TICK001366,CUST00698,2026-03-25T12:26:06Z,,high,technical_support,in_progress,
TICK001367,CUST00102,2026-01-22T17:43:58Z,,low,account_issue,open,
TICK001368,CUST00653,2026-03-16T10:31:10Z,,medium,technical_support,open,
TICK001369,CUST00748,2026-04-29T17:36:25Z,2026-05-04T11:36:25Z,low,payment_issue,resolved,2
TICK001370,CUST00137,2026-04-02T07:51:05Z,,high,payment_issue,in_progress,
TICK001371,CUST00561,2026-02-07T01:57:06Z,,medium,technical_support,open,
TICK001372,CUST00167,2026-04-07T09:30:32Z,2026-04-09T19:30:32Z,medium,delivery_delay,resolved,3
TICK001373,CUST00756,2026-03-13T07:10:22Z,2026-03-17T19:10:22Z,low,technical_support,closed,1
TICK001374,CUST00388,2026-04-02T21:46:22Z,2026-04-04T10:46:22Z,high,refund_request,closed,2
TICK001375,CUST00523,2026-02-08T13:04:26Z,,low,payment_issue,in_progress,
TICK001376,CUST00421,2026-01-14T08:11:17Z,,low,product_question,in_progress,
TICK001377,CUST00598,2026-01-22T02:36:11Z,2026-01-26T15:36:11Z,medium,technical_support,closed,5
TICK001378,CUST00485,2026-02-05T08:25:15Z,,critical,account_issue,in_progress,
TICK001379,CUST00722,2026-04-24T08:16:25Z,,high,product_question,in_progress,
TICK001380,CUST00108,2026-04-18T03:48:54Z,,low,account_issue,in_progress,
TICK001381,CUST00989,2026-05-18T05:09:41Z,2026-05-19T02:09:41Z,medium,payment_issue,resolved,1
TICK001382,CUST00890,2026-03-13T05:47:57Z,2026-03-17T10:47:57Z,low,product_question,resolved,1
TICK001383,CUST00468,2026-01-15T04:09:47Z,2026-01-15T13:09:47Z,critical,product_question,closed,4
TICK001384,CUST00687,2026-03-14T11:58:35Z,,critical,payment_issue,open,
TICK001385,CUST00977,2026-02-24T12:19:56Z,,medium,delivery_delay,open,
TICK001386,CUST00158,2026-01-31T05:55:30Z,,medium,delivery_delay,in_progress,
TICK001387,CUST00205,2026-03-02T02:53:38Z,,high,account_issue,in_progress,
TICK001388,CUST00639,2026-05-24T11:18:08Z,2026-05-24T12:18:08Z,high,refund_request,resolved,5
TICK001389,CUST00786,2026-04-29T12:32:47Z,2026-05-01T21:32:47Z,medium,payment_issue,resolved,4
TICK001390,CUST00259,2026-03-30T10:10:11Z,,critical,product_question,in_progress,
TICK001391,CUST00723,2026-01-19T15:20:04Z,2026-01-21T14:20:04Z,critical,technical_support,closed,1
TICK001392,CUST00320,2026-05-16T07:04:53Z,,medium,payment_issue,open,
TICK001393,CUST00751,2026-03-24T13:59:24Z,2026-03-28T14:59:24Z,low,payment_issue,closed,3
TICK001394,CUST00446,2026-04-29T09:22:24Z,2026-04-30T01:22:24Z,medium,payment_issue,resolved,5
TICK001395,CUST00363,2026-05-03T06:11:32Z,2026-05-03T17:11:32Z,high,technical_support,resolved,1
TICK001396,CUST00975,2026-04-25T23:01:32Z,2026-04-27T09:01:32Z,medium,technical_support,closed,2
TICK001397,CUST00239,2026-01-23T04:25:05Z,2026-01-26T20:25:05Z,low,account_issue,closed,4
TICK001398,CUST00443,2026-01-08T18:45:26Z,2026-01-08T20:45:26Z,low,technical_support,resolved,5
TICK001399,CUST00534,2026-01-04T06:15:28Z,,medium,delivery_delay,open,
TICK001400,CUST00198,2026-03-14T18:28:56Z,2026-03-17T10:28:56Z,low,technical_support,resolved,2
TICK001401,CUST00539,2026-03-08T15:23:10Z,2026-03-10T13:23:10Z,high,delivery_delay,resolved,5
TICK001402,CUST00690,2026-01-03T23:00:07Z,2026-01-08T21:00:07Z,medium,product_question,closed,5
TICK001403,CUST00987,2026-05-05T11:35:22Z,2026-05-06T16:35:22Z,critical,account_issue,closed,4
TICK001404,CUST00085,2026-03-12T10:00:02Z,2026-03-16T10:00:02Z,low,technical_support,resolved,5
TICK001405,CUST00694,2026-01-13T18:33:53Z,,critical,product_question,open,
TICK001406,CUST00957,2026-02-02T20:37:23Z,,high,refund_request,open,
TICK001407,CUST00887,2026-02-08T16:28:26Z,2026-02-12T17:28:26Z,medium,product_question,closed,4
TICK001408,CUST00003,2026-03-01T03:38:17Z,2026-03-02T05:38:17Z,critical,delivery_delay,resolved,2
TICK001409,CUST00110,2026-03-24T05:40:47Z,,high,product_question,open,
TICK001410,CUST00381,2026-01-23T12:39:33Z,,critical,delivery_delay,in_progress,
TICK001411,CUST00914,2026-02-02T16:11:27Z,2026-02-04T08:11:27Z,low,account_issue,closed,4
TICK001412,CUST00049,2026-01-14T00:46:09Z,,low,delivery_delay,in_progress,
TICK001413,CUST00474,2026-02-18T19:19:54Z,,critical,refund_request,open,
TICK001414,CUST00906,2026-03-07T09:06:36Z,2026-03-07T18:06:36Z,low,delivery_delay,closed,3
TICK001415,CUST00522,2026-01-01T21:19:15Z,2026-01-06T17:19:15Z,medium,refund_request,resolved,4
TICK001416,CUST00569,2026-04-11T11:54:12Z,,high,delivery_delay,in_progress,
TICK001417,CUST00380,2026-01-14T03:34:45Z,,low,payment_issue,open,
TICK001418,CUST00059,2026-03-11T01:10:13Z,,low,product_question,open,
TICK001419,CUST00982,2026-03-10T01:35:01Z,2026-03-11T06:35:01Z,critical,refund_request,closed,5
TICK001420,CUST00827,2026-04-12T21:29:18Z,2026-04-14T16:29:18Z,critical,account_issue,closed,3
TICK001421,CUST00016,2026-04-12T08:29:25Z,,high,account_issue,in_progress,
TICK001422,CUST00775,2026-03-21T08:10:20Z,,medium,account_issue,open,
TICK001423,CUST00456,2026-04-06T17:29:50Z,,medium,delivery_delay,in_progress,
TICK001424,CUST00802,2026-04-09T14:59:57Z,,high,delivery_delay,in_progress,
TICK001425,CUST00283,2026-03-03T10:57:18Z,2026-03-03T11:57:18Z,medium,technical_support,closed,5
TICK001426,CUST00701,2026-02-08T02:41:07Z,2026-02-12T22:41:07Z,low,delivery_delay,closed,5
TICK001427,CUST00924,2026-01-21T03:44:27Z,,high,technical_support,in_progress,
TICK001428,CUST00148,2026-03-26T20:54:34Z,,medium,refund_request,open,
TICK001429,CUST00800,2026-04-16T02:53:16Z,,critical,payment_issue,in_progress,
TICK001430,CUST00355,2026-01-18T03:25:57Z,2026-01-18T19:25:57Z,critical,technical_support,closed,5
TICK001431,CUST00816,2026-01-05T05:55:46Z,,critical,technical_support,in_progress,
TICK001432,CUST00293,2026-03-13T01:06:38Z,2026-03-16T18:06:38Z,medium,refund_request,resolved,2
TICK001433,CUST00523,2026-04-07T13:38:12Z,2026-04-11T12:38:12Z,low,account_issue,closed,4
TICK001434,CUST00190,2026-05-10T05:32:43Z,,medium,product_question,in_progress,
TICK001435,CUST00510,2026-02-11T02:15:07Z,,low,technical_support,in_progress,
TICK001436,CUST00392,2026-04-20T12:53:49Z,2026-04-25T01:53:49Z,low,product_question,resolved,2
TICK001437,CUST00628,2026-04-27T01:44:26Z,2026-05-01T12:44:26Z,medium,payment_issue,resolved,1
TICK001438,CUST00962,2026-05-17T21:23:50Z,2026-05-18T09:23:50Z,low,payment_issue,closed,5
TICK001439,CUST00439,2026-02-16T08:34:39Z,,critical,refund_request,in_progress,
TICK001440,CUST00419,2026-01-07T10:21:05Z,2026-01-07T22:21:05Z,high,delivery_delay,resolved,5
TICK001441,CUST00457,2026-02-01T23:22:47Z,2026-02-03T03:22:47Z,medium,account_issue,closed,3
TICK001442,CUST00459,2026-02-15T10:25:14Z,2026-02-16T19:25:14Z,high,product_question,resolved,2
TICK001443,CUST00615,2026-03-19T20:12:34Z,2026-03-22T03:12:34Z,medium,technical_support,resolved,1
TICK001444,CUST00750,2026-05-17T16:16:54Z,,critical,account_issue,open,
TICK001445,CUST00308,2026-04-27T12:36:57Z,,high,product_question,open,
TICK001446,CUST00503,2026-01-28T09:24:02Z,,critical,payment_issue,open,
TICK001447,CUST00167,2026-01-19T16:09:58Z,2026-01-20T10:09:58Z,low,account_issue,closed,4
TICK001448,CUST00765,2026-04-15T06:04:05Z,,medium,payment_issue,in_progress,
TICK001449,CUST00117,2026-03-31T00:47:59Z,,high,account_issue,open,
TICK001450,CUST00058,2026-02-17T13:00:47Z,2026-02-18T21:00:47Z,critical,payment_issue,closed,2
TICK001451,CUST00442,2026-05-12T17:03:18Z,2026-05-14T12:03:18Z,medium,technical_support,closed,1
TICK001452,CUST00017,2026-01-22T07:36:55Z,2026-01-23T22:36:55Z,medium,product_question,closed,1
TICK001453,CUST00093,2026-03-03T06:35:11Z,2026-03-05T00:35:11Z,high,account_issue,closed,3
TICK001454,CUST00198,2026-04-14T14:11:27Z,2026-04-15T14:11:27Z,critical,refund_request,closed,4
TICK001455,CUST00800,2026-04-29T06:36:06Z,2026-05-01T03:36:06Z,critical,refund_request,closed,1
TICK001456,CUST00461,2026-01-19T12:28:36Z,,high,refund_request,in_progress,
TICK001457,CUST00203,2026-04-14T23:42:04Z,2026-04-19T00:42:04Z,low,payment_issue,resolved,4
TICK001458,CUST00320,2026-03-07T00:48:34Z,,high,technical_support,open,
TICK001459,CUST00879,2026-01-27T12:05:19Z,2026-01-30T13:05:19Z,medium,product_question,closed,5
TICK001460,CUST00004,2026-04-25T01:57:14Z,2026-04-26T16:57:14Z,high,delivery_delay,resolved,5
TICK001461,CUST00141,2026-02-16T05:04:32Z,,low,technical_support,open,
TICK001462,CUST00140,2026-01-19T09:26:31Z,2026-01-19T10:26:31Z,critical,refund_request,resolved,2
TICK001463,CUST00783,2026-01-23T01:53:35Z,,low,technical_support,in_progress,
TICK001464,CUST00061,2026-01-26T23:38:09Z,,high,delivery_delay,in_progress,
TICK001465,CUST00872,2026-02-23T14:53:50Z,2026-02-24T14:53:50Z,critical,product_question,resolved,2
TICK001466,CUST00854,2026-03-21T15:09:30Z,,high,payment_issue,open,
TICK001467,CUST00924,2026-05-16T09:07:08Z,,high,technical_support,in_progress,
TICK001468,CUST00194,2026-05-13T09:03:32Z,,critical,account_issue,open,
TICK001469,CUST00248,2026-03-02T05:44:57Z,2026-03-02T11:44:57Z,critical,refund_request,resolved,4
TICK001470,CUST00603,2026-02-06T12:55:06Z,,high,technical_support,open,
TICK001471,CUST00231,2026-04-11T14:41:13Z,,critical,delivery_delay,open,
TICK001472,CUST00195,2026-04-07T10:15:28Z,2026-04-09T05:15:28Z,high,product_question,closed,1
TICK001473,CUST00366,2026-02-06T06:55:52Z,,high,payment_issue,open,
TICK001474,CUST00687,2026-02-15T09:26:38Z,2026-02-16T22:26:38Z,low,product_question,resolved,5
TICK001475,CUST00944,2026-03-08T16:24:57Z,2026-03-10T06:24:57Z,medium,delivery_delay,closed,2
TICK001476,CUST00934,2026-02-07T03:34:11Z,2026-02-07T16:34:11Z,critical,refund_request,closed,2
TICK001477,CUST00349,2026-04-22T05:10:56Z,2026-04-24T01:10:56Z,medium,product_question,closed,5
TICK001478,CUST01000,2026-05-21T23:34:13Z,2026-05-22T11:34:13Z,high,refund_request,resolved,4
TICK001479,CUST00132,2026-01-29T12:47:55Z,2026-01-30T18:47:55Z,low,technical_support,closed,4
TICK001480,CUST00288,2026-03-06T11:52:30Z,2026-03-07T03:52:30Z,medium,technical_support,resolved,2
TICK001481,CUST00228,2026-02-19T05:27:39Z,2026-02-20T07:27:39Z,low,refund_request,closed,1
TICK001482,CUST00741,2026-01-16T15:36:20Z,2026-01-16T17:36:20Z,medium,refund_request,closed,1
TICK001483,CUST00235,2026-03-14T17:30:32Z,2026-03-17T04:30:32Z,medium,technical_support,resolved,4
TICK001484,CUST00175,2026-04-20T16:29:50Z,2026-04-22T14:29:50Z,critical,product_question,closed,3
TICK001485,CUST00916,2026-03-27T17:58:30Z,2026-03-29T02:58:30Z,high,product_question,resolved,4
TICK001486,CUST00643,2026-01-17T20:22:38Z,,low,account_issue,in_progress,
TICK001487,CUST00175,2026-04-03T18:26:56Z,,high,refund_request,in_progress,
TICK001488,CUST00320,2026-03-02T18:05:20Z,2026-03-02T19:05:20Z,high,account_issue,resolved,2
TICK001489,CUST00299,2026-03-19T06:04:26Z,,low,refund_request,in_progress,
TICK001490,CUST00935,2026-04-11T04:48:32Z,2026-04-15T11:48:32Z,medium,delivery_delay,closed,4
TICK001491,CUST00500,2026-03-24T08:18:41Z,,low,account_issue,in_progress,
TICK001492,CUST00435,2026-05-10T10:24:08Z,2026-05-11T00:24:08Z,medium,refund_request,resolved,1
TICK001493,CUST00079,2026-02-08T10:34:24Z,2026-02-12T01:34:24Z,low,delivery_delay,closed,1
TICK001494,CUST00113,2026-04-09T21:49:45Z,2026-04-11T18:49:45Z,high,refund_request,resolved,4
TICK001495,CUST00285,2026-02-14T21:23:24Z,,medium,product_question,open,
TICK001496,CUST00096,2026-02-11T14:17:11Z,,critical,payment_issue,in_progress,
TICK001497,CUST00829,2026-01-03T04:53:16Z,2026-01-05T04:53:16Z,high,technical_support,resolved,4
TICK001498,CUST00577,2026-04-09T22:48:43Z,2026-04-10T22:48:43Z,medium,product_question,closed,3
TICK001499,CUST00632,2026-04-28T17:10:35Z,2026-04-28T23:10:35Z,critical,payment_issue,closed,1
TICK001500,CUST00100,2026-03-06T09:37:58Z,,critical,refund_request,in_progress,
