payment_id,order_id,payment_ts,payment_method,payment_status,amount,currency
PAY0000001,ORD0000001,2026-04-15T11:31:58Z,wallet,success,12227.12,SGD
PAY0000002,ORD0000002,2026-01-11T13:08:27Z,wallet,success,3375.89,SGD
PAY0000003,ORD0000003,2026-03-03T10:43:02Z,paypal,success,20750.05,SGD
PAY0000004,ORD0000004,2026-01-15T02:57:28Z,card,success,12150.14,SGD
PAY0000005,ORD0000005,2026-01-31T09:35:12Z,card,failed,7176.64,SGD
PAY0000006,ORD0000006,2026-05-12T13:48:44Z,wallet,success,3757.16,SGD
PAY0000007,ORD0000007,2026-04-17T09:35:12Z,wallet,success,12303.31,SGD
PAY0000008,ORD0000008,2026-02-05T19:20:05Z,bank_transfer,success,19163.34,SGD
PAY0000009,ORD0000009,2026-01-14T03:49:59Z,bank_transfer,success,7471.14,SGD
PAY0000010,ORD0000010,2026-01-25T23:29:33Z,wallet,pending,6607.35,SGD
PAY0000011,ORD0000011,2026-03-29T12:37:44Z,wallet,success,12799.76,SGD
PAY0000012,ORD0000012,2026-02-13T01:48:04Z,wallet,success,3190.24,SGD
PAY0000013,ORD0000013,2026-04-18T03:44:37Z,card,success,1326.56,SGD
PAY0000014,ORD0000014,2026-04-15T15:58:31Z,wallet,success,8871.0,SGD
PAY0000015,ORD0000015,2026-04-24T00:13:22Z,card,pending,14201.24,SGD
PAY0000016,ORD0000016,2026-03-18T05:19:29Z,paypal,success,9833.02,SGD
PAY0000017,ORD0000017,2026-04-30T06:59:54Z,paypal,success,6913.35,SGD
PAY0000018,ORD0000018,2026-05-23T03:59:17Z,paypal,success,4343.83,SGD
PAY0000019,ORD0000019,2026-05-10T21:15:05Z,wallet,success,10264.57,SGD
PAY0000020,ORD0000020,2026-02-21T03:29:30Z,paypal,failed,16294.78,SGD
PAY0000021,ORD0000021,2026-03-20T20:30:42Z,wallet,success,4158.09,SGD
PAY0000022,ORD0000022,2026-04-10T23:14:10Z,wallet,success,11098.94,SGD
PAY0000023,ORD0000023,2026-02-14T18:00:30Z,card,success,9315.31,SGD
PAY0000024,ORD0000024,2026-03-21T18:57:44Z,wallet,success,2591.61,SGD
PAY0000025,ORD0000025,2026-04-22T03:29:05Z,bank_transfer,success,3788.12,SGD
PAY0000026,ORD0000026,2026-04-20T10:58:17Z,bank_transfer,refunded,2636.13,SGD
PAY0000027,ORD0000027,2026-01-17T16:17:01Z,bank_transfer,success,7218.48,SGD
PAY0000028,ORD0000028,2026-05-09T04:04:09Z,bank_transfer,failed,11807.03,SGD
PAY0000029,ORD0000029,2026-03-16T21:28:57Z,bank_transfer,success,846.02,SGD
PAY0000030,ORD0000030,2026-01-30T01:08:20Z,paypal,failed,658.6,SGD
PAY0000031,ORD0000031,2026-04-14T05:35:35Z,paypal,pending,1314.62,SGD
PAY0000032,ORD0000032,2026-05-12T18:24:56Z,wallet,success,8766.46,SGD
PAY0000033,ORD0000033,2026-03-16T01:58:27Z,wallet,success,10706.09,SGD
PAY0000034,ORD0000034,2026-04-27T04:54:39Z,wallet,success,7515.33,SGD
PAY0000035,ORD0000035,2026-05-08T04:03:21Z,bank_transfer,success,7888.21,SGD
PAY0000036,ORD0000036,2026-04-15T03:56:47Z,paypal,failed,10109.18,SGD
PAY0000037,ORD0000037,2026-03-01T13:27:25Z,wallet,success,9026.9,SGD
PAY0000038,ORD0000038,2026-05-16T19:37:39Z,wallet,success,5511.96,SGD
PAY0000039,ORD0000039,2026-04-17T23:31:16Z,paypal,success,1875.54,SGD
PAY0000040,ORD0000040,2026-01-18T18:16:12Z,paypal,success,8081.31,SGD
PAY0000041,ORD0000041,2026-03-19T21:03:25Z,bank_transfer,success,9808.36,SGD
PAY0000042,ORD0000042,2026-01-07T14:34:51Z,card,success,-17803.09,SGD
PAY0000043,ORD0000043,2026-02-23T15:19:32Z,card,success,8172.05,SGD
PAY0000044,ORD0000044,2026-01-18T12:33:12Z,bank_transfer,refunded,6463.0,SGD
PAY0000045,ORD0000045,2026-03-20T11:42:24Z,paypal,failed,2077.99,SGD
PAY0000046,ORD0000046,2026-01-15T02:03:35Z,bank_transfer,success,15747.5,SGD
PAY0000047,ORD0000047,2026-03-15T06:37:17Z,paypal,success,17384.76,SGD
PAY0000048,ORD0000048,2026-02-20T02:27:37Z,card,success,10176.74,SGD
PAY0000049,ORD0000049,2026-02-21T03:48:54Z,paypal,success,7692.4,SGD
PAY0000050,ORD0000050,2026-03-02T23:42:11Z,paypal,success,1406.96,SGD
PAY0000051,ORD0000051,2026-05-24T03:12:31Z,card,success,3665.98,SGD
PAY0000052,ORD0000052,2026-05-01T03:21:13Z,paypal,success,3420.33,SGD
PAY0000053,ORD0000053,2026-01-02T07:44:06Z,paypal,success,1717.32,SGD
PAY0000054,ORD0000054,2026-04-22T15:06:15Z,bank_transfer,success,7378.57,SGD
PAY0000055,ORD0000055,2026-04-16T02:07:40Z,paypal,success,16584.47,SGD
PAY0000056,ORD0000056,2026-05-11T22:10:52Z,paypal,success,12081.26,SGD
PAY0000057,ORD0000057,2026-04-30T01:18:43Z,bank_transfer,success,5169.3,SGD
PAY0000058,ORD0000058,2026-03-19T19:28:48Z,bank_transfer,success,10027.63,SGD
PAY0000059,ORD0000059,2026-03-26T00:09:07Z,wallet,success,6434.83,SGD
PAY0000060,ORD0000060,2026-04-08T00:34:40Z,card,success,14226.36,SGD
PAY0000061,ORD0000061,2026-02-11T20:12:01Z,card,success,14089.68,SGD
PAY0000062,ORD0000062,2026-01-04T22:16:21Z,card,success,3020.22,SGD
PAY0000063,ORD0000063,2026-04-22T21:25:45Z,card,pending,20537.92,SGD
PAY0000064,ORD0000064,2026-02-25T16:51:47Z,wallet,pending,6350.56,SGD
PAY0000065,ORD0000065,2026-01-14T21:20:15Z,bank_transfer,success,6326.74,SGD
PAY0000066,ORD0000066,2026-05-06T04:31:36Z,bank_transfer,success,7074.21,SGD
PAY0000067,ORD0000067,2026-02-05T17:03:18Z,wallet,success,2250.21,SGD
PAY0000068,ORD0000068,2026-02-02T11:27:32Z,card,success,2129.23,SGD
PAY0000069,ORD0000069,2026-01-11T11:05:41Z,card,success,3507.28,SGD
PAY0000070,ORD0000070,2026-02-14T14:01:34Z,paypal,pending,6622.85,SGD
PAY0000071,ORD0000071,2026-03-05T03:52:52Z,bank_transfer,success,9657.67,SGD
PAY0000072,ORD0000072,2026-05-04T11:59:51Z,wallet,success,9047.49,SGD
PAY0000073,ORD0000073,2026-03-13T01:33:25Z,bank_transfer,refunded,9820.37,SGD
PAY0000074,ORD0000074,2026-01-02T15:45:37Z,wallet,failed,10997.27,SGD
PAY0000075,ORD0000075,2026-03-21T23:30:41Z,wallet,success,16300.45,SGD
PAY0000076,ORD0000076,2026-05-02T12:10:59Z,bank_transfer,success,10782.45,SGD
PAY0000077,ORD0000077,2026-01-27T13:42:50Z,bank_transfer,success,2562.44,SGD
PAY0000078,ORD0000078,2026-05-01T22:51:34Z,paypal,success,1578.11,SGD
PAY0000079,ORD0000079,2026-01-20T21:41:44Z,wallet,success,4132.12,SGD
PAY0000080,ORD0000080,2026-02-12T05:02:11Z,bank_transfer,success,6370.13,SGD
PAY0000081,ORD0000081,2026-02-21T18:36:48Z,card,success,4408.86,SGD
PAY0000082,ORD0000082,2026-03-16T04:12:46Z,paypal,success,3865.89,SGD
PAY0000083,ORD0000083,2026-05-24T05:39:13Z,bank_transfer,refunded,6434.3,SGD
PAY0000084,ORD0000084,2026-03-17T15:03:39Z,paypal,success,8729.33,SGD
PAY0000085,ORD0000085,2026-04-04T11:00:32Z,card,success,9581.87,SGD
PAY0000086,ORD0000086,2026-01-04T00:07:14Z,wallet,success,6011.84,SGD
PAY0000087,ORD0000087,2026-04-26T20:01:02Z,paypal,failed,8090.0,SGD
PAY0000088,ORD0000088,2026-05-02T10:47:40Z,bank_transfer,success,3176.94,SGD
PAY0000089,ORD0000089,2026-04-05T17:48:45Z,card,success,11202.29,SGD
PAY0000090,ORD0000090,2026-05-21T17:02:41Z,wallet,success,7992.85,SGD
PAY0000091,ORD0000091,2026-04-21T02:39:17Z,paypal,success,9830.77,SGD
PAY0000092,ORD0000092,2026-02-21T03:49:47Z,card,pending,4962.14,SGD
PAY0000093,ORD0000093,2026-03-12T17:47:48Z,bank_transfer,success,3368.22,SGD
PAY0000094,ORD0000094,2026-04-12T19:56:31Z,card,success,8750.43,SGD
PAY0000095,ORD0000095,2026-05-09T00:14:17Z,card,success,2466.71,SGD
PAY0000096,ORD0000096,2026-04-05T07:34:22Z,wallet,success,6045.39,SGD
PAY0000097,ORD0000097,2026-04-06T04:54:39Z,paypal,success,10886.31,SGD
PAY0000098,ORD0000098,2026-04-06T10:44:56Z,paypal,success,10610.19,SGD
PAY0000099,ORD0000099,2026-01-08T22:18:26Z,wallet,failed,2374.02,SGD
PAY0000100,ORD0000100,2026-05-21T21:21:46Z,card,success,12930.21,SGD
PAY0000101,ORD0000101,2026-01-21T12:38:54Z,bank_transfer,failed,13353.7,SGD
PAY0000102,ORD0000102,2026-01-31T17:13:20Z,paypal,success,18409.98,SGD
PAY0000103,ORD0000103,2026-04-16T23:52:09Z,bank_transfer,success,-13185.22,SGD
PAY0000104,ORD0000104,2026-04-26T17:04:21Z,wallet,success,13864.64,SGD
PAY0000105,ORD0000105,2026-01-08T09:20:50Z,bank_transfer,success,5542.77,SGD
PAY0000106,ORD0000106,2026-04-21T18:57:46Z,wallet,success,13259.32,SGD
PAY0000107,ORD0000107,2026-05-05T19:05:24Z,card,success,6181.89,SGD
PAY0000108,ORD0000108,2026-03-06T22:36:07Z,wallet,success,23548.84,SGD
PAY0000109,ORD0000109,2026-03-01T04:26:36Z,paypal,success,1330.08,SGD
PAY0000110,ORD0000110,2026-05-16T12:56:15Z,paypal,success,7739.72,SGD
PAY0000111,ORD0000111,2026-03-25T22:22:58Z,bank_transfer,success,14812.0,SGD
PAY0000112,ORD0000112,2026-03-19T10:55:14Z,wallet,pending,7958.03,SGD
PAY0000113,ORD0000113,2026-04-30T14:51:11Z,card,failed,8749.05,SGD
PAY0000114,ORD0000114,2026-03-12T23:41:14Z,card,success,8312.94,SGD
PAY0000115,ORD0000115,2026-03-09T23:16:47Z,paypal,refunded,11533.61,SGD
PAY0000116,ORD0000116,2026-05-24T16:00:00Z,paypal,success,2235.99,SGD
PAY0000117,ORD0000117,2026-03-29T10:41:20Z,card,pending,1897.44,SGD
PAY0000118,ORD0000118,2026-04-17T03:52:17Z,wallet,success,13387.89,SGD
PAY0000119,ORD0000119,2026-04-24T05:05:59Z,bank_transfer,success,12438.52,SGD
PAY0000120,ORD0000120,2026-03-17T12:34:03Z,bank_transfer,success,2720.77,SGD
PAY0000121,ORD0000121,2026-03-16T00:10:46Z,paypal,pending,2329.96,SGD
PAY0000122,ORD0000122,2026-02-08T15:57:32Z,card,success,3349.6,SGD
PAY0000123,ORD0000123,2026-03-09T09:56:41Z,card,pending,12948.28,SGD
PAY0000124,ORD0000124,2026-03-17T05:27:44Z,wallet,success,14536.37,SGD
PAY0000125,ORD0000125,2026-02-16T17:39:45Z,wallet,pending,4981.91,SGD
PAY0000126,ORD0000126,2026-05-07T17:19:34Z,paypal,success,16598.79,SGD
PAY0000127,ORD0000127,2026-04-20T16:52:54Z,card,success,4385.78,SGD
PAY0000128,ORD0000128,2026-01-06T18:58:08Z,wallet,success,14272.67,SGD
PAY0000129,ORD0000129,2026-02-05T22:32:51Z,paypal,success,6591.69,SGD
PAY0000130,ORD0000130,2026-04-03T13:37:38Z,paypal,success,5252.5,SGD
PAY0000131,ORD0000131,2026-03-21T09:51:48Z,card,success,8735.32,SGD
PAY0000132,ORD0000132,2026-04-30T21:21:18Z,paypal,refunded,8349.33,SGD
PAY0000133,ORD0000133,2026-03-02T19:34:28Z,bank_transfer,refunded,12958.34,SGD
PAY0000134,ORD0000134,2026-02-17T18:55:45Z,card,refunded,16064.88,SGD
PAY0000135,ORD0000135,2026-02-25T14:27:30Z,wallet,success,2054.7,SGD
PAY0000136,ORD0000136,2026-05-06T12:38:04Z,bank_transfer,refunded,2636.13,SGD
PAY0000137,ORD0000137,2026-03-22T07:23:33Z,paypal,success,6932.55,SGD
PAY0000138,ORD0000138,2026-05-23T10:31:00Z,paypal,success,7442.79,SGD
PAY0000139,ORD0000139,2026-04-12T17:17:56Z,paypal,refunded,5021.39,SGD
PAY0000140,ORD0000140,2026-05-09T03:01:02Z,bank_transfer,success,6061.73,SGD
PAY0000141,ORD0000141,2026-03-28T16:49:50Z,wallet,success,4934.79,SGD
PAY0000142,ORD0000142,2026-03-31T02:05:46Z,paypal,refunded,9056.17,SGD
PAY0000143,ORD0000143,2026-01-16T11:27:13Z,bank_transfer,pending,10274.06,SGD
PAY0000144,ORD0000144,2026-01-29T05:54:37Z,wallet,success,9947.0,SGD
PAY0000145,ORD0000145,2026-03-30T11:50:41Z,card,success,7766.09,SGD
PAY0000146,ORD0000146,2026-04-02T10:40:55Z,bank_transfer,success,782.06,SGD
PAY0000147,ORD0000147,2026-02-10T18:08:01Z,card,refunded,6128.99,SGD
PAY0000148,ORD0000148,2026-05-21T15:58:48Z,card,failed,14213.87,SGD
PAY0000149,ORD0000149,2026-05-22T15:36:49Z,card,failed,11882.92,SGD
PAY0000150,ORD0000150,2026-01-23T22:47:25Z,wallet,pending,5545.34,SGD
PAY0000151,ORD0000151,2026-05-05T11:16:51Z,bank_transfer,success,9337.5,SGD
PAY0000152,ORD0000152,2026-05-14T04:52:35Z,wallet,success,9230.81,SGD
PAY0000153,ORD0000153,2026-05-11T15:37:04Z,paypal,success,6823.77,SGD
PAY0000154,ORD0000154,2026-03-22T09:34:39Z,paypal,success,2953.16,SGD
PAY0000155,ORD0000155,2026-04-15T02:07:26Z,paypal,success,5969.48,SGD
PAY0000156,ORD0000156,2026-01-07T02:21:38Z,wallet,success,13504.43,SGD
PAY0000157,ORD0000157,2026-03-03T01:56:24Z,bank_transfer,failed,1006.06,SGD
PAY0000158,ORD0000158,2026-03-29T19:25:10Z,bank_transfer,success,2392.83,SGD
PAY0000159,ORD0000159,2026-02-09T05:59:48Z,bank_transfer,success,5125.13,SGD
PAY0000160,ORD0000160,2026-03-05T15:29:19Z,paypal,success,6690.75,SGD
PAY0000161,ORD0000161,2026-01-08T03:55:49Z,wallet,success,10064.05,SGD
PAY0000162,ORD0000162,2026-01-10T01:00:36Z,bank_transfer,success,12353.32,SGD
PAY0000163,ORD0000163,2026-04-14T10:19:06Z,bank_transfer,success,8104.92,SGD
PAY0000164,ORD0000164,2026-04-16T09:29:01Z,card,success,5920.41,SGD
PAY0000165,ORD0000165,2026-03-28T05:11:52Z,bank_transfer,success,2548.76,SGD
PAY0000166,ORD0000166,2026-03-24T20:27:27Z,card,refunded,11500.5,SGD
PAY0000167,ORD0000167,2026-03-11T02:29:45Z,card,success,10013.46,SGD
PAY0000168,ORD0000168,2026-01-26T15:40:37Z,bank_transfer,success,12491.86,SGD
PAY0000169,ORD0000169,2026-04-30T20:12:30Z,bank_transfer,success,13418.48,SGD
PAY0000170,ORD0000170,2026-04-03T07:41:07Z,bank_transfer,success,7411.9,SGD
PAY0000171,ORD0000171,2026-05-19T18:14:13Z,paypal,success,3201.68,SGD
PAY0000172,ORD0000172,2026-05-01T14:11:11Z,paypal,success,9070.19,SGD
PAY0000173,ORD0000173,2026-05-15T19:16:41Z,bank_transfer,success,4853.61,SGD
PAY0000174,ORD0000174,2026-04-26T00:59:48Z,bank_transfer,success,8683.7,SGD
PAY0000175,ORD0000175,2026-04-07T00:59:56Z,wallet,failed,657.31,SGD
PAY0000176,ORD0000176,2026-01-29T12:58:22Z,card,failed,5980.02,SGD
PAY0000177,ORD0000177,2026-02-09T22:45:10Z,wallet,pending,6893.66,SGD
PAY0000178,ORD0000178,2026-04-24T03:43:16Z,bank_transfer,success,8769.2,SGD
PAY0000179,ORD0000179,2026-02-24T19:29:25Z,paypal,success,10085.56,SGD
PAY0000180,ORD0000180,2026-03-16T03:01:19Z,paypal,failed,14083.5,SGD
PAY0000181,ORD0000181,2026-01-03T07:50:21Z,wallet,success,5739.27,SGD
PAY0000182,ORD0000182,2026-01-27T10:17:39Z,wallet,success,9697.8,SGD
PAY0000183,ORD0000183,2026-02-04T22:36:59Z,wallet,success,9088.05,SGD
PAY0000184,ORD0000184,2026-04-08T11:04:32Z,wallet,success,11665.65,SGD
PAY0000185,ORD0000185,2026-05-15T02:27:01Z,card,success,5778.37,SGD
PAY0000186,ORD0000186,2026-04-29T12:12:06Z,card,success,10725.12,SGD
PAY0000187,ORD0000187,2026-05-04T02:56:54Z,wallet,success,11414.5,SGD
PAY0000188,ORD0000188,2026-03-10T13:03:03Z,bank_transfer,success,8877.47,SGD
PAY0000189,ORD0000189,2026-05-03T05:07:02Z,wallet,success,10772.61,SGD
PAY0000190,ORD0000190,2026-02-24T00:27:09Z,wallet,success,6943.94,SGD
PAY0000191,ORD0000191,2026-02-03T21:54:34Z,wallet,refunded,2776.35,SGD
PAY0000192,ORD0000192,2026-02-05T03:33:54Z,card,success,676.63,SGD
PAY0000193,ORD0000193,2026-04-07T09:14:11Z,bank_transfer,success,7011.68,SGD
PAY0000194,ORD0000194,2026-05-05T17:17:13Z,paypal,success,1772.51,SGD
PAY0000195,ORD0000195,2026-04-03T13:12:41Z,paypal,pending,18618.78,SGD
PAY0000196,ORD0000196,2026-05-12T18:56:30Z,wallet,success,16289.35,SGD
PAY0000197,ORD0000197,2026-01-20T02:50:10Z,paypal,success,21710.1,SGD
PAY0000198,ORD0000198,2026-04-17T08:54:34Z,bank_transfer,success,431.61,SGD
PAY0000199,ORD0000199,2026-03-28T15:43:28Z,paypal,success,1776.3,SGD
PAY0000200,ORD0000200,2026-04-26T10:14:11Z,card,failed,4904.25,SGD
PAY0000201,ORD0000201,2026-04-28T11:54:24Z,bank_transfer,success,5581.71,SGD
PAY0000202,ORD0000202,2026-01-15T18:12:13Z,bank_transfer,success,7500.97,SGD
PAY0000203,ORD0000203,2026-01-13T03:30:46Z,wallet,success,10488.13,SGD
PAY0000204,ORD0000204,2026-03-18T06:52:32Z,wallet,success,12107.81,SGD
PAY0000205,ORD0000205,2026-02-20T07:31:36Z,wallet,success,251.23,SGD
PAY0000206,ORD0000206,2026-03-28T14:37:39Z,wallet,success,11375.9,SGD
PAY0000207,ORD0000207,2026-03-17T23:54:54Z,paypal,success,6951.45,SGD
PAY0000208,ORD0000208,2026-03-26T17:23:33Z,paypal,success,-973.41,SGD
PAY0000209,ORD0000209,2026-04-21T05:02:53Z,paypal,success,12050.91,SGD
PAY0000210,ORD0000210,2026-04-14T21:19:20Z,bank_transfer,success,2818.66,SGD
PAY0000211,ORD0000211,2026-01-08T17:00:47Z,wallet,pending,3012.31,SGD
PAY0000212,ORD0000212,2026-01-17T13:22:16Z,bank_transfer,success,6821.73,SGD
PAY0000213,ORD0000213,2026-04-15T23:36:18Z,card,success,4667.25,SGD
PAY0000214,ORD0000214,2026-01-24T00:42:30Z,bank_transfer,success,14112.32,SGD
PAY0000215,ORD0000215,2026-05-01T03:34:22Z,wallet,success,2118.53,SGD
PAY0000216,ORD0000216,2026-03-01T17:24:44Z,card,success,7482.04,SGD
PAY0000217,ORD0000217,2026-02-09T08:29:34Z,wallet,pending,8430.21,SGD
PAY0000218,ORD0000218,2026-02-11T10:25:56Z,paypal,success,15630.99,SGD
PAY0000219,ORD0000219,2026-04-24T00:41:01Z,bank_transfer,success,10843.43,SGD
PAY0000220,ORD0000220,2026-04-05T14:41:58Z,bank_transfer,success,262.96,SGD
PAY0000221,ORD0000221,2026-05-15T16:03:38Z,wallet,refunded,6865.93,SGD
PAY0000222,ORD0000222,2026-02-03T21:41:25Z,wallet,refunded,1871.69,SGD
PAY0000223,ORD0000223,2026-02-28T12:23:33Z,bank_transfer,success,10631.47,SGD
PAY0000224,ORD0000224,2026-05-02T16:30:05Z,wallet,refunded,2435.89,SGD
PAY0000225,ORD0000225,2026-02-04T07:00:42Z,bank_transfer,success,5317.53,SGD
PAY0000226,ORD0000226,2026-02-18T19:34:26Z,card,success,7853.1,SGD
PAY0000227,ORD0000227,2026-02-15T18:19:36Z,paypal,success,12474.84,SGD
PAY0000228,ORD0000228,2026-02-14T06:48:28Z,bank_transfer,success,4897.69,SGD
PAY0000229,ORD0000229,2026-04-24T15:04:39Z,paypal,failed,1114.92,SGD
PAY0000230,ORD0000230,2026-03-17T05:43:24Z,bank_transfer,success,4045.46,SGD
PAY0000231,ORD0000231,2026-03-07T06:32:01Z,paypal,success,1173.09,SGD
PAY0000232,ORD0000232,2026-04-01T10:08:49Z,wallet,failed,16668.46,SGD
PAY0000233,ORD0000233,2026-04-18T08:11:40Z,bank_transfer,success,4834.05,SGD
PAY0000234,ORD0000234,2026-04-02T22:38:07Z,card,success,6964.32,SGD
PAY0000235,ORD0000235,2026-04-25T22:15:20Z,card,success,12167.89,SGD
PAY0000236,ORD0000236,2026-04-07T04:23:44Z,bank_transfer,success,1136.49,SGD
PAY0000237,ORD0000237,2026-02-12T08:15:01Z,paypal,success,2637.96,SGD
PAY0000238,ORD0000238,2026-03-31T05:01:47Z,paypal,success,12759.56,SGD
PAY0000239,ORD0000239,2026-05-02T21:18:11Z,card,success,17325.53,SGD
PAY0000240,ORD0000240,2026-05-13T23:38:15Z,wallet,success,17203.19,SGD
PAY0000241,ORD0000241,2026-03-13T05:33:05Z,bank_transfer,success,5536.17,SGD
PAY0000242,ORD0000242,2026-04-23T15:59:08Z,card,success,4065.26,SGD
PAY0000243,ORD0000243,2026-05-13T02:56:10Z,bank_transfer,pending,8410.6,SGD
PAY0000244,ORD0000244,2026-05-18T21:35:32Z,paypal,success,7803.46,SGD
PAY0000245,ORD0000245,2026-01-15T22:58:01Z,card,success,2132.86,SGD
PAY0000246,ORD0000246,2026-05-02T21:02:08Z,bank_transfer,success,5403.12,SGD
PAY0000247,ORD0000247,2026-02-06T17:14:11Z,paypal,success,6274.83,SGD
PAY0000248,ORD0000248,2026-03-08T14:00:43Z,card,failed,12985.08,SGD
PAY0000249,ORD0000249,2026-01-26T16:28:04Z,card,success,9129.46,SGD
PAY0000250,ORD0000250,2026-03-10T13:44:45Z,paypal,success,7123.03,SGD
PAY0000251,ORD0000251,2026-02-16T05:06:09Z,paypal,success,1330.08,SGD
PAY0000252,ORD0000252,2026-02-05T21:41:59Z,paypal,success,11584.36,SGD
PAY0000253,ORD0000253,2026-01-05T20:22:35Z,wallet,failed,8757.51,SGD
PAY0000254,ORD0000254,2026-05-18T00:09:29Z,paypal,success,12650.32,SGD
PAY0000255,ORD0000255,2026-04-04T02:05:51Z,card,success,2108.24,SGD
PAY0000256,ORD0000256,2026-03-11T10:40:28Z,bank_transfer,success,7231.04,SGD
PAY0000257,ORD0000257,2026-01-05T10:07:03Z,bank_transfer,success,16529.87,SGD
PAY0000258,ORD0000258,2026-05-10T13:17:23Z,card,success,10237.27,SGD
PAY0000259,ORD0000259,2026-04-19T23:22:12Z,bank_transfer,success,2264.75,SGD
PAY0000260,ORD0000260,2026-05-22T09:48:44Z,paypal,pending,6890.39,SGD
PAY0000261,ORD0000261,2026-04-25T18:18:47Z,card,pending,525.92,SGD
PAY0000262,ORD0000262,2026-02-04T00:35:37Z,paypal,refunded,8017.96,SGD
PAY0000263,ORD0000263,2026-02-28T15:33:20Z,bank_transfer,success,7410.61,SGD
PAY0000264,ORD0000264,2026-02-28T08:45:26Z,wallet,success,11945.28,SGD
PAY0000265,ORD0000265,2026-02-23T21:36:30Z,card,success,3181.77,SGD
PAY0000266,ORD0000266,2026-03-26T17:11:35Z,paypal,success,14743.05,SGD
PAY0000267,ORD0000267,2026-03-04T02:04:19Z,card,success,2934.52,SGD
PAY0000268,ORD0000268,2026-02-26T07:09:40Z,bank_transfer,success,14764.49,SGD
PAY0000269,ORD0000269,2026-05-14T01:28:41Z,card,success,7877.57,SGD
PAY0000270,ORD0000270,2026-01-27T15:31:50Z,paypal,success,7803.69,SGD
PAY0000271,ORD0000271,2026-02-12T22:55:48Z,wallet,success,12926.86,SGD
PAY0000272,ORD0000272,2026-01-26T12:14:10Z,paypal,success,6699.8,SGD
PAY0000273,ORD0000273,2026-05-18T21:05:59Z,wallet,success,1708.92,SGD
PAY0000274,ORD0000274,2026-02-14T00:13:48Z,bank_transfer,success,6753.52,SGD
PAY0000275,ORD0000275,2026-01-04T15:55:39Z,card,refunded,14813.46,SGD
PAY0000276,ORD0000276,2026-01-13T21:19:06Z,wallet,success,2279.05,SGD
PAY0000277,ORD0000277,2026-02-08T21:03:53Z,card,success,8191.91,SGD
PAY0000278,ORD0000278,2026-04-08T06:52:31Z,card,success,14560.17,SGD
PAY0000279,ORD0000279,2026-04-15T07:33:27Z,card,success,5511.96,SGD
PAY0000280,ORD0000280,2026-05-16T15:32:06Z,bank_transfer,success,4549.11,SGD
PAY0000281,ORD0000281,2026-02-11T16:33:21Z,bank_transfer,refunded,4340.46,SGD
PAY0000282,ORD0000282,2026-03-12T03:49:56Z,wallet,failed,3036.77,SGD
PAY0000283,ORD0000283,2026-04-27T15:12:04Z,bank_transfer,pending,9637.57,SGD
PAY0000284,ORD0000284,2026-01-14T13:21:07Z,card,success,8205.77,SGD
PAY0000285,ORD0000285,2026-01-28T20:24:28Z,wallet,success,8307.02,SGD
PAY0000286,ORD0000286,2026-02-15T06:53:04Z,wallet,success,9856.41,SGD
PAY0000287,ORD0000287,2026-05-10T12:05:24Z,bank_transfer,failed,9050.29,SGD
PAY0000288,ORD0000288,2026-01-27T04:02:13Z,wallet,success,1674.99,SGD
PAY0000289,ORD0000289,2026-01-06T05:42:31Z,bank_transfer,pending,7496.87,SGD
PAY0000290,ORD0000290,2026-04-01T13:25:08Z,card,success,12435.22,SGD
PAY0000291,ORD0000291,2026-01-07T04:22:35Z,wallet,success,2212.38,SGD
PAY0000292,ORD0000292,2026-03-31T06:16:12Z,card,success,987.9,SGD
PAY0000293,ORD0000293,2026-05-18T03:16:27Z,card,refunded,9061.71,SGD
PAY0000294,ORD0000294,2026-04-20T05:13:00Z,wallet,success,22072.47,SGD
PAY0000295,ORD0000295,2026-01-09T18:38:02Z,bank_transfer,failed,10512.55,SGD
PAY0000296,ORD0000296,2026-03-11T09:36:47Z,wallet,success,8564.0,SGD
PAY0000297,ORD0000297,2026-05-14T15:55:18Z,paypal,success,8566.73,SGD
PAY0000298,ORD0000298,2026-04-11T00:51:16Z,paypal,success,5397.25,SGD
PAY0000299,ORD0000299,2026-04-22T04:38:24Z,paypal,success,16933.52,SGD
PAY0000300,ORD0000300,2026-03-26T16:21:57Z,paypal,success,9670.76,SGD
PAY0000301,ORD0000301,2026-02-13T20:47:17Z,wallet,pending,4084.08,SGD
PAY0000302,ORD0000302,2026-01-14T03:26:59Z,card,refunded,18322.72,SGD
PAY0000303,ORD0000303,2026-03-22T12:20:39Z,paypal,success,12843.84,SGD
PAY0000304,ORD0000304,2026-04-07T23:17:27Z,paypal,success,15424.31,SGD
PAY0000305,ORD0000305,2026-03-31T20:58:39Z,paypal,success,9198.84,SGD
PAY0000306,ORD0000306,2026-01-13T12:50:14Z,paypal,success,4099.06,SGD
PAY0000307,ORD0000307,2026-02-16T08:22:47Z,paypal,success,2984.07,SGD
PAY0000308,ORD0000308,2026-05-06T16:32:30Z,paypal,success,522.67,SGD
PAY0000309,ORD0000309,2026-04-18T00:14:35Z,paypal,success,1757.42,SGD
PAY0000310,ORD0000310,2026-01-17T09:04:24Z,paypal,success,11757.56,SGD
PAY0000311,ORD0000311,2026-05-10T00:30:34Z,card,success,7726.23,SGD
PAY0000312,ORD0000312,2026-03-24T03:32:44Z,bank_transfer,success,5176.82,SGD
PAY0000313,ORD0000313,2026-04-25T11:35:49Z,wallet,success,12741.52,SGD
PAY0000314,ORD0000314,2026-01-29T04:42:12Z,bank_transfer,success,11982.44,SGD
PAY0000315,ORD0000315,2026-05-11T10:10:34Z,paypal,success,7485.14,SGD
PAY0000316,ORD0000316,2026-02-15T23:34:10Z,wallet,success,8776.3,SGD
PAY0000317,ORD0000317,2026-03-27T05:31:11Z,card,refunded,6715.34,SGD
PAY0000318,ORD0000318,2026-05-24T03:24:54Z,paypal,success,7520.36,SGD
PAY0000319,ORD0000319,2026-04-27T22:25:49Z,wallet,failed,9459.73,SGD
PAY0000320,ORD0000320,2026-03-19T19:57:10Z,wallet,pending,2926.82,SGD
PAY0000321,ORD0000321,2026-04-26T08:34:56Z,paypal,success,7790.24,SGD
PAY0000322,ORD0000322,2026-02-24T18:45:14Z,paypal,success,4246.64,SGD
PAY0000323,ORD0000323,2026-04-21T19:39:45Z,bank_transfer,success,2454.72,SGD
PAY0000324,ORD0000324,2026-01-18T07:39:39Z,wallet,pending,3775.62,SGD
PAY0000325,ORD0000325,2026-02-20T12:32:23Z,bank_transfer,success,1210.83,SGD
PAY0000326,ORD0000326,2026-05-20T14:24:29Z,bank_transfer,success,11939.3,SGD
PAY0000327,ORD0000327,2026-04-07T00:37:25Z,wallet,success,7145.91,SGD
PAY0000328,ORD0000328,2026-05-12T13:47:40Z,bank_transfer,success,10203.35,SGD
PAY0000329,ORD0000329,2026-04-24T05:44:30Z,bank_transfer,refunded,9915.79,SGD
PAY0000330,ORD0000330,2026-03-24T05:50:43Z,paypal,refunded,8889.9,SGD
PAY0000331,ORD0000331,2026-02-19T07:59:36Z,wallet,failed,16197.74,SGD
PAY0000332,ORD0000332,2026-03-07T21:55:41Z,card,success,7245.84,SGD
PAY0000333,ORD0000333,2026-03-02T21:06:31Z,bank_transfer,success,5446.99,SGD
PAY0000334,ORD0000334,2026-02-21T03:26:38Z,card,failed,7904.97,SGD
PAY0000335,ORD0000335,2026-05-08T17:16:48Z,card,success,10968.72,SGD
PAY0000336,ORD0000336,2026-01-23T14:39:40Z,wallet,success,607.64,SGD
PAY0000337,ORD0000337,2026-04-06T18:12:35Z,card,success,1803.17,SGD
PAY0000338,ORD0000338,2026-02-02T17:39:41Z,paypal,pending,13604.98,SGD
PAY0000339,ORD0000339,2026-04-07T18:16:52Z,card,failed,1897.44,SGD
PAY0000340,ORD0000340,2026-03-14T13:55:28Z,card,success,732.09,SGD
PAY0000341,ORD0000341,2026-05-18T11:31:07Z,wallet,success,5196.01,SGD
PAY0000342,ORD0000342,2026-05-23T01:45:52Z,paypal,success,11680.0,SGD
PAY0000343,ORD0000343,2026-03-19T10:52:55Z,bank_transfer,success,3061.3,SGD
PAY0000344,ORD0000344,2026-03-17T11:56:17Z,bank_transfer,failed,4802.38,SGD
PAY0000345,ORD0000345,2026-03-02T06:38:36Z,paypal,success,18768.21,SGD
PAY0000346,ORD0000346,2026-03-24T02:48:43Z,paypal,success,14262.53,SGD
PAY0000347,ORD0000347,2026-04-07T05:34:08Z,wallet,success,11399.29,SGD
PAY0000348,ORD0000348,2026-03-25T02:03:28Z,bank_transfer,success,8905.3,SGD
PAY0000349,ORD0000349,2026-02-19T12:50:04Z,wallet,success,3865.89,SGD
PAY0000350,ORD0000350,2026-02-05T09:19:05Z,wallet,refunded,1786.74,SGD
PAY0000351,ORD0000351,2026-04-25T01:47:21Z,card,success,9732.51,SGD
PAY0000352,ORD0000352,2026-05-11T18:48:44Z,bank_transfer,success,9615.05,SGD
PAY0000353,ORD0000353,2026-05-08T17:24:01Z,wallet,failed,18339.33,SGD
PAY0000354,ORD0000354,2026-01-25T07:23:33Z,bank_transfer,success,1144.17,SGD
PAY0000355,ORD0000355,2026-01-06T06:12:06Z,bank_transfer,success,7589.59,SGD
PAY0000356,ORD0000356,2026-04-03T01:12:57Z,bank_transfer,success,2480.93,SGD
PAY0000357,ORD0000357,2026-04-05T05:16:55Z,card,failed,3106.65,SGD
PAY0000358,ORD0000358,2026-03-18T02:48:35Z,wallet,failed,13654.72,SGD
PAY0000359,ORD0000359,2026-04-05T16:34:54Z,paypal,refunded,12216.59,SGD
PAY0000360,ORD0000360,2026-04-22T22:52:03Z,wallet,success,14285.13,SGD
PAY0000361,ORD0000361,2026-02-01T08:29:05Z,bank_transfer,success,4846.69,SGD
PAY0000362,ORD0000362,2026-04-27T23:36:23Z,bank_transfer,success,8431.87,SGD
PAY0000363,ORD0000363,2026-02-01T12:45:41Z,card,success,1488.7,SGD
PAY0000364,ORD0000364,2026-02-08T18:54:49Z,wallet,success,15210.07,SGD
PAY0000365,ORD0000365,2026-05-12T11:36:44Z,paypal,success,4339.16,SGD
PAY0000366,ORD0000366,2026-04-20T04:12:24Z,card,success,9577.69,SGD
PAY0000367,ORD0000367,2026-01-10T20:30:01Z,wallet,success,12766.08,SGD
PAY0000368,ORD0000368,2026-01-23T22:42:47Z,bank_transfer,success,2940.83,SGD
PAY0000369,ORD0000369,2026-05-06T17:09:18Z,paypal,success,4529.71,SGD
PAY0000370,ORD0000370,2026-02-25T17:32:25Z,paypal,success,2663.1,SGD
PAY0000371,ORD0000371,2026-05-10T03:49:09Z,wallet,success,3633.63,SGD
PAY0000372,ORD0000372,2026-03-21T12:40:10Z,bank_transfer,success,5040.64,SGD
PAY0000373,ORD0000373,2026-02-01T22:34:30Z,bank_transfer,success,2171.88,SGD
PAY0000374,ORD0000374,2026-04-22T13:40:51Z,card,success,12453.12,SGD
PAY0000375,ORD0000375,2026-02-24T09:31:21Z,wallet,success,20349.38,SGD
PAY0000376,ORD0000376,2026-05-07T00:48:36Z,card,pending,5054.13,SGD
PAY0000377,ORD0000377,2026-04-16T01:56:54Z,card,success,3672.19,SGD
PAY0000378,ORD0000378,2026-01-06T11:54:57Z,card,failed,13232.25,SGD
PAY0000379,ORD0000379,2026-04-09T14:47:06Z,paypal,success,2926.74,SGD
PAY0000380,ORD0000380,2026-04-22T05:38:30Z,bank_transfer,success,469.02,SGD
PAY0000381,ORD0000381,2026-02-28T03:40:50Z,paypal,success,12516.51,SGD
PAY0000382,ORD0000382,2026-01-20T01:04:23Z,paypal,success,8127.41,SGD
PAY0000383,ORD0000383,2026-04-13T04:32:43Z,card,success,20684.35,SGD
PAY0000384,ORD0000384,2026-03-22T23:38:56Z,bank_transfer,success,2922.06,SGD
PAY0000385,ORD0000385,2026-02-11T08:45:09Z,bank_transfer,success,8452.8,SGD
PAY0000386,ORD0000386,2026-02-26T07:17:23Z,bank_transfer,success,12807.01,SGD
PAY0000387,ORD0000387,2026-03-01T08:03:01Z,bank_transfer,success,5211.95,SGD
PAY0000388,ORD0000388,2026-01-09T17:18:07Z,wallet,success,8848.19,SGD
PAY0000389,ORD0000389,2026-01-27T22:53:38Z,wallet,refunded,10380.46,SGD
PAY0000390,ORD0000390,2026-02-15T06:14:49Z,paypal,failed,6163.19,SGD
PAY0000391,ORD0000391,2026-01-05T20:29:43Z,wallet,pending,7044.35,SGD
PAY0000392,ORD0000392,2026-04-21T17:51:53Z,bank_transfer,success,3587.92,SGD
PAY0000393,ORD0000393,2026-01-04T18:23:23Z,paypal,success,9194.8,SGD
PAY0000394,ORD0000394,2026-04-25T08:36:25Z,card,success,8607.81,SGD
PAY0000395,ORD0000395,2026-01-20T08:09:41Z,wallet,success,5549.18,SGD
PAY0000396,ORD0000396,2026-03-21T02:17:44Z,wallet,success,4391.63,SGD
PAY0000397,ORD0000397,2026-03-17T17:38:02Z,paypal,success,7780.97,SGD
PAY0000398,ORD0000398,2026-04-26T23:53:35Z,paypal,pending,7868.32,SGD
PAY0000399,ORD0000399,2026-03-03T20:49:19Z,bank_transfer,success,10724.28,SGD
PAY0000400,ORD0000400,2026-04-18T18:28:26Z,paypal,pending,8436.34,SGD
PAY0000401,ORD0000401,2026-01-28T16:10:42Z,wallet,success,11221.81,SGD
PAY0000402,ORD0000402,2026-01-12T16:44:09Z,wallet,success,6234.27,SGD
PAY0000403,ORD0000403,2026-02-01T09:18:16Z,bank_transfer,failed,19606.13,SGD
PAY0000404,ORD0000404,2026-04-29T12:59:52Z,paypal,failed,6604.11,SGD
PAY0000405,ORD0000405,2026-02-10T23:08:42Z,wallet,refunded,6416.21,SGD
PAY0000406,ORD0000406,2026-05-16T07:16:42Z,paypal,refunded,15066.58,SGD
PAY0000407,ORD0000407,2026-01-25T00:46:30Z,bank_transfer,success,6539.54,SGD
PAY0000408,ORD0000408,2026-01-02T20:26:10Z,card,success,4017.24,SGD
PAY0000409,ORD0000409,2026-01-18T11:49:27Z,bank_transfer,success,9199.03,SGD
PAY0000410,ORD0000410,2026-02-08T02:36:50Z,wallet,pending,7887.75,SGD
PAY0000411,ORD0000411,2026-04-25T05:23:44Z,card,success,418.76,SGD
PAY0000412,ORD0000412,2026-04-12T14:09:45Z,wallet,pending,9444.99,SGD
PAY0000413,ORD0000413,2026-03-24T23:33:51Z,bank_transfer,failed,1464.18,SGD
PAY0000414,ORD0000414,2026-01-24T15:46:44Z,card,success,13317.28,SGD
PAY0000415,ORD0000415,2026-01-02T01:47:38Z,bank_transfer,refunded,8643.32,SGD
PAY0000416,ORD0000416,2026-03-24T07:57:43Z,card,success,8768.88,SGD
PAY0000417,ORD0000417,2026-04-04T05:52:20Z,card,refunded,3615.24,SGD
PAY0000418,ORD0000418,2026-01-21T22:43:25Z,bank_transfer,failed,6670.79,SGD
PAY0000419,ORD0000419,2026-04-27T12:44:17Z,wallet,success,6153.83,SGD
PAY0000420,ORD0000420,2026-05-15T15:45:32Z,card,success,1947.95,SGD
PAY0000421,ORD0000421,2026-01-20T18:42:03Z,paypal,success,1036.56,SGD
PAY0000422,ORD0000422,2026-01-19T15:14:04Z,paypal,refunded,9124.85,SGD
PAY0000423,ORD0000423,2026-05-07T11:03:49Z,bank_transfer,failed,703.53,SGD
PAY0000424,ORD0000424,2026-01-21T00:28:06Z,bank_transfer,success,10590.83,SGD
PAY0000425,ORD0000425,2026-02-17T06:23:21Z,bank_transfer,success,1340.31,SGD
PAY0000426,ORD0000426,2026-05-07T13:16:55Z,card,success,2675.62,SGD
PAY0000427,ORD0000427,2026-03-13T15:06:20Z,wallet,success,7881.51,SGD
PAY0000428,ORD0000428,2026-02-09T03:48:43Z,bank_transfer,success,12167.3,SGD
PAY0000429,ORD0000429,2026-04-23T07:53:22Z,card,success,5281.0,SGD
PAY0000430,ORD0000430,2026-02-12T15:00:19Z,bank_transfer,success,8242.28,SGD
PAY0000431,ORD0000431,2026-03-06T10:26:20Z,card,success,6270.43,SGD
PAY0000432,ORD0000432,2026-02-26T10:51:59Z,paypal,success,5702.17,SGD
PAY0000433,ORD0000433,2026-02-25T04:52:21Z,card,success,3556.59,SGD
PAY0000434,ORD0000434,2026-02-08T02:34:05Z,card,success,8300.32,SGD
PAY0000435,ORD0000435,2026-02-10T19:49:37Z,wallet,pending,11491.27,SGD
PAY0000436,ORD0000436,2026-01-29T02:51:10Z,bank_transfer,success,10305.04,SGD
PAY0000437,ORD0000437,2026-02-17T11:45:02Z,card,success,6953.07,SGD
PAY0000438,ORD0000438,2026-05-22T06:10:24Z,bank_transfer,success,16231.09,SGD
PAY0000439,ORD0000439,2026-03-04T12:43:16Z,wallet,success,2555.81,SGD
PAY0000440,ORD0000440,2026-04-24T11:26:22Z,wallet,pending,1820.1,SGD
PAY0000441,ORD0000441,2026-02-15T13:59:40Z,wallet,success,5447.2,SGD
PAY0000442,ORD0000442,2026-04-17T22:41:29Z,card,success,3081.58,SGD
PAY0000443,ORD0000443,2026-01-09T00:57:23Z,paypal,success,11310.5,SGD
PAY0000444,ORD0000444,2026-03-27T19:41:03Z,wallet,success,5528.14,SGD
PAY0000445,ORD0000445,2026-02-23T16:39:01Z,paypal,success,2468.08,SGD
PAY0000446,ORD0000446,2026-02-08T04:36:17Z,paypal,success,9627.39,SGD
PAY0000447,ORD0000447,2026-05-20T02:57:56Z,paypal,pending,16891.91,SGD
PAY0000448,ORD0000448,2026-03-19T05:53:32Z,paypal,success,5416.05,SGD
PAY0000449,ORD0000449,2026-03-31T15:23:06Z,bank_transfer,success,1164.98,SGD
PAY0000450,ORD0000450,2026-03-27T04:39:02Z,paypal,failed,8252.36,SGD
PAY0000451,ORD0000451,2026-03-23T10:21:05Z,wallet,failed,8626.68,SGD
PAY0000452,ORD0000452,2026-01-28T00:25:53Z,paypal,success,12592.51,SGD
PAY0000453,ORD0000453,2026-03-17T20:51:47Z,wallet,success,15849.93,SGD
PAY0000454,ORD0000454,2026-05-14T20:40:13Z,bank_transfer,failed,10330.13,SGD
PAY0000455,ORD0000455,2026-01-12T04:57:04Z,paypal,success,14341.89,SGD
PAY0000456,ORD0000456,2026-02-10T02:31:54Z,wallet,success,7884.81,SGD
PAY0000457,ORD0000457,2026-02-09T11:26:19Z,paypal,success,9469.24,SGD
PAY0000458,ORD0000458,2026-04-21T13:37:59Z,wallet,success,6214.66,SGD
PAY0000459,ORD0000459,2026-04-30T02:36:54Z,card,success,10599.39,SGD
PAY0000460,ORD0000460,2026-05-16T17:43:13Z,card,success,2049.06,SGD
PAY0000461,ORD0000461,2026-05-22T03:15:40Z,wallet,refunded,7779.41,SGD
PAY0000462,ORD0000462,2026-01-21T10:45:55Z,paypal,success,10915.47,SGD
PAY0000463,ORD0000463,2026-05-05T02:31:03Z,card,success,7020.8,SGD
PAY0000464,ORD0000464,2026-05-11T04:27:13Z,wallet,pending,9778.44,SGD
PAY0000465,ORD0000465,2026-02-24T06:44:43Z,paypal,success,986.26,SGD
PAY0000466,ORD0000466,2026-01-16T03:27:25Z,bank_transfer,pending,218.52,SGD
PAY0000467,ORD0000467,2026-02-12T02:13:00Z,paypal,failed,7219.47,SGD
PAY0000468,ORD0000468,2026-05-04T07:28:15Z,card,refunded,4920.57,SGD
PAY0000469,ORD0000469,2026-01-01T23:24:38Z,wallet,success,6414.2,SGD
PAY0000470,ORD0000470,2026-02-07T07:52:32Z,bank_transfer,success,2192.35,SGD
PAY0000471,ORD0000471,2026-02-02T11:51:47Z,paypal,success,16109.06,SGD
PAY0000472,ORD0000472,2026-03-25T02:14:00Z,wallet,success,7083.24,SGD
PAY0000473,ORD0000473,2026-03-03T11:28:10Z,wallet,success,17611.78,SGD
PAY0000474,ORD0000474,2026-02-12T10:47:02Z,paypal,pending,6395.47,SGD
PAY0000475,ORD0000475,2026-01-19T10:08:30Z,paypal,refunded,8557.8,SGD
PAY0000476,ORD0000476,2026-05-10T10:48:43Z,wallet,pending,2131.18,SGD
PAY0000477,ORD0000477,2026-04-10T05:50:15Z,paypal,success,1222.29,SGD
PAY0000478,ORD0000478,2026-02-15T23:01:12Z,paypal,refunded,8860.85,SGD
PAY0000479,ORD0000479,2026-02-09T16:54:16Z,bank_transfer,pending,889.65,SGD
PAY0000480,ORD0000480,2026-03-05T20:17:20Z,wallet,success,9452.36,SGD
PAY0000481,ORD0000481,2026-01-05T16:03:08Z,card,success,6826.7,SGD
PAY0000482,ORD0000482,2026-03-16T02:32:11Z,paypal,success,6121.07,SGD
PAY0000483,ORD0000483,2026-05-04T06:16:51Z,wallet,success,2181.31,SGD
PAY0000484,ORD0000484,2026-04-09T13:53:11Z,card,success,7440.83,SGD
PAY0000485,ORD0000485,2026-02-25T11:39:27Z,card,pending,8098.58,SGD
PAY0000486,ORD0000486,2026-04-09T03:14:02Z,bank_transfer,success,8666.64,SGD
PAY0000487,ORD0000487,2026-05-22T03:55:34Z,card,success,10052.46,SGD
PAY0000488,ORD0000488,2026-03-06T17:42:01Z,wallet,success,9943.16,SGD
PAY0000489,ORD0000489,2026-03-22T19:18:44Z,card,pending,11858.78,SGD
PAY0000490,ORD0000490,2026-01-25T04:42:26Z,bank_transfer,success,13560.79,SGD
PAY0000491,ORD0000491,2026-01-12T05:10:22Z,wallet,refunded,11596.49,SGD
PAY0000492,ORD0000492,2026-05-10T07:45:23Z,card,pending,4975.94,SGD
PAY0000493,ORD0000493,2026-04-23T08:01:05Z,paypal,failed,9156.35,SGD
PAY0000494,ORD0000494,2026-05-18T03:36:25Z,bank_transfer,success,2230.25,SGD
PAY0000495,ORD0000495,2026-03-24T21:25:54Z,bank_transfer,success,7621.32,SGD
PAY0000496,ORD0000496,2026-05-04T13:35:53Z,bank_transfer,success,7370.45,SGD
PAY0000497,ORD0000497,2026-04-06T13:33:47Z,bank_transfer,success,1294.83,SGD
PAY0000498,ORD0000498,2026-02-26T00:21:46Z,card,failed,11066.14,SGD
PAY0000499,ORD0000499,2026-04-21T03:42:27Z,paypal,success,6972.18,SGD
PAY0000500,ORD0000500,2026-03-21T09:59:38Z,paypal,pending,11568.96,SGD
PAY0000501,ORD0000501,2026-04-05T05:42:10Z,bank_transfer,success,1621.18,SGD
PAY0000502,ORD0000502,2026-04-24T03:31:33Z,wallet,success,5511.96,SGD
PAY0000503,ORD0000503,2026-04-12T01:15:15Z,paypal,success,10467.3,SGD
PAY0000504,ORD0000504,2026-02-16T12:37:11Z,wallet,success,4769.45,SGD
PAY0000505,ORD0000505,2026-01-28T00:56:55Z,bank_transfer,success,16867.54,SGD
PAY0000506,ORD0000506,2026-03-22T05:25:34Z,paypal,refunded,3892.08,SGD
PAY0000507,ORD0000507,2026-05-23T22:05:14Z,bank_transfer,failed,11318.32,SGD
PAY0000508,ORD0000508,2026-05-16T21:29:18Z,card,pending,7846.71,SGD
PAY0000509,ORD0000509,2026-01-17T22:22:05Z,card,pending,11749.71,SGD
PAY0000510,ORD0000510,2026-03-26T10:46:00Z,bank_transfer,failed,1875.54,SGD
PAY0000511,ORD0000511,2026-05-20T16:31:54Z,wallet,success,11517.25,SGD
PAY0000512,ORD0000512,2026-02-13T12:14:45Z,card,success,13969.46,SGD
PAY0000513,ORD0000513,2026-02-15T07:42:16Z,card,success,7017.16,SGD
PAY0000514,ORD0000514,2026-01-23T13:59:39Z,paypal,refunded,6424.71,SGD
PAY0000515,ORD0000515,2026-03-17T10:53:21Z,wallet,success,3972.71,SGD
PAY0000516,ORD0000516,2026-03-18T19:21:21Z,paypal,success,16942.07,SGD
PAY0000517,ORD0000517,2026-03-04T05:51:27Z,wallet,success,10377.69,SGD
PAY0000518,ORD0000518,2026-03-06T16:43:58Z,wallet,success,10203.57,SGD
PAY0000519,ORD0000519,2026-04-05T17:50:10Z,card,success,7132.27,SGD
PAY0000520,ORD0000520,2026-03-18T00:40:56Z,wallet,success,7016.37,SGD
PAY0000521,ORD0000521,2026-04-17T10:48:42Z,card,failed,4933.42,SGD
PAY0000522,ORD0000522,2026-05-18T20:24:03Z,bank_transfer,success,8718.69,SGD
PAY0000523,ORD0000523,2026-02-08T00:04:07Z,wallet,success,1014.66,SGD
PAY0000524,ORD0000524,2026-01-29T16:05:28Z,bank_transfer,success,7555.23,SGD
PAY0000525,ORD0000525,2026-03-26T06:04:15Z,card,failed,13428.54,SGD
PAY0000526,ORD0000526,2026-03-14T22:02:31Z,paypal,failed,3432.06,SGD
PAY0000527,ORD0000527,2026-05-03T19:28:15Z,card,refunded,15210.96,SGD
PAY0000528,ORD0000528,2026-04-25T00:24:17Z,card,success,12003.4,SGD
PAY0000529,ORD0000529,2026-01-25T09:08:38Z,bank_transfer,success,5606.45,SGD
PAY0000530,ORD0000530,2026-04-11T19:20:16Z,bank_transfer,refunded,8874.77,SGD
PAY0000531,ORD0000531,2026-03-03T00:55:33Z,wallet,success,628.14,SGD
PAY0000532,ORD0000532,2026-04-20T06:55:20Z,bank_transfer,success,893.37,SGD
PAY0000533,ORD0000533,2026-04-16T18:04:51Z,wallet,success,12236.45,SGD
PAY0000534,ORD0000534,2026-04-06T07:16:45Z,wallet,success,10841.75,SGD
PAY0000535,ORD0000535,2026-01-08T03:42:33Z,card,success,4203.44,SGD
PAY0000536,ORD0000536,2026-01-26T00:26:59Z,paypal,success,12229.93,SGD
PAY0000537,ORD0000537,2026-03-24T15:37:37Z,paypal,success,4489.51,SGD
PAY0000538,ORD0000538,2026-03-14T06:22:31Z,card,success,7238.74,SGD
PAY0000539,ORD0000539,2026-01-22T08:59:28Z,paypal,success,13048.5,SGD
PAY0000540,ORD0000540,2026-02-13T03:59:46Z,card,success,796.43,SGD
PAY0000541,ORD0000541,2026-04-06T02:39:17Z,bank_transfer,success,9579.12,SGD
PAY0000542,ORD0000542,2026-03-09T02:05:20Z,card,refunded,9980.15,SGD
PAY0000543,ORD0000543,2026-03-15T14:18:20Z,wallet,success,7331.39,SGD
PAY0000544,ORD0000544,2026-03-30T23:03:24Z,bank_transfer,success,11403.9,SGD
PAY0000545,ORD0000545,2026-05-04T11:40:29Z,paypal,success,10551.75,SGD
PAY0000546,ORD0000546,2026-01-19T06:14:51Z,card,success,16115.8,SGD
PAY0000547,ORD0000547,2026-04-07T16:17:25Z,paypal,success,11956.33,SGD
PAY0000548,ORD0000548,2026-05-24T12:03:39Z,card,refunded,10171.63,SGD
PAY0000549,ORD0000549,2026-03-10T16:01:28Z,paypal,success,13274.08,SGD
PAY0000550,ORD0000550,2026-02-28T03:48:13Z,wallet,success,14825.76,SGD
PAY0000551,ORD0000551,2026-05-05T20:53:27Z,bank_transfer,refunded,2740.35,SGD
PAY0000552,ORD0000552,2026-01-02T04:08:16Z,wallet,failed,12751.09,SGD
PAY0000553,ORD0000553,2026-03-25T17:17:28Z,bank_transfer,success,5018.9,SGD
PAY0000554,ORD0000554,2026-01-31T05:42:24Z,wallet,refunded,9856.66,SGD
PAY0000555,ORD0000555,2026-02-22T09:44:32Z,bank_transfer,success,9973.32,SGD
PAY0000556,ORD0000556,2026-02-06T21:23:47Z,paypal,success,305.14,SGD
PAY0000557,ORD0000557,2026-01-07T05:16:49Z,paypal,success,2316.11,SGD
PAY0000558,ORD0000558,2026-05-13T09:20:20Z,card,refunded,5639.14,SGD
PAY0000559,ORD0000559,2026-01-22T08:58:30Z,wallet,success,209.38,SGD
PAY0000560,ORD0000560,2026-05-13T22:57:38Z,paypal,success,218.52,SGD
PAY0000561,ORD0000561,2026-04-04T07:42:41Z,wallet,success,9536.81,SGD
PAY0000562,ORD0000562,2026-02-24T15:00:06Z,card,success,9298.74,SGD
PAY0000563,ORD0000563,2026-05-22T20:16:30Z,paypal,success,9236.6,SGD
PAY0000564,ORD0000564,2026-01-29T10:29:02Z,bank_transfer,failed,1711.01,SGD
PAY0000565,ORD0000565,2026-03-21T02:32:32Z,bank_transfer,failed,9400.91,SGD
PAY0000566,ORD0000566,2026-01-11T00:54:55Z,wallet,success,584.24,SGD
PAY0000567,ORD0000567,2026-03-23T05:55:01Z,paypal,success,2664.84,SGD
PAY0000568,ORD0000568,2026-04-02T17:16:01Z,card,success,15844.41,SGD
PAY0000569,ORD0000569,2026-03-12T01:42:19Z,bank_transfer,success,10866.03,SGD
PAY0000570,ORD0000570,2026-04-24T12:21:43Z,card,success,1704.3,SGD
PAY0000571,ORD0000571,2026-04-24T22:06:28Z,bank_transfer,failed,6403.47,SGD
PAY0000572,ORD0000572,2026-05-21T21:16:44Z,wallet,success,2833.17,SGD
PAY0000573,ORD0000573,2026-05-19T05:02:39Z,wallet,failed,11550.52,SGD
PAY0000574,ORD0000574,2026-04-27T08:46:30Z,card,success,2431.66,SGD
PAY0000575,ORD0000575,2026-03-19T04:48:19Z,bank_transfer,success,19518.83,SGD
PAY0000576,ORD0000576,2026-01-01T17:14:47Z,card,success,17677.52,SGD
PAY0000577,ORD0000577,2026-05-18T14:33:22Z,wallet,success,11115.49,SGD
PAY0000578,ORD0000578,2026-01-26T21:00:29Z,bank_transfer,success,1663.92,SGD
PAY0000579,ORD0000579,2026-01-23T13:43:38Z,bank_transfer,success,8248.09,SGD
PAY0000580,ORD0000580,2026-01-27T00:14:30Z,bank_transfer,failed,13458.0,SGD
PAY0000581,ORD0000581,2026-05-08T16:10:19Z,wallet,success,2636.13,SGD
PAY0000582,ORD0000582,2026-05-02T14:50:29Z,card,success,14197.62,SGD
PAY0000583,ORD0000583,2026-05-22T00:49:19Z,paypal,success,5387.05,SGD
PAY0000584,ORD0000584,2026-04-21T16:25:55Z,card,pending,1258.48,SGD
PAY0000585,ORD0000585,2026-03-18T13:15:33Z,wallet,refunded,9520.39,SGD
PAY0000586,ORD0000586,2026-01-03T08:32:18Z,bank_transfer,success,159.62,SGD
PAY0000587,ORD0000587,2026-05-06T04:09:15Z,wallet,success,6575.46,SGD
PAY0000588,ORD0000588,2026-01-02T20:39:21Z,bank_transfer,success,8805.39,SGD
PAY0000589,ORD0000589,2026-02-17T10:10:53Z,wallet,success,10925.85,SGD
PAY0000590,ORD0000590,2026-01-01T06:04:27Z,card,success,4973.48,SGD
PAY0000591,ORD0000591,2026-02-25T17:02:00Z,card,success,5863.37,SGD
PAY0000592,ORD0000592,2026-01-15T21:18:12Z,bank_transfer,refunded,4376.11,SGD
PAY0000593,ORD0000593,2026-02-05T06:34:27Z,wallet,failed,14853.38,SGD
PAY0000594,ORD0000594,2026-03-13T16:32:20Z,wallet,success,1305.43,SGD
PAY0000595,ORD0000595,2026-01-29T17:59:20Z,bank_transfer,success,4718.02,SGD
PAY0000596,ORD0000596,2026-02-05T08:02:11Z,wallet,refunded,8271.38,SGD
PAY0000597,ORD0000597,2026-05-08T01:17:51Z,bank_transfer,success,12115.82,SGD
PAY0000598,ORD0000598,2026-04-23T20:43:17Z,paypal,failed,1829.41,SGD
PAY0000599,ORD0000599,2026-01-04T09:51:47Z,wallet,success,7416.69,SGD
PAY0000600,ORD0000600,2026-02-10T23:02:26Z,wallet,success,2290.5,SGD
PAY0000601,ORD0000601,2026-05-23T09:49:27Z,card,success,15296.84,SGD
PAY0000602,ORD0000602,2026-01-29T14:05:29Z,paypal,success,4006.84,SGD
PAY0000603,ORD0000603,2026-02-05T10:54:35Z,card,success,11549.08,SGD
PAY0000604,ORD0000604,2026-05-06T07:11:19Z,paypal,success,1723.0,SGD
PAY0000605,ORD0000605,2026-02-03T18:16:32Z,wallet,pending,9793.97,SGD
PAY0000606,ORD0000606,2026-05-19T04:24:44Z,wallet,success,13164.17,SGD
PAY0000607,ORD0000607,2026-02-11T03:28:32Z,bank_transfer,pending,23805.51,SGD
PAY0000608,ORD0000608,2026-03-15T21:16:08Z,bank_transfer,success,4594.26,SGD
PAY0000609,ORD0000609,2026-01-21T06:40:22Z,card,success,6251.71,SGD
PAY0000610,ORD0000610,2026-02-11T05:24:18Z,wallet,success,4558.1,SGD
PAY0000611,ORD0000611,2026-01-07T08:18:24Z,wallet,success,9938.06,SGD
PAY0000612,ORD0000612,2026-03-01T22:43:10Z,card,success,6416.2,SGD
PAY0000613,ORD0000613,2026-01-26T05:20:32Z,card,pending,3794.88,SGD
PAY0000614,ORD0000614,2026-01-30T04:51:14Z,paypal,success,5640.42,SGD
PAY0000615,ORD0000615,2026-05-20T13:56:44Z,card,success,5329.81,SGD
PAY0000616,ORD0000616,2026-01-26T12:16:30Z,card,success,12128.76,SGD
PAY0000617,ORD0000617,2026-04-28T20:29:07Z,card,success,5724.85,SGD
PAY0000618,ORD0000618,2026-03-02T04:07:18Z,card,success,641.69,SGD
PAY0000619,ORD0000619,2026-02-27T10:12:02Z,wallet,success,5282.88,SGD
PAY0000620,ORD0000620,2026-02-04T19:52:06Z,paypal,refunded,10514.85,SGD
PAY0000621,ORD0000621,2026-03-12T14:49:10Z,paypal,success,13922.52,SGD
PAY0000622,ORD0000622,2026-05-13T12:12:11Z,card,success,7464.49,SGD
PAY0000623,ORD0000623,2026-01-21T11:17:27Z,paypal,success,7775.61,SGD
PAY0000624,ORD0000624,2026-05-05T19:36:40Z,wallet,success,8501.61,SGD
PAY0000625,ORD0000625,2026-03-08T12:13:33Z,card,success,11959.9,SGD
PAY0000626,ORD0000626,2026-05-05T08:20:28Z,wallet,success,7824.61,SGD
PAY0000627,ORD0000627,2026-01-11T13:23:10Z,paypal,success,6025.86,SGD
PAY0000628,ORD0000628,2026-02-04T05:36:42Z,paypal,success,1526.6,SGD
PAY0000629,ORD0000629,2026-03-23T12:04:44Z,wallet,refunded,3204.44,SGD
PAY0000630,ORD0000630,2026-02-27T15:51:39Z,card,success,2853.86,SGD
PAY0000631,ORD0000631,2026-05-16T07:14:40Z,wallet,refunded,6903.4,SGD
PAY0000632,ORD0000632,2026-05-10T00:39:27Z,paypal,success,7610.78,SGD
PAY0000633,ORD0000633,2026-04-12T04:22:57Z,card,failed,1035.55,SGD
PAY0000634,ORD0000634,2026-02-12T11:58:21Z,wallet,success,1395.3,SGD
PAY0000635,ORD0000635,2026-02-10T19:07:00Z,bank_transfer,success,14750.92,SGD
PAY0000636,ORD0000636,2026-03-21T18:22:28Z,bank_transfer,success,4694.67,SGD
PAY0000637,ORD0000637,2026-04-18T09:06:06Z,card,failed,4176.66,SGD
PAY0000638,ORD0000638,2026-02-25T00:27:58Z,card,success,15491.66,SGD
PAY0000639,ORD0000639,2026-03-28T07:09:17Z,paypal,pending,10098.98,SGD
PAY0000640,ORD0000640,2026-01-25T05:09:06Z,bank_transfer,success,10454.41,SGD
PAY0000641,ORD0000641,2026-05-08T23:04:47Z,card,success,7252.3,SGD
PAY0000642,ORD0000642,2026-03-14T17:18:25Z,bank_transfer,refunded,16889.08,SGD
PAY0000643,ORD0000643,2026-04-23T06:19:34Z,bank_transfer,success,6502.05,SGD
PAY0000644,ORD0000644,2026-01-31T18:43:03Z,bank_transfer,success,3835.5,SGD
PAY0000645,ORD0000645,2026-05-02T21:13:55Z,bank_transfer,success,7426.1,SGD
PAY0000646,ORD0000646,2026-03-16T06:09:08Z,card,success,3944.77,SGD
PAY0000647,ORD0000647,2026-02-07T17:08:29Z,wallet,refunded,5102.16,SGD
PAY0000648,ORD0000648,2026-01-28T22:36:52Z,card,success,3843.66,SGD
PAY0000649,ORD0000649,2026-04-26T17:41:09Z,paypal,success,3826.18,SGD
PAY0000650,ORD0000650,2026-01-16T01:07:24Z,bank_transfer,refunded,10146.18,SGD
PAY0000651,ORD0000651,2026-05-14T12:13:11Z,card,success,6379.54,SGD
PAY0000652,ORD0000652,2026-03-08T14:20:44Z,bank_transfer,success,12031.99,SGD
PAY0000653,ORD0000653,2026-01-06T18:00:14Z,paypal,failed,6690.75,SGD
PAY0000654,ORD0000654,2026-03-12T21:55:49Z,card,success,2230.06,SGD
PAY0000655,ORD0000655,2026-02-23T04:45:41Z,bank_transfer,success,4992.15,SGD
PAY0000656,ORD0000656,2026-04-07T08:28:12Z,card,success,19709.98,SGD
PAY0000657,ORD0000657,2026-02-10T00:30:44Z,wallet,pending,16236.75,SGD
PAY0000658,ORD0000658,2026-02-08T19:19:58Z,paypal,success,6135.35,SGD
PAY0000659,ORD0000659,2026-03-21T14:43:41Z,card,success,12315.41,SGD
PAY0000660,ORD0000660,2026-05-08T15:34:49Z,paypal,success,5956.8,SGD
PAY0000661,ORD0000661,2026-04-01T09:41:44Z,card,pending,8960.45,SGD
PAY0000662,ORD0000662,2026-04-19T22:52:25Z,wallet,success,8258.02,SGD
PAY0000663,ORD0000663,2026-01-10T02:13:56Z,bank_transfer,failed,15492.67,SGD
PAY0000664,ORD0000664,2026-01-04T12:38:23Z,paypal,failed,7527.84,SGD
PAY0000665,ORD0000665,2026-01-19T11:59:25Z,bank_transfer,success,2860.9,SGD
PAY0000666,ORD0000666,2026-04-29T22:28:15Z,paypal,success,11088.18,SGD
PAY0000667,ORD0000667,2026-01-03T01:54:56Z,wallet,success,2196.27,SGD
PAY0000668,ORD0000668,2026-01-18T02:42:15Z,wallet,success,3145.78,SGD
PAY0000669,ORD0000669,2026-02-21T06:03:27Z,card,success,10799.7,SGD
PAY0000670,ORD0000670,2026-03-28T18:38:40Z,wallet,success,4429.74,SGD
PAY0000671,ORD0000671,2026-04-06T04:18:57Z,paypal,success,6207.25,SGD
PAY0000672,ORD0000672,2026-04-19T11:45:10Z,bank_transfer,success,1696.15,SGD
PAY0000673,ORD0000673,2026-02-11T23:36:51Z,card,success,13773.78,SGD
PAY0000674,ORD0000674,2026-03-30T05:47:44Z,wallet,pending,2851.26,SGD
PAY0000675,ORD0000675,2026-03-29T21:24:07Z,card,refunded,13139.36,SGD
PAY0000676,ORD0000676,2026-03-31T12:18:06Z,wallet,success,316.0,SGD
PAY0000677,ORD0000677,2026-01-06T14:50:17Z,bank_transfer,refunded,13573.6,SGD
PAY0000678,ORD0000678,2026-03-06T20:55:19Z,bank_transfer,success,12383.06,SGD
PAY0000679,ORD0000679,2026-02-04T09:04:33Z,paypal,success,9352.87,SGD
PAY0000680,ORD0000680,2026-01-22T13:54:00Z,paypal,success,1772.51,SGD
PAY0000681,ORD0000681,2026-04-14T09:50:48Z,card,success,8299.76,SGD
PAY0000682,ORD0000682,2026-05-15T07:55:48Z,bank_transfer,success,15788.99,SGD
PAY0000683,ORD0000683,2026-04-08T17:17:08Z,bank_transfer,failed,11694.38,SGD
PAY0000684,ORD0000684,2026-01-03T11:36:54Z,paypal,pending,6479.86,SGD
PAY0000685,ORD0000685,2026-03-10T10:12:29Z,wallet,failed,13196.17,SGD
PAY0000686,ORD0000686,2026-01-29T12:47:33Z,wallet,success,7122.06,SGD
PAY0000687,ORD0000687,2026-03-10T03:58:29Z,wallet,pending,6622.91,SGD
PAY0000688,ORD0000688,2026-03-06T20:29:09Z,card,success,10083.94,SGD
PAY0000689,ORD0000689,2026-04-07T16:17:58Z,paypal,success,7129.43,SGD
PAY0000690,ORD0000690,2026-03-15T10:20:27Z,bank_transfer,failed,1990.14,SGD
PAY0000691,ORD0000691,2026-04-13T08:54:50Z,paypal,success,7033.62,SGD
PAY0000692,ORD0000692,2026-02-07T00:17:58Z,wallet,success,11875.43,SGD
PAY0000693,ORD0000693,2026-05-14T03:08:09Z,paypal,success,11639.44,SGD
PAY0000694,ORD0000694,2026-02-27T06:21:34Z,card,success,3615.54,SGD
PAY0000695,ORD0000695,2026-01-01T04:04:26Z,paypal,success,4928.16,SGD
PAY0000696,ORD0000696,2026-02-22T14:52:30Z,card,success,4764.0,SGD
PAY0000697,ORD0000697,2026-03-10T21:01:21Z,wallet,success,12599.66,SGD
PAY0000698,ORD0000698,2026-04-23T07:54:19Z,bank_transfer,success,2571.33,SGD
PAY0000699,ORD0000699,2026-02-27T19:40:39Z,wallet,pending,6148.67,SGD
PAY0000700,ORD0000700,2026-03-10T20:24:46Z,bank_transfer,success,5080.44,SGD
PAY0000701,ORD0000701,2026-02-17T04:04:38Z,card,success,9314.07,SGD
PAY0000702,ORD0000702,2026-04-11T15:01:36Z,bank_transfer,pending,893.37,SGD
PAY0000703,ORD0000703,2026-04-26T10:17:25Z,card,success,5541.0,SGD
PAY0000704,ORD0000704,2026-02-09T21:02:10Z,paypal,success,4335.13,SGD
PAY0000705,ORD0000705,2026-05-02T23:57:29Z,bank_transfer,success,3926.37,SGD
PAY0000706,ORD0000706,2026-01-01T00:25:59Z,paypal,success,14727.55,SGD
PAY0000707,ORD0000707,2026-03-20T14:28:25Z,card,success,7206.39,SGD
PAY0000708,ORD0000708,2026-01-29T11:24:26Z,wallet,success,2061.02,SGD
PAY0000709,ORD0000709,2026-04-10T09:02:57Z,card,failed,13944.14,SGD
PAY0000710,ORD0000710,2026-01-21T20:38:16Z,bank_transfer,success,4484.67,SGD
PAY0000711,ORD0000711,2026-05-06T08:14:32Z,card,pending,6328.79,SGD
PAY0000712,ORD0000712,2026-05-18T04:52:42Z,wallet,success,13991.99,SGD
PAY0000713,ORD0000713,2026-01-28T05:19:49Z,bank_transfer,success,7299.14,SGD
PAY0000714,ORD0000714,2026-05-18T15:23:00Z,bank_transfer,success,14359.03,SGD
PAY0000715,ORD0000715,2026-05-23T08:00:24Z,bank_transfer,success,5758.21,SGD
PAY0000716,ORD0000716,2026-02-15T00:23:45Z,wallet,success,10145.87,SGD
PAY0000717,ORD0000717,2026-01-13T12:50:07Z,card,success,16611.44,SGD
PAY0000718,ORD0000718,2026-05-16T18:12:52Z,wallet,failed,4767.97,SGD
PAY0000719,ORD0000719,2026-02-09T02:36:34Z,paypal,success,3453.71,SGD
PAY0000720,ORD0000720,2026-01-07T10:55:21Z,bank_transfer,success,676.44,SGD
PAY0000721,ORD0000721,2026-02-06T00:19:51Z,paypal,failed,14382.39,SGD
PAY0000722,ORD0000722,2026-03-25T00:32:56Z,wallet,success,6901.15,SGD
PAY0000723,ORD0000723,2026-04-15T23:18:23Z,card,success,2681.12,SGD
PAY0000724,ORD0000724,2026-05-17T14:20:28Z,paypal,success,39.28,SGD
PAY0000725,ORD0000725,2026-04-11T13:16:07Z,wallet,success,11942.89,SGD
PAY0000726,ORD0000726,2026-03-23T21:14:34Z,paypal,success,2248.46,SGD
PAY0000727,ORD0000727,2026-05-09T20:07:13Z,card,success,6921.75,SGD
PAY0000728,ORD0000728,2026-01-14T19:30:47Z,wallet,success,11608.27,SGD
PAY0000729,ORD0000729,2026-03-10T00:28:08Z,wallet,success,12771.16,SGD
PAY0000730,ORD0000730,2026-04-04T16:40:26Z,card,success,3714.29,SGD
PAY0000731,ORD0000731,2026-04-30T14:07:06Z,bank_transfer,success,4012.38,SGD
PAY0000732,ORD0000732,2026-03-22T05:14:28Z,wallet,pending,8524.63,SGD
PAY0000733,ORD0000733,2026-03-09T23:19:06Z,wallet,pending,6710.59,SGD
PAY0000734,ORD0000734,2026-01-15T23:35:54Z,bank_transfer,refunded,13765.08,SGD
PAY0000735,ORD0000735,2026-05-19T12:37:40Z,paypal,success,7924.75,SGD
PAY0000736,ORD0000736,2026-04-16T03:23:46Z,wallet,success,3545.02,SGD
PAY0000737,ORD0000737,2026-01-16T07:19:06Z,card,success,9227.99,SGD
PAY0000738,ORD0000738,2026-05-21T18:52:44Z,wallet,success,889.65,SGD
PAY0000739,ORD0000739,2026-01-23T06:09:26Z,card,success,7092.87,SGD
PAY0000740,ORD0000740,2026-01-04T17:33:24Z,paypal,success,7310.31,SGD
PAY0000741,ORD0000741,2026-04-16T03:50:07Z,card,success,280.48,SGD
PAY0000742,ORD0000742,2026-04-25T19:55:00Z,card,success,2029.89,SGD
PAY0000743,ORD0000743,2026-03-25T00:45:25Z,wallet,success,5112.9,SGD
PAY0000744,ORD0000744,2026-04-14T20:53:07Z,paypal,pending,7770.63,SGD
PAY0000745,ORD0000745,2026-01-03T23:53:35Z,paypal,success,10972.43,SGD
PAY0000746,ORD0000746,2026-02-23T07:09:25Z,paypal,refunded,4321.46,SGD
PAY0000747,ORD0000747,2026-02-21T09:54:27Z,wallet,success,10200.52,SGD
PAY0000748,ORD0000748,2026-01-12T10:42:30Z,bank_transfer,success,1990.14,SGD
PAY0000749,ORD0000749,2026-02-04T23:40:49Z,paypal,success,8455.43,SGD
PAY0000750,ORD0000750,2026-01-23T06:54:34Z,paypal,refunded,6183.06,SGD
PAY0000751,ORD0000751,2026-03-03T16:26:08Z,bank_transfer,success,15820.16,SGD
PAY0000752,ORD0000752,2026-01-22T06:44:19Z,wallet,success,5334.42,SGD
PAY0000753,ORD0000753,2026-02-24T23:24:08Z,paypal,success,5545.32,SGD
PAY0000754,ORD0000754,2026-03-21T06:39:31Z,wallet,failed,5405.62,SGD
PAY0000755,ORD0000755,2026-04-25T19:57:10Z,bank_transfer,success,140.24,SGD
PAY0000756,ORD0000756,2026-02-11T19:10:38Z,bank_transfer,pending,15894.68,SGD
PAY0000757,ORD0000757,2026-05-23T09:44:25Z,card,success,9564.76,SGD
PAY0000758,ORD0000758,2026-02-17T10:32:27Z,wallet,success,1965.07,SGD
PAY0000759,ORD0000759,2026-02-16T20:47:28Z,wallet,success,10555.3,SGD
PAY0000760,ORD0000760,2026-03-23T09:58:00Z,card,success,16716.37,SGD
PAY0000761,ORD0000761,2026-03-02T23:24:14Z,card,success,4197.74,SGD
PAY0000762,ORD0000762,2026-04-07T00:53:24Z,paypal,success,1709.48,SGD
PAY0000763,ORD0000763,2026-04-18T17:29:27Z,wallet,pending,8228.16,SGD
PAY0000764,ORD0000764,2026-04-13T20:40:42Z,card,failed,11721.58,SGD
PAY0000765,ORD0000765,2026-04-29T06:33:55Z,paypal,success,878.71,SGD
PAY0000766,ORD0000766,2026-03-29T05:56:14Z,card,failed,15298.32,SGD
PAY0000767,ORD0000767,2026-01-02T13:05:29Z,paypal,success,14985.14,SGD
PAY0000768,ORD0000768,2026-02-27T19:44:40Z,wallet,success,14885.85,SGD
PAY0000769,ORD0000769,2026-03-04T17:26:26Z,card,pending,9006.22,SGD
PAY0000770,ORD0000770,2026-04-30T14:05:58Z,card,success,4077.78,SGD
PAY0000771,ORD0000771,2026-04-05T13:36:12Z,wallet,success,8557.92,SGD
PAY0000772,ORD0000772,2026-02-24T03:36:14Z,wallet,success,3039.75,SGD
PAY0000773,ORD0000773,2026-04-27T05:32:24Z,paypal,success,15661.43,SGD
PAY0000774,ORD0000774,2026-03-30T03:10:29Z,card,success,4084.08,SGD
PAY0000775,ORD0000775,2026-03-25T23:51:19Z,card,success,9266.06,SGD
PAY0000776,ORD0000776,2026-02-13T05:44:13Z,paypal,success,1848.44,SGD
PAY0000777,ORD0000777,2026-05-03T11:27:14Z,paypal,refunded,10958.71,SGD
PAY0000778,ORD0000778,2026-04-19T09:52:43Z,paypal,success,4861.86,SGD
PAY0000779,ORD0000779,2026-03-15T01:56:40Z,wallet,success,4606.97,SGD
PAY0000780,ORD0000780,2026-01-26T14:12:41Z,paypal,refunded,6690.75,SGD
PAY0000781,ORD0000781,2026-01-14T01:58:36Z,bank_transfer,success,10515.94,SGD
PAY0000782,ORD0000782,2026-03-09T18:43:38Z,paypal,refunded,14997.34,SGD
PAY0000783,ORD0000783,2026-01-19T18:43:38Z,card,success,4558.1,SGD
PAY0000784,ORD0000784,2026-02-18T02:12:00Z,wallet,pending,10929.07,SGD
PAY0000785,ORD0000785,2026-04-05T00:07:09Z,wallet,failed,11223.69,SGD
PAY0000786,ORD0000786,2026-05-12T02:41:37Z,wallet,success,9178.16,SGD
PAY0000787,ORD0000787,2026-01-09T21:36:39Z,bank_transfer,success,11974.82,SGD
PAY0000788,ORD0000788,2026-04-28T12:57:24Z,card,failed,878.71,SGD
PAY0000789,ORD0000789,2026-05-17T20:35:56Z,card,success,7569.49,SGD
PAY0000790,ORD0000790,2026-04-15T02:01:14Z,paypal,pending,3060.32,SGD
PAY0000791,ORD0000791,2026-01-03T17:32:16Z,card,success,6837.15,SGD
PAY0000792,ORD0000792,2026-04-05T05:05:51Z,card,success,2480.22,SGD
PAY0000793,ORD0000793,2026-02-22T22:37:50Z,bank_transfer,refunded,239.43,SGD
PAY0000794,ORD0000794,2026-01-17T12:10:24Z,wallet,success,3440.88,SGD
PAY0000795,ORD0000795,2026-01-03T21:44:06Z,bank_transfer,success,12414.77,SGD
PAY0000796,ORD0000796,2026-02-23T06:03:51Z,bank_transfer,success,11898.66,SGD
PAY0000797,ORD0000797,2026-01-19T01:48:07Z,wallet,success,11074.74,SGD
PAY0000798,ORD0000798,2026-03-18T11:56:10Z,paypal,success,9040.11,SGD
PAY0000799,ORD0000799,2026-03-02T09:03:48Z,paypal,success,4851.25,SGD
PAY0000800,ORD0000800,2026-02-18T14:10:24Z,wallet,success,6872.25,SGD
PAY0000801,ORD0000801,2026-04-06T20:26:36Z,wallet,success,12422.79,SGD
PAY0000802,ORD0000802,2026-05-15T01:53:05Z,bank_transfer,success,11714.36,SGD
PAY0000803,ORD0000803,2026-01-21T11:26:23Z,card,success,79.81,SGD
PAY0000804,ORD0000804,2026-01-24T15:07:37Z,bank_transfer,success,7104.48,SGD
PAY0000805,ORD0000805,2026-04-17T06:50:04Z,card,refunded,13565.84,SGD
PAY0000806,ORD0000806,2026-05-07T07:26:53Z,card,success,3253.75,SGD
PAY0000807,ORD0000807,2026-04-28T10:11:25Z,bank_transfer,success,13329.39,SGD
PAY0000808,ORD0000808,2026-03-03T18:27:00Z,paypal,success,2943.18,SGD
PAY0000809,ORD0000809,2026-05-15T19:37:05Z,paypal,success,15752.44,SGD
PAY0000810,ORD0000810,2026-05-03T04:13:18Z,card,success,1645.36,SGD
PAY0000811,ORD0000811,2026-03-20T08:02:00Z,card,success,11438.65,SGD
PAY0000812,ORD0000812,2026-01-20T21:28:20Z,wallet,success,15795.6,SGD
PAY0000813,ORD0000813,2026-02-02T15:37:59Z,wallet,success,3421.96,SGD
PAY0000814,ORD0000814,2026-01-01T01:21:01Z,card,success,1772.51,SGD
PAY0000815,ORD0000815,2026-05-10T04:15:21Z,wallet,failed,8708.78,SGD
PAY0000816,ORD0000816,2026-04-03T04:45:39Z,bank_transfer,success,5145.45,SGD
PAY0000817,ORD0000817,2026-01-28T18:41:15Z,bank_transfer,refunded,15217.91,SGD
PAY0000818,ORD0000818,2026-04-01T12:55:15Z,card,success,5319.33,SGD
PAY0000819,ORD0000819,2026-01-03T02:18:13Z,wallet,failed,5756.9,SGD
PAY0000820,ORD0000820,2026-01-03T13:23:31Z,bank_transfer,success,9464.31,SGD
PAY0000821,ORD0000821,2026-05-02T10:03:16Z,wallet,success,11683.76,SGD
PAY0000822,ORD0000822,2026-03-13T18:16:09Z,wallet,success,7182.94,SGD
PAY0000823,ORD0000823,2026-01-19T22:34:06Z,wallet,success,11638.95,SGD
PAY0000824,ORD0000824,2026-05-18T18:59:09Z,wallet,success,16213.76,SGD
PAY0000825,ORD0000825,2026-02-21T19:16:48Z,card,success,2571.11,SGD
PAY0000826,ORD0000826,2026-05-04T10:01:40Z,card,success,1168.1,SGD
PAY0000827,ORD0000827,2026-04-01T13:55:35Z,wallet,failed,3512.24,SGD
PAY0000828,ORD0000828,2026-05-22T16:08:04Z,wallet,success,2535.16,SGD
PAY0000829,ORD0000829,2026-05-04T21:23:31Z,card,success,16404.8,SGD
PAY0000830,ORD0000830,2026-01-11T08:48:37Z,paypal,refunded,5569.38,SGD
PAY0000831,ORD0000831,2026-02-08T17:51:14Z,paypal,success,8575.95,SGD
PAY0000832,ORD0000832,2026-05-05T15:42:31Z,bank_transfer,pending,14853.65,SGD
PAY0000833,ORD0000833,2026-05-06T12:18:55Z,card,success,13419.54,SGD
PAY0000834,ORD0000834,2026-02-10T23:19:08Z,bank_transfer,success,2641.5,SGD
PAY0000835,ORD0000835,2026-01-28T05:02:11Z,wallet,success,8049.43,SGD
PAY0000836,ORD0000836,2026-03-23T20:53:09Z,card,success,7325.22,SGD
PAY0000837,ORD0000837,2026-01-05T07:12:43Z,card,success,7471.5,SGD
PAY0000838,ORD0000838,2026-05-12T19:02:57Z,wallet,success,2540.46,SGD
PAY0000839,ORD0000839,2026-04-23T04:13:20Z,paypal,failed,17120.05,SGD
PAY0000840,ORD0000840,2026-03-06T17:05:41Z,bank_transfer,success,584.05,SGD
PAY0000841,ORD0000841,2026-02-02T02:42:59Z,bank_transfer,success,570.07,SGD
PAY0000842,ORD0000842,2026-03-01T17:36:42Z,bank_transfer,success,1606.35,SGD
PAY0000843,ORD0000843,2026-04-18T21:22:37Z,bank_transfer,success,250.81,SGD
PAY0000844,ORD0000844,2026-05-14T08:50:24Z,bank_transfer,refunded,5060.7,SGD
PAY0000845,ORD0000845,2026-01-25T22:57:52Z,card,success,8172.58,SGD
PAY0000846,ORD0000846,2026-03-18T12:47:32Z,wallet,refunded,4077.78,SGD
PAY0000847,ORD0000847,2026-04-29T05:38:10Z,wallet,success,3436.32,SGD
PAY0000848,ORD0000848,2026-01-16T01:12:09Z,card,success,1171.47,SGD
PAY0000849,ORD0000849,2026-03-08T00:00:18Z,bank_transfer,success,4295.16,SGD
PAY0000850,ORD0000850,2026-02-20T16:58:20Z,bank_transfer,refunded,9364.92,SGD
PAY0000851,ORD0000851,2026-01-17T01:30:57Z,wallet,success,3108.88,SGD
PAY0000852,ORD0000852,2026-03-04T00:29:04Z,wallet,success,15672.68,SGD
PAY0000853,ORD0000853,2026-02-20T05:26:30Z,wallet,refunded,546.64,SGD
PAY0000854,ORD0000854,2026-03-07T02:01:32Z,wallet,failed,2911.66,SGD
PAY0000855,ORD0000855,2026-05-18T10:43:26Z,paypal,success,15527.46,SGD
PAY0000856,ORD0000856,2026-01-24T14:53:14Z,bank_transfer,pending,9115.3,SGD
PAY0000857,ORD0000857,2026-02-21T22:48:28Z,wallet,success,8056.64,SGD
PAY0000858,ORD0000858,2026-05-23T03:31:16Z,paypal,success,16788.91,SGD
PAY0000859,ORD0000859,2026-02-23T08:20:38Z,card,success,9572.82,SGD
PAY0000860,ORD0000860,2026-01-29T13:03:23Z,wallet,success,6904.89,SGD
PAY0000861,ORD0000861,2026-05-04T15:48:42Z,bank_transfer,success,7215.75,SGD
PAY0000862,ORD0000862,2026-03-26T05:04:17Z,paypal,success,7295.17,SGD
PAY0000863,ORD0000863,2026-01-10T13:08:11Z,wallet,success,13930.23,SGD
PAY0000864,ORD0000864,2026-02-05T05:01:05Z,card,failed,4963.73,SGD
PAY0000865,ORD0000865,2026-03-31T20:26:56Z,paypal,failed,11387.4,SGD
PAY0000866,ORD0000866,2026-05-19T06:47:01Z,wallet,refunded,8836.37,SGD
PAY0000867,ORD0000867,2026-03-08T05:02:32Z,bank_transfer,success,4903.47,SGD
PAY0000868,ORD0000868,2026-03-17T18:39:01Z,card,success,15085.27,SGD
PAY0000869,ORD0000869,2026-02-26T16:59:38Z,bank_transfer,success,12523.01,SGD
PAY0000870,ORD0000870,2026-01-05T14:35:26Z,paypal,success,8614.18,SGD
PAY0000871,ORD0000871,2026-04-21T21:25:52Z,wallet,success,2636.18,SGD
PAY0000872,ORD0000872,2026-02-12T07:06:02Z,card,success,17907.02,SGD
PAY0000873,ORD0000873,2026-03-20T12:18:04Z,paypal,failed,6524.64,SGD
PAY0000874,ORD0000874,2026-02-03T11:16:22Z,card,failed,3318.57,SGD
PAY0000875,ORD0000875,2026-02-06T17:05:15Z,card,failed,162.59,SGD
PAY0000876,ORD0000876,2026-04-21T19:31:02Z,bank_transfer,failed,11817.21,SGD
PAY0000877,ORD0000877,2026-04-27T19:44:34Z,bank_transfer,success,11299.5,SGD
PAY0000878,ORD0000878,2026-01-26T18:45:38Z,bank_transfer,success,381.62,SGD
PAY0000879,ORD0000879,2026-05-13T18:38:17Z,paypal,refunded,4635.45,SGD
PAY0000880,ORD0000880,2026-03-31T19:25:54Z,wallet,refunded,788.88,SGD
PAY0000881,ORD0000881,2026-04-11T23:32:31Z,card,pending,13195.06,SGD
PAY0000882,ORD0000882,2026-04-04T10:20:32Z,paypal,success,1184.78,SGD
PAY0000883,ORD0000883,2026-03-19T13:33:33Z,card,refunded,11208.7,SGD
PAY0000884,ORD0000884,2026-05-08T12:37:03Z,wallet,success,3474.38,SGD
PAY0000885,ORD0000885,2026-05-18T18:31:56Z,wallet,refunded,8714.08,SGD
PAY0000886,ORD0000886,2026-03-29T11:14:18Z,card,success,4379.22,SGD
PAY0000887,ORD0000887,2026-03-14T01:16:29Z,bank_transfer,success,6559.54,SGD
PAY0000888,ORD0000888,2026-03-27T10:38:25Z,paypal,refunded,3959.14,SGD
PAY0000889,ORD0000889,2026-05-04T15:38:39Z,bank_transfer,success,5511.96,SGD
PAY0000890,ORD0000890,2026-03-12T17:20:01Z,paypal,refunded,9516.83,SGD
PAY0000891,ORD0000891,2026-03-14T17:03:21Z,wallet,success,5331.28,SGD
PAY0000892,ORD0000892,2026-02-13T16:10:40Z,wallet,success,7298.96,SGD
PAY0000893,ORD0000893,2026-02-08T05:57:01Z,card,success,16182.34,SGD
PAY0000894,ORD0000894,2026-05-02T15:59:42Z,paypal,success,6244.8,SGD
PAY0000895,ORD0000895,2026-01-11T21:01:41Z,card,pending,15464.96,SGD
PAY0000896,ORD0000896,2026-01-08T20:18:54Z,wallet,pending,6731.36,SGD
PAY0000897,ORD0000897,2026-01-26T19:26:22Z,bank_transfer,failed,14260.83,SGD
PAY0000898,ORD0000898,2026-01-10T22:21:47Z,bank_transfer,success,4980.76,SGD
PAY0000899,ORD0000899,2026-02-08T09:16:59Z,wallet,success,9046.46,SGD
PAY0000900,ORD0000900,2026-05-05T20:41:37Z,bank_transfer,success,16580.29,SGD
PAY0000901,ORD0000901,2026-04-04T20:25:47Z,wallet,success,8175.37,SGD
PAY0000902,ORD0000902,2026-03-27T11:18:09Z,card,pending,3406.46,SGD
PAY0000903,ORD0000903,2026-01-13T18:36:45Z,wallet,failed,9329.04,SGD
PAY0000904,ORD0000904,2026-01-22T03:02:59Z,bank_transfer,success,4240.1,SGD
PAY0000905,ORD0000905,2026-05-14T00:16:56Z,bank_transfer,success,8972.9,SGD
PAY0000906,ORD0000906,2026-04-11T08:13:26Z,bank_transfer,success,12419.78,SGD
PAY0000907,ORD0000907,2026-03-03T06:07:18Z,card,failed,7316.48,SGD
PAY0000908,ORD0000908,2026-05-06T11:20:43Z,card,success,10375.5,SGD
PAY0000909,ORD0000909,2026-03-04T12:26:36Z,wallet,pending,12880.64,SGD
PAY0000910,ORD0000910,2026-01-15T11:30:16Z,card,success,6202.03,SGD
PAY0000911,ORD0000911,2026-05-09T01:56:42Z,bank_transfer,success,5630.51,SGD
PAY0000912,ORD0000912,2026-03-13T18:30:22Z,card,failed,2137.2,SGD
PAY0000913,ORD0000913,2026-01-30T13:05:41Z,card,success,16188.2,SGD
PAY0000914,ORD0000914,2026-04-14T02:52:02Z,paypal,success,529.78,SGD
PAY0000915,ORD0000915,2026-03-12T03:59:07Z,wallet,success,4854.13,SGD
PAY0000916,ORD0000916,2026-05-12T14:46:55Z,card,success,3868.43,SGD
PAY0000917,ORD0000917,2026-04-05T12:21:25Z,wallet,success,16552.43,SGD
PAY0000918,ORD0000918,2026-01-14T01:33:10Z,card,pending,1756.12,SGD
PAY0000919,ORD0000919,2026-01-31T18:00:36Z,wallet,pending,1061.2,SGD
PAY0000920,ORD0000920,2026-01-15T05:26:38Z,card,success,6687.02,SGD
PAY0000921,ORD0000921,2026-04-13T12:32:31Z,card,success,7755.95,SGD
PAY0000922,ORD0000922,2026-01-30T06:23:25Z,paypal,success,9939.25,SGD
PAY0000923,ORD0000923,2026-04-22T14:55:37Z,wallet,success,10678.29,SGD
PAY0000924,ORD0000924,2026-01-25T18:37:14Z,bank_transfer,failed,7141.91,SGD
PAY0000925,ORD0000925,2026-02-22T16:19:53Z,bank_transfer,success,4519.89,SGD
PAY0000926,ORD0000926,2026-03-14T21:11:27Z,wallet,success,14476.4,SGD
PAY0000927,ORD0000927,2026-01-25T06:07:28Z,card,success,8324.94,SGD
PAY0000928,ORD0000928,2026-04-05T23:28:37Z,paypal,success,11214.54,SGD
PAY0000929,ORD0000929,2026-03-30T19:17:31Z,paypal,success,4603.26,SGD
PAY0000930,ORD0000930,2026-03-12T00:33:01Z,bank_transfer,success,3344.76,SGD
PAY0000931,ORD0000931,2026-05-06T00:33:33Z,bank_transfer,refunded,3953.87,SGD
PAY0000932,ORD0000932,2026-04-11T17:27:13Z,bank_transfer,success,1794.93,SGD
PAY0000933,ORD0000933,2026-05-24T17:20:50Z,card,refunded,3979.92,SGD
PAY0000934,ORD0000934,2026-05-10T20:20:04Z,bank_transfer,success,1986.45,SGD
PAY0000935,ORD0000935,2026-02-21T12:30:04Z,card,success,5565.16,SGD
PAY0000936,ORD0000936,2026-03-21T04:13:24Z,paypal,success,2174.01,SGD
PAY0000937,ORD0000937,2026-01-13T21:09:01Z,bank_transfer,success,13775.31,SGD
PAY0000938,ORD0000938,2026-02-19T21:07:42Z,card,success,5846.07,SGD
PAY0000939,ORD0000939,2026-04-21T23:17:09Z,wallet,success,4509.5,SGD
PAY0000940,ORD0000940,2026-01-19T11:15:58Z,paypal,success,10903.25,SGD
PAY0000941,ORD0000941,2026-03-31T18:05:16Z,bank_transfer,success,14284.12,SGD
PAY0000942,ORD0000942,2026-03-16T19:38:11Z,card,failed,2490.38,SGD
PAY0000943,ORD0000943,2026-02-16T05:06:54Z,wallet,refunded,7813.12,SGD
PAY0000944,ORD0000944,2026-02-11T18:51:33Z,paypal,refunded,24993.49,SGD
PAY0000945,ORD0000945,2026-03-08T05:44:45Z,wallet,pending,9387.44,SGD
PAY0000946,ORD0000946,2026-02-14T03:10:46Z,paypal,success,7404.24,SGD
PAY0000947,ORD0000947,2026-03-09T14:02:47Z,wallet,success,6940.97,SGD
PAY0000948,ORD0000948,2026-01-04T06:10:02Z,paypal,success,8348.67,SGD
PAY0000949,ORD0000949,2026-02-14T19:32:05Z,paypal,success,13714.88,SGD
PAY0000950,ORD0000950,2026-04-29T10:52:50Z,wallet,failed,5473.08,SGD
PAY0000951,ORD0000951,2026-04-03T13:10:52Z,paypal,success,3908.86,SGD
PAY0000952,ORD0000952,2026-05-23T11:12:25Z,bank_transfer,success,8062.19,SGD
PAY0000953,ORD0000953,2026-04-25T20:16:00Z,wallet,success,1509.2,SGD
PAY0000954,ORD0000954,2026-05-22T00:10:25Z,card,success,18367.62,SGD
PAY0000955,ORD0000955,2026-01-20T23:23:27Z,paypal,pending,21406.95,SGD
PAY0000956,ORD0000956,2026-02-22T21:20:27Z,bank_transfer,success,6764.46,SGD
PAY0000957,ORD0000957,2026-02-26T14:19:23Z,card,success,16331.12,SGD
PAY0000958,ORD0000958,2026-05-04T21:43:28Z,card,success,9842.13,SGD
PAY0000959,ORD0000959,2026-01-17T03:28:35Z,bank_transfer,success,355.8,SGD
PAY0000960,ORD0000960,2026-04-25T20:35:11Z,card,refunded,11265.44,SGD
PAY0000961,ORD0000961,2026-04-11T19:01:37Z,card,success,6805.59,SGD
PAY0000962,ORD0000962,2026-04-23T17:06:53Z,bank_transfer,failed,13710.87,SGD
PAY0000963,ORD0000963,2026-03-19T11:53:34Z,bank_transfer,failed,9222.45,SGD
PAY0000964,ORD0000964,2026-01-06T13:44:06Z,wallet,success,8583.36,SGD
PAY0000965,ORD0000965,2026-05-16T19:52:45Z,card,success,12139.5,SGD
PAY0000966,ORD0000966,2026-03-09T17:44:36Z,card,success,17821.91,SGD
PAY0000967,ORD0000967,2026-05-21T05:46:14Z,bank_transfer,success,8141.03,SGD
PAY0000968,ORD0000968,2026-03-07T12:03:22Z,bank_transfer,refunded,6272.2,SGD
PAY0000969,ORD0000969,2026-04-09T08:20:12Z,wallet,refunded,12185.49,SGD
PAY0000970,ORD0000970,2026-02-21T04:24:36Z,wallet,success,8319.51,SGD
PAY0000971,ORD0000971,2026-04-21T18:01:24Z,card,success,2323.45,SGD
PAY0000972,ORD0000972,2026-04-07T02:26:14Z,card,success,7535.8,SGD
PAY0000973,ORD0000973,2026-02-27T15:42:22Z,card,success,1346.62,SGD
PAY0000974,ORD0000974,2026-04-18T01:52:00Z,card,success,11017.11,SGD
PAY0000975,ORD0000975,2026-02-20T19:31:32Z,wallet,success,8064.22,SGD
PAY0000976,ORD0000976,2026-05-15T14:58:30Z,card,success,9095.97,SGD
PAY0000977,ORD0000977,2026-03-02T21:07:41Z,card,success,17778.71,SGD
PAY0000978,ORD0000978,2026-05-01T04:03:40Z,card,pending,11435.96,SGD
PAY0000979,ORD0000979,2026-05-18T04:45:18Z,bank_transfer,success,1332.98,SGD
PAY0000980,ORD0000980,2026-02-18T22:55:40Z,paypal,pending,533.7,SGD
PAY0000981,ORD0000981,2026-02-11T19:04:26Z,bank_transfer,success,11421.82,SGD
PAY0000982,ORD0000982,2026-04-15T19:34:37Z,card,failed,6098.36,SGD
PAY0000983,ORD0000983,2026-02-01T08:44:48Z,bank_transfer,failed,2777.45,SGD
PAY0000984,ORD0000984,2026-01-24T05:25:38Z,bank_transfer,success,4258.46,SGD
PAY0000985,ORD0000985,2026-03-21T03:55:00Z,paypal,success,10275.48,SGD
PAY0000986,ORD0000986,2026-01-18T15:11:12Z,paypal,success,16406.07,SGD
PAY0000987,ORD0000987,2026-01-19T06:37:06Z,card,failed,6615.89,SGD
PAY0000988,ORD0000988,2026-04-13T19:00:56Z,paypal,success,3696.88,SGD
PAY0000989,ORD0000989,2026-01-14T12:06:38Z,paypal,success,3403.83,SGD
PAY0000990,ORD0000990,2026-05-13T17:25:16Z,paypal,success,9699.57,SGD
PAY0000991,ORD0000991,2026-03-02T13:22:56Z,paypal,success,3020.22,SGD
PAY0000992,ORD0000992,2026-01-20T09:54:10Z,paypal,refunded,2974.22,SGD
PAY0000993,ORD0000993,2026-03-29T01:14:51Z,card,success,7139.66,SGD
PAY0000994,ORD0000994,2026-05-09T02:46:18Z,card,refunded,19821.87,SGD
PAY0000995,ORD0000995,2026-04-17T02:39:14Z,bank_transfer,success,1570.38,SGD
PAY0000996,ORD0000996,2026-05-02T15:25:09Z,bank_transfer,success,6653.95,SGD
PAY0000997,ORD0000997,2026-04-07T16:17:07Z,wallet,success,2338.79,SGD
PAY0000998,ORD0000998,2026-04-25T02:53:28Z,wallet,success,13535.11,SGD
PAY0000999,ORD0000999,2026-04-15T11:36:37Z,bank_transfer,success,9530.62,SGD
PAY0001000,ORD0001000,2026-03-30T20:17:49Z,paypal,success,1507.98,SGD
PAY0001001,ORD0001001,2026-05-05T08:51:43Z,card,success,1308.98,SGD
PAY0001002,ORD0001002,2026-02-26T11:27:22Z,wallet,success,4364.95,SGD
PAY0001003,ORD0001003,2026-03-20T01:25:48Z,bank_transfer,success,5094.86,SGD
PAY0001004,ORD0001004,2026-04-21T19:13:28Z,wallet,success,10160.35,SGD
PAY0001005,ORD0001005,2026-02-24T00:44:40Z,paypal,success,13022.44,SGD
PAY0001006,ORD0001006,2026-05-14T22:27:59Z,card,success,1281.22,SGD
PAY0001007,ORD0001007,2026-02-05T16:19:46Z,card,success,16382.04,SGD
PAY0001008,ORD0001008,2026-04-21T18:40:50Z,card,success,2008.62,SGD
PAY0001009,ORD0001009,2026-01-17T20:23:00Z,paypal,success,7208.0,SGD
PAY0001010,ORD0001010,2026-01-17T07:15:29Z,card,success,632.0,SGD
PAY0001011,ORD0001011,2026-01-28T17:52:13Z,wallet,success,8192.85,SGD
PAY0001012,ORD0001012,2026-02-18T17:29:22Z,wallet,success,7995.87,SGD
PAY0001013,ORD0001013,2026-01-13T10:06:39Z,bank_transfer,success,10735.59,SGD
PAY0001014,ORD0001014,2026-03-27T13:10:15Z,paypal,success,7563.01,SGD
PAY0001015,ORD0001015,2026-01-22T15:11:08Z,card,success,6296.61,SGD
PAY0001016,ORD0001016,2026-03-04T12:48:36Z,wallet,success,1913.09,SGD
PAY0001017,ORD0001017,2026-01-01T17:05:34Z,bank_transfer,success,4920.57,SGD
PAY0001018,ORD0001018,2026-05-03T00:53:39Z,bank_transfer,success,14224.6,SGD
PAY0001019,ORD0001019,2026-02-16T04:22:04Z,bank_transfer,success,8740.37,SGD
PAY0001020,ORD0001020,2026-01-29T01:31:14Z,bank_transfer,success,4249.41,SGD
PAY0001021,ORD0001021,2026-02-28T07:08:16Z,paypal,success,2818.66,SGD
PAY0001022,ORD0001022,2026-01-25T08:26:18Z,card,failed,6639.99,SGD
PAY0001023,ORD0001023,2026-03-12T14:29:49Z,card,success,10567.01,SGD
PAY0001024,ORD0001024,2026-02-07T20:05:38Z,wallet,success,12446.69,SGD
PAY0001025,ORD0001025,2026-05-07T17:32:48Z,wallet,pending,3668.47,SGD
PAY0001026,ORD0001026,2026-03-16T16:32:24Z,card,success,8184.85,SGD
PAY0001027,ORD0001027,2026-03-20T02:35:48Z,card,success,6301.26,SGD
PAY0001028,ORD0001028,2026-04-05T13:16:59Z,paypal,success,8187.54,SGD
PAY0001029,ORD0001029,2026-01-18T11:25:59Z,bank_transfer,success,6834.41,SGD
PAY0001030,ORD0001030,2026-03-28T18:23:10Z,card,success,7437.05,SGD
PAY0001031,ORD0001031,2026-03-22T15:31:23Z,wallet,success,9816.02,SGD
PAY0001032,ORD0001032,2026-01-23T01:36:52Z,bank_transfer,success,2433.05,SGD
PAY0001033,ORD0001033,2026-04-03T15:14:19Z,wallet,success,886.77,SGD
PAY0001034,ORD0001034,2026-03-27T16:18:47Z,paypal,refunded,13829.73,SGD
PAY0001035,ORD0001035,2026-02-28T07:01:18Z,bank_transfer,success,14627.32,SGD
PAY0001036,ORD0001036,2026-04-28T02:58:36Z,wallet,success,5657.88,SGD
PAY0001037,ORD0001037,2026-02-19T02:40:27Z,card,success,11739.79,SGD
PAY0001038,ORD0001038,2026-03-07T13:03:49Z,paypal,success,11176.93,SGD
PAY0001039,ORD0001039,2026-05-02T05:36:29Z,bank_transfer,success,18585.28,SGD
PAY0001040,ORD0001040,2026-03-13T06:15:00Z,bank_transfer,success,14619.58,SGD
PAY0001041,ORD0001041,2026-01-17T06:04:04Z,paypal,success,3628.98,SGD
PAY0001042,ORD0001042,2026-01-26T00:47:25Z,paypal,success,1634.42,SGD
PAY0001043,ORD0001043,2026-01-18T00:10:11Z,card,success,835.05,SGD
PAY0001044,ORD0001044,2026-04-30T22:36:31Z,paypal,success,8829.43,SGD
PAY0001045,ORD0001045,2026-01-24T16:50:37Z,bank_transfer,success,3586.21,SGD
PAY0001046,ORD0001046,2026-03-26T02:53:00Z,bank_transfer,failed,6435.88,SGD
PAY0001047,ORD0001047,2026-02-08T07:53:00Z,card,failed,16826.83,SGD
PAY0001048,ORD0001048,2026-02-05T23:13:34Z,wallet,success,2249.78,SGD
PAY0001049,ORD0001049,2026-04-16T07:42:44Z,card,success,6725.78,SGD
PAY0001050,ORD0001050,2026-02-14T06:02:52Z,bank_transfer,success,9667.06,SGD
PAY0001051,ORD0001051,2026-03-08T23:10:36Z,wallet,failed,7805.25,SGD
PAY0001052,ORD0001052,2026-01-13T01:07:04Z,card,success,10647.11,SGD
PAY0001053,ORD0001053,2026-04-25T06:52:28Z,paypal,success,12211.81,SGD
PAY0001054,ORD0001054,2026-04-06T00:19:45Z,paypal,success,14095.01,SGD
PAY0001055,ORD0001055,2026-03-20T07:23:32Z,wallet,pending,7813.44,SGD
PAY0001056,ORD0001056,2026-05-03T18:50:59Z,paypal,success,6937.79,SGD
PAY0001057,ORD0001057,2026-04-02T17:15:21Z,wallet,success,7596.92,SGD
PAY0001058,ORD0001058,2026-02-06T23:05:46Z,card,success,7888.87,SGD
PAY0001059,ORD0001059,2026-04-03T14:45:03Z,bank_transfer,success,8583.23,SGD
PAY0001060,ORD0001060,2026-01-31T20:00:26Z,bank_transfer,success,10325.21,SGD
PAY0001061,ORD0001061,2026-05-21T18:24:40Z,card,success,4177.78,SGD
PAY0001062,ORD0001062,2026-02-17T20:36:18Z,paypal,success,10023.48,SGD
PAY0001063,ORD0001063,2026-02-07T18:43:57Z,bank_transfer,success,15565.44,SGD
PAY0001064,ORD0001064,2026-04-20T11:00:32Z,paypal,success,3494.94,SGD
PAY0001065,ORD0001065,2026-01-29T19:29:11Z,paypal,failed,18244.99,SGD
PAY0001066,ORD0001066,2026-02-07T14:10:31Z,paypal,success,3837.27,SGD
PAY0001067,ORD0001067,2026-03-11T03:57:00Z,paypal,failed,8733.91,SGD
PAY0001068,ORD0001068,2026-04-27T01:16:29Z,card,refunded,689.4,SGD
PAY0001069,ORD0001069,2026-04-08T22:23:45Z,paypal,success,847.73,SGD
PAY0001070,ORD0001070,2026-02-27T12:29:30Z,card,success,426.24,SGD
PAY0001071,ORD0001071,2026-04-01T08:27:30Z,wallet,success,13005.53,SGD
PAY0001072,ORD0001072,2026-02-08T11:25:29Z,bank_transfer,success,2227.34,SGD
PAY0001073,ORD0001073,2026-03-03T06:36:31Z,wallet,pending,15345.47,SGD
PAY0001074,ORD0001074,2026-02-25T00:12:04Z,card,success,17071.14,SGD
PAY0001075,ORD0001075,2026-01-30T12:09:01Z,bank_transfer,success,8039.85,SGD
PAY0001076,ORD0001076,2026-03-19T18:57:39Z,bank_transfer,pending,37.62,SGD
PAY0001077,ORD0001077,2026-01-31T03:38:40Z,paypal,success,3640.2,SGD
PAY0001078,ORD0001078,2026-02-16T11:15:26Z,paypal,success,8197.82,SGD
PAY0001079,ORD0001079,2026-03-04T01:03:12Z,paypal,success,13761.55,SGD
PAY0001080,ORD0001080,2026-01-14T05:54:25Z,wallet,success,1100.0,SGD
PAY0001081,ORD0001081,2026-05-17T07:00:16Z,card,success,17718.85,SGD
PAY0001082,ORD0001082,2026-03-14T17:29:01Z,card,success,6353.39,SGD
PAY0001083,ORD0001083,2026-05-07T09:20:32Z,paypal,success,6742.21,SGD
PAY0001084,ORD0001084,2026-01-21T17:50:45Z,wallet,failed,11657.73,SGD
PAY0001085,ORD0001085,2026-04-26T06:05:00Z,bank_transfer,success,7651.1,SGD
PAY0001086,ORD0001086,2026-04-10T07:34:44Z,card,success,7298.61,SGD
PAY0001087,ORD0001087,2026-03-05T13:59:09Z,paypal,success,12657.12,SGD
PAY0001088,ORD0001088,2026-04-30T16:59:37Z,card,success,1144.86,SGD
PAY0001089,ORD0001089,2026-02-23T07:03:38Z,paypal,success,3765.46,SGD
PAY0001090,ORD0001090,2026-02-07T01:54:28Z,card,success,7965.28,SGD
PAY0001091,ORD0001091,2026-01-28T14:02:48Z,paypal,success,10457.99,SGD
PAY0001092,ORD0001092,2026-02-15T14:31:37Z,wallet,pending,12333.17,SGD
PAY0001093,ORD0001093,2026-05-12T17:30:55Z,card,success,1608.82,SGD
PAY0001094,ORD0001094,2026-02-04T00:41:56Z,card,success,12427.28,SGD
PAY0001095,ORD0001095,2026-02-22T20:07:12Z,card,success,6078.73,SGD
PAY0001096,ORD0001096,2026-05-17T12:38:12Z,paypal,refunded,4779.2,SGD
PAY0001097,ORD0001097,2026-04-02T19:01:38Z,paypal,success,4773.05,SGD
PAY0001098,ORD0001098,2026-05-23T19:22:24Z,card,failed,10926.3,SGD
PAY0001099,ORD0001099,2026-05-11T15:22:47Z,paypal,success,13388.2,SGD
PAY0001100,ORD0001100,2026-01-09T09:11:22Z,wallet,success,15905.97,SGD
PAY0001101,ORD0001101,2026-05-15T14:40:54Z,paypal,success,420.19,SGD
PAY0001102,ORD0001102,2026-01-21T05:26:51Z,card,pending,3913.83,SGD
PAY0001103,ORD0001103,2026-02-14T01:49:56Z,paypal,pending,17236.24,SGD
PAY0001104,ORD0001104,2026-04-23T01:11:19Z,paypal,success,10201.72,SGD
PAY0001105,ORD0001105,2026-01-01T03:13:41Z,card,success,2056.02,SGD
PAY0001106,ORD0001106,2026-03-20T20:46:20Z,wallet,success,2254.63,SGD
PAY0001107,ORD0001107,2026-01-24T13:24:10Z,card,success,837.65,SGD
PAY0001108,ORD0001108,2026-03-11T12:06:14Z,bank_transfer,success,8693.99,SGD
PAY0001109,ORD0001109,2026-04-30T10:01:25Z,wallet,success,218.52,SGD
PAY0001110,ORD0001110,2026-03-10T06:31:40Z,wallet,success,9787.39,SGD
PAY0001111,ORD0001111,2026-05-13T23:57:25Z,paypal,pending,2301.63,SGD
PAY0001112,ORD0001112,2026-02-19T00:36:02Z,paypal,success,893.37,SGD
PAY0001113,ORD0001113,2026-03-15T20:12:04Z,paypal,refunded,3670.44,SGD
PAY0001114,ORD0001114,2026-04-30T06:03:46Z,paypal,failed,4863.54,SGD
PAY0001115,ORD0001115,2026-04-09T08:50:12Z,bank_transfer,failed,308.9,SGD
PAY0001116,ORD0001116,2026-04-15T01:18:12Z,wallet,pending,3170.43,SGD
PAY0001117,ORD0001117,2026-03-29T17:48:43Z,card,success,1399.07,SGD
PAY0001118,ORD0001118,2026-01-15T23:22:36Z,bank_transfer,success,12620.29,SGD
PAY0001119,ORD0001119,2026-03-08T02:08:34Z,bank_transfer,failed,7000.93,SGD
PAY0001120,ORD0001120,2026-04-07T09:49:22Z,paypal,success,3752.39,SGD
PAY0001121,ORD0001121,2026-03-26T17:47:50Z,wallet,failed,10639.75,SGD
PAY0001122,ORD0001122,2026-01-27T18:34:24Z,card,success,937.77,SGD
PAY0001123,ORD0001123,2026-05-09T03:22:46Z,bank_transfer,failed,6784.81,SGD
PAY0001124,ORD0001124,2026-01-08T17:48:31Z,paypal,success,6227.18,SGD
PAY0001125,ORD0001125,2026-01-12T17:14:32Z,wallet,success,428.16,SGD
PAY0001126,ORD0001126,2026-01-27T15:54:15Z,card,success,5762.77,SGD
PAY0001127,ORD0001127,2026-01-20T06:10:33Z,card,success,9703.17,SGD
PAY0001128,ORD0001128,2026-01-14T05:50:30Z,paypal,refunded,15348.9,SGD
PAY0001129,ORD0001129,2026-03-04T06:51:49Z,paypal,refunded,6662.49,SGD
PAY0001130,ORD0001130,2026-03-29T08:35:07Z,paypal,refunded,5209.14,SGD
PAY0001131,ORD0001131,2026-05-04T10:53:11Z,wallet,success,5074.34,SGD
PAY0001132,ORD0001132,2026-01-07T01:16:11Z,bank_transfer,success,1036.56,SGD
PAY0001133,ORD0001133,2026-05-05T13:20:28Z,card,success,11453.54,SGD
PAY0001134,ORD0001134,2026-03-01T21:25:42Z,paypal,success,18479.16,SGD
PAY0001135,ORD0001135,2026-03-07T11:41:04Z,bank_transfer,success,13577.88,SGD
PAY0001136,ORD0001136,2026-02-26T03:14:25Z,card,success,10109.12,SGD
PAY0001137,ORD0001137,2026-02-21T06:18:37Z,wallet,success,9959.19,SGD
PAY0001138,ORD0001138,2026-04-16T11:29:08Z,card,refunded,5581.22,SGD
PAY0001139,ORD0001139,2026-02-18T00:29:47Z,paypal,success,11107.37,SGD
PAY0001140,ORD0001140,2026-03-08T08:17:12Z,wallet,success,3813.13,SGD
PAY0001141,ORD0001141,2026-02-06T17:41:07Z,card,refunded,10958.04,SGD
PAY0001142,ORD0001142,2026-04-06T03:24:47Z,paypal,failed,3291.32,SGD
PAY0001143,ORD0001143,2026-02-05T05:11:33Z,card,success,5625.07,SGD
PAY0001144,ORD0001144,2026-01-19T14:55:57Z,wallet,refunded,6247.24,SGD
PAY0001145,ORD0001145,2026-03-25T11:52:31Z,wallet,success,7064.82,SGD
PAY0001146,ORD0001146,2026-02-15T21:54:41Z,bank_transfer,success,2998.47,SGD
PAY0001147,ORD0001147,2026-03-16T11:27:37Z,card,success,11391.85,SGD
PAY0001148,ORD0001148,2026-02-17T01:45:57Z,bank_transfer,refunded,17137.89,SGD
PAY0001149,ORD0001149,2026-02-11T10:48:33Z,bank_transfer,success,4499.56,SGD
PAY0001150,ORD0001150,2026-05-24T14:09:20Z,wallet,pending,8232.57,SGD
PAY0001151,ORD0001151,2026-01-05T02:01:33Z,bank_transfer,failed,9153.66,SGD
PAY0001152,ORD0001152,2026-03-20T12:41:21Z,paypal,refunded,6511.14,SGD
PAY0001153,ORD0001153,2026-02-14T20:54:03Z,paypal,success,20040.54,SGD
PAY0001154,ORD0001154,2026-03-09T01:12:29Z,paypal,pending,8907.54,SGD
PAY0001155,ORD0001155,2026-03-13T04:53:19Z,paypal,success,15799.02,SGD
PAY0001156,ORD0001156,2026-03-12T20:42:40Z,bank_transfer,success,1213.46,SGD
PAY0001157,ORD0001157,2026-01-16T10:10:24Z,card,failed,4573.71,SGD
PAY0001158,ORD0001158,2026-03-21T14:08:32Z,paypal,success,1908.19,SGD
PAY0001159,ORD0001159,2026-04-17T10:37:43Z,paypal,success,9908.23,SGD
PAY0001160,ORD0001160,2026-02-04T18:47:41Z,paypal,pending,3432.06,SGD
PAY0001161,ORD0001161,2026-02-04T19:40:46Z,card,success,21643.1,SGD
PAY0001162,ORD0001162,2026-02-02T10:57:56Z,card,refunded,10466.87,SGD
PAY0001163,ORD0001163,2026-01-22T08:59:36Z,bank_transfer,failed,4094.53,SGD
PAY0001164,ORD0001164,2026-01-01T04:04:19Z,card,success,18571.57,SGD
PAY0001165,ORD0001165,2026-05-06T18:25:05Z,wallet,pending,4880.38,SGD
PAY0001166,ORD0001166,2026-04-08T16:56:38Z,paypal,success,3844.16,SGD
PAY0001167,ORD0001167,2026-04-28T08:56:18Z,bank_transfer,success,6211.67,SGD
PAY0001168,ORD0001168,2026-04-25T17:11:10Z,bank_transfer,failed,2658.18,SGD
PAY0001169,ORD0001169,2026-03-27T06:33:34Z,wallet,success,6024.75,SGD
PAY0001170,ORD0001170,2026-01-29T07:31:13Z,wallet,success,459.6,SGD
PAY0001171,ORD0001171,2026-03-17T02:13:07Z,paypal,success,7689.64,SGD
PAY0001172,ORD0001172,2026-03-10T11:42:13Z,bank_transfer,success,1731.01,SGD
PAY0001173,ORD0001173,2026-05-19T02:31:22Z,card,pending,8819.85,SGD
PAY0001174,ORD0001174,2026-03-06T21:22:36Z,paypal,success,11827.66,SGD
PAY0001175,ORD0001175,2026-04-05T16:08:35Z,bank_transfer,success,15847.61,SGD
PAY0001176,ORD0001176,2026-05-09T07:24:41Z,wallet,failed,4852.08,SGD
PAY0001177,ORD0001177,2026-02-12T19:00:52Z,bank_transfer,success,2374.02,SGD
PAY0001178,ORD0001178,2026-04-21T14:07:23Z,paypal,success,8484.43,SGD
PAY0001179,ORD0001179,2026-05-22T05:17:27Z,card,success,4384.7,SGD
PAY0001180,ORD0001180,2026-05-11T16:23:53Z,card,success,6749.34,SGD
PAY0001181,ORD0001181,2026-05-22T09:47:42Z,bank_transfer,success,18251.73,SGD
PAY0001182,ORD0001182,2026-05-13T10:55:04Z,bank_transfer,pending,11079.47,SGD
PAY0001183,ORD0001183,2026-05-21T15:58:28Z,bank_transfer,success,2410.16,SGD
PAY0001184,ORD0001184,2026-01-29T17:59:57Z,card,success,6101.56,SGD
PAY0001185,ORD0001185,2026-03-19T16:08:21Z,paypal,pending,18951.84,SGD
PAY0001186,ORD0001186,2026-03-20T21:11:46Z,paypal,success,5414.64,SGD
PAY0001187,ORD0001187,2026-02-15T19:00:33Z,bank_transfer,success,9207.58,SGD
PAY0001188,ORD0001188,2026-01-31T23:09:18Z,paypal,failed,2178.26,SGD
PAY0001189,ORD0001189,2026-04-15T23:27:31Z,wallet,failed,4423.48,SGD
PAY0001190,ORD0001190,2026-03-13T06:06:28Z,wallet,success,6288.93,SGD
PAY0001191,ORD0001191,2026-01-17T01:24:33Z,card,success,21903.29,SGD
PAY0001192,ORD0001192,2026-04-30T00:33:40Z,bank_transfer,success,4531.01,SGD
PAY0001193,ORD0001193,2026-04-28T18:27:06Z,bank_transfer,success,10914.15,SGD
PAY0001194,ORD0001194,2026-04-09T20:06:00Z,card,success,8384.67,SGD
PAY0001195,ORD0001195,2026-03-31T14:32:07Z,bank_transfer,success,7553.75,SGD
PAY0001196,ORD0001196,2026-03-29T04:59:11Z,card,success,2172.56,SGD
PAY0001197,ORD0001197,2026-04-04T13:37:12Z,wallet,success,12632.42,SGD
PAY0001198,ORD0001198,2026-01-07T14:05:16Z,wallet,success,6564.59,SGD
PAY0001199,ORD0001199,2026-02-06T07:15:39Z,bank_transfer,pending,6632.58,SGD
PAY0001200,ORD0001200,2026-03-03T05:01:12Z,paypal,success,4314.04,SGD
PAY0001201,ORD0001201,2026-01-09T05:22:10Z,wallet,success,5180.94,SGD
PAY0001202,ORD0001202,2026-01-08T12:36:08Z,wallet,success,3420.07,SGD
PAY0001203,ORD0001203,2026-01-29T18:17:30Z,bank_transfer,success,12961.24,SGD
PAY0001204,ORD0001204,2026-03-30T15:37:51Z,bank_transfer,success,11030.47,SGD
PAY0001205,ORD0001205,2026-04-01T00:41:02Z,card,pending,12504.53,SGD
PAY0001206,ORD0001206,2026-02-21T13:23:41Z,paypal,success,10781.16,SGD
PAY0001207,ORD0001207,2026-04-17T03:39:19Z,paypal,success,926.7,SGD
PAY0001208,ORD0001208,2026-04-27T14:09:39Z,paypal,success,1925.07,SGD
PAY0001209,ORD0001209,2026-01-23T13:01:03Z,card,success,7841.57,SGD
PAY0001210,ORD0001210,2026-05-06T16:29:24Z,card,success,16127.03,SGD
PAY0001211,ORD0001211,2026-02-01T11:59:44Z,bank_transfer,refunded,2042.51,SGD
PAY0001212,ORD0001212,2026-04-16T07:30:32Z,paypal,success,5316.08,SGD
PAY0001213,ORD0001213,2026-01-24T15:40:49Z,card,pending,7030.99,SGD
PAY0001214,ORD0001214,2026-02-06T20:06:09Z,wallet,failed,1843.66,SGD
PAY0001215,ORD0001215,2026-05-14T22:20:30Z,paypal,success,5310.53,SGD
PAY0001216,ORD0001216,2026-03-26T01:05:14Z,wallet,success,15911.64,SGD
PAY0001217,ORD0001217,2026-05-08T15:33:42Z,wallet,success,11968.05,SGD
PAY0001218,ORD0001218,2026-05-10T01:41:06Z,wallet,success,9090.6,SGD
PAY0001219,ORD0001219,2026-04-12T02:43:18Z,paypal,success,1205.08,SGD
PAY0001220,ORD0001220,2026-05-02T09:34:43Z,bank_transfer,success,6131.98,SGD
PAY0001221,ORD0001221,2026-02-28T08:51:26Z,wallet,pending,2347.45,SGD
PAY0001222,ORD0001222,2026-04-14T03:40:49Z,card,success,1283.38,SGD
PAY0001223,ORD0001223,2026-01-06T03:40:26Z,card,success,4566.65,SGD
PAY0001224,ORD0001224,2026-01-23T01:34:43Z,paypal,success,4749.89,SGD
PAY0001225,ORD0001225,2026-01-10T13:44:24Z,paypal,success,15153.46,SGD
PAY0001226,ORD0001226,2026-04-18T07:21:56Z,wallet,success,5201.11,SGD
PAY0001227,ORD0001227,2026-05-24T23:02:59Z,card,success,3424.06,SGD
PAY0001228,ORD0001228,2026-04-02T03:04:17Z,paypal,success,9851.94,SGD
PAY0001229,ORD0001229,2026-04-21T13:21:11Z,paypal,failed,2171.14,SGD
PAY0001230,ORD0001230,2026-05-24T08:22:04Z,paypal,failed,11337.14,SGD
PAY0001231,ORD0001231,2026-02-11T00:05:58Z,bank_transfer,refunded,12753.36,SGD
PAY0001232,ORD0001232,2026-02-18T10:30:01Z,card,success,3923.62,SGD
PAY0001233,ORD0001233,2026-01-23T06:41:28Z,wallet,success,12613.12,SGD
PAY0001234,ORD0001234,2026-05-19T02:09:04Z,bank_transfer,success,6843.62,SGD
PAY0001235,ORD0001235,2026-02-12T09:50:09Z,card,success,868.47,SGD
PAY0001236,ORD0001236,2026-05-16T05:54:22Z,paypal,success,10329.31,SGD
PAY0001237,ORD0001237,2026-03-21T21:38:23Z,bank_transfer,pending,9669.77,SGD
PAY0001238,ORD0001238,2026-04-06T00:05:07Z,paypal,success,6357.62,SGD
PAY0001239,ORD0001239,2026-03-22T07:38:14Z,bank_transfer,success,3886.45,SGD
PAY0001240,ORD0001240,2026-03-30T05:54:34Z,card,success,7756.7,SGD
PAY0001241,ORD0001241,2026-02-01T04:38:23Z,paypal,failed,2295.19,SGD
PAY0001242,ORD0001242,2026-04-18T04:19:31Z,paypal,success,1012.4,SGD
PAY0001243,ORD0001243,2026-05-08T21:12:17Z,wallet,success,5717.57,SGD
PAY0001244,ORD0001244,2026-02-17T12:01:36Z,wallet,pending,11877.74,SGD
PAY0001245,ORD0001245,2026-03-08T08:06:21Z,wallet,success,18154.58,SGD
PAY0001246,ORD0001246,2026-02-08T17:47:56Z,paypal,success,8362.27,SGD
PAY0001247,ORD0001247,2026-01-09T21:52:34Z,paypal,success,8860.94,SGD
PAY0001248,ORD0001248,2026-01-15T21:24:09Z,paypal,success,13053.55,SGD
PAY0001249,ORD0001249,2026-01-27T09:52:24Z,bank_transfer,success,2132.38,SGD
PAY0001250,ORD0001250,2026-02-24T10:51:34Z,bank_transfer,refunded,7826.97,SGD
PAY0001251,ORD0001251,2026-04-03T12:05:43Z,wallet,refunded,9172.48,SGD
PAY0001252,ORD0001252,2026-02-12T00:26:14Z,wallet,success,9399.77,SGD
PAY0001253,ORD0001253,2026-03-09T20:03:57Z,wallet,success,14155.53,SGD
PAY0001254,ORD0001254,2026-02-03T11:47:45Z,card,success,5679.46,SGD
PAY0001255,ORD0001255,2026-01-26T18:28:31Z,card,success,7871.3,SGD
PAY0001256,ORD0001256,2026-05-02T19:37:24Z,card,success,5415.47,SGD
PAY0001257,ORD0001257,2026-03-23T15:21:14Z,card,refunded,117.28,SGD
PAY0001258,ORD0001258,2026-01-22T02:13:56Z,bank_transfer,success,9635.08,SGD
PAY0001259,ORD0001259,2026-03-30T01:05:24Z,card,success,16031.15,SGD
PAY0001260,ORD0001260,2026-05-23T10:13:31Z,paypal,success,2428.62,SGD
PAY0001261,ORD0001261,2026-04-23T23:10:55Z,bank_transfer,success,12777.75,SGD
PAY0001262,ORD0001262,2026-04-04T01:55:03Z,paypal,success,9358.2,SGD
PAY0001263,ORD0001263,2026-04-15T17:16:07Z,card,pending,2696.88,SGD
PAY0001264,ORD0001264,2026-03-06T12:22:08Z,paypal,failed,1967.58,SGD
PAY0001265,ORD0001265,2026-02-12T21:29:27Z,paypal,success,2230.25,SGD
PAY0001266,ORD0001266,2026-05-21T00:19:47Z,card,failed,14165.5,SGD
PAY0001267,ORD0001267,2026-01-06T09:03:43Z,card,refunded,835.05,SGD
PAY0001268,ORD0001268,2026-05-04T17:16:04Z,card,success,2680.11,SGD
PAY0001269,ORD0001269,2026-04-15T16:29:05Z,bank_transfer,pending,14498.32,SGD
PAY0001270,ORD0001270,2026-03-15T16:19:40Z,paypal,refunded,3440.88,SGD
PAY0001271,ORD0001271,2026-02-01T00:03:21Z,bank_transfer,success,11774.52,SGD
PAY0001272,ORD0001272,2026-05-01T17:57:19Z,wallet,success,9855.55,SGD
PAY0001273,ORD0001273,2026-05-09T13:38:59Z,wallet,success,4317.21,SGD
PAY0001274,ORD0001274,2026-01-30T03:58:27Z,paypal,pending,5849.98,SGD
PAY0001275,ORD0001275,2026-01-10T13:17:48Z,bank_transfer,success,6191.28,SGD
PAY0001276,ORD0001276,2026-03-21T00:32:29Z,bank_transfer,success,5654.01,SGD
PAY0001277,ORD0001277,2026-01-04T07:14:58Z,paypal,failed,7630.12,SGD
PAY0001278,ORD0001278,2026-05-02T13:02:24Z,wallet,success,6276.89,SGD
PAY0001279,ORD0001279,2026-02-06T10:56:15Z,paypal,success,3313.98,SGD
PAY0001280,ORD0001280,2026-05-16T07:07:55Z,card,success,13035.45,SGD
PAY0001281,ORD0001281,2026-01-05T01:30:45Z,bank_transfer,success,20743.02,SGD
PAY0001282,ORD0001282,2026-02-18T22:45:20Z,bank_transfer,success,7310.11,SGD
PAY0001283,ORD0001283,2026-03-20T09:03:01Z,paypal,success,5751.98,SGD
PAY0001284,ORD0001284,2026-01-17T11:59:47Z,wallet,failed,17327.55,SGD
PAY0001285,ORD0001285,2026-02-13T21:59:49Z,card,success,1210.83,SGD
PAY0001286,ORD0001286,2026-02-23T13:09:42Z,card,success,2363.84,SGD
PAY0001287,ORD0001287,2026-02-26T07:14:55Z,bank_transfer,success,592.39,SGD
PAY0001288,ORD0001288,2026-03-10T23:38:56Z,card,success,6013.55,SGD
PAY0001289,ORD0001289,2026-04-01T14:52:52Z,bank_transfer,failed,2204.43,SGD
PAY0001290,ORD0001290,2026-04-26T05:41:39Z,bank_transfer,success,3899.12,SGD
PAY0001291,ORD0001291,2026-03-20T23:15:43Z,wallet,success,2680.11,SGD
PAY0001292,ORD0001292,2026-03-05T14:47:09Z,paypal,pending,2740.35,SGD
PAY0001293,ORD0001293,2026-02-05T21:51:52Z,bank_transfer,success,1144.86,SGD
PAY0001294,ORD0001294,2026-04-17T19:07:34Z,wallet,success,12405.84,SGD
PAY0001295,ORD0001295,2026-04-26T19:53:50Z,paypal,success,8610.15,SGD
PAY0001296,ORD0001296,2026-03-02T11:20:36Z,card,success,2389.29,SGD
PAY0001297,ORD0001297,2026-04-15T18:39:26Z,card,success,10642.57,SGD
PAY0001298,ORD0001298,2026-01-28T01:42:19Z,bank_transfer,failed,2529.51,SGD
PAY0001299,ORD0001299,2026-02-16T15:34:40Z,bank_transfer,failed,3870.52,SGD
PAY0001300,ORD0001300,2026-04-11T23:42:07Z,wallet,refunded,7180.85,SGD
PAY0001301,ORD0001301,2026-01-10T01:14:44Z,bank_transfer,success,7442.79,SGD
PAY0001302,ORD0001302,2026-01-09T05:05:22Z,wallet,success,1476.58,SGD
PAY0001303,ORD0001303,2026-04-28T23:19:00Z,bank_transfer,success,1106.19,SGD
PAY0001304,ORD0001304,2026-02-11T09:39:08Z,paypal,success,4420.36,SGD
PAY0001305,ORD0001305,2026-04-17T20:38:37Z,wallet,success,14505.82,SGD
PAY0001306,ORD0001306,2026-02-21T05:50:05Z,paypal,failed,2480.93,SGD
PAY0001307,ORD0001307,2026-04-13T12:34:20Z,paypal,success,3554.21,SGD
PAY0001308,ORD0001308,2026-01-10T00:28:14Z,card,success,7732.5,SGD
PAY0001309,ORD0001309,2026-03-14T00:22:52Z,wallet,success,140.24,SGD
PAY0001310,ORD0001310,2026-02-26T06:17:00Z,bank_transfer,success,12647.21,SGD
PAY0001311,ORD0001311,2026-05-02T06:28:21Z,wallet,success,10546.17,SGD
PAY0001312,ORD0001312,2026-04-12T11:21:10Z,card,success,5159.7,SGD
PAY0001313,ORD0001313,2026-03-06T05:07:37Z,wallet,pending,229.8,SGD
PAY0001314,ORD0001314,2026-05-01T05:00:26Z,bank_transfer,success,2848.47,SGD
PAY0001315,ORD0001315,2026-03-25T12:47:38Z,paypal,success,16528.84,SGD
PAY0001316,ORD0001316,2026-03-23T03:41:24Z,paypal,success,14753.98,SGD
PAY0001317,ORD0001317,2026-05-09T16:27:32Z,bank_transfer,refunded,9843.0,SGD
PAY0001318,ORD0001318,2026-01-01T14:42:03Z,bank_transfer,success,16435.26,SGD
PAY0001319,ORD0001319,2026-04-25T17:30:09Z,card,success,13078.55,SGD
PAY0001320,ORD0001320,2026-02-12T03:19:43Z,bank_transfer,success,19792.87,SGD
PAY0001321,ORD0001321,2026-02-07T07:26:31Z,bank_transfer,success,8083.43,SGD
PAY0001322,ORD0001322,2026-02-01T22:07:21Z,wallet,failed,4705.17,SGD
PAY0001323,ORD0001323,2026-03-17T15:17:20Z,paypal,success,4961.86,SGD
PAY0001324,ORD0001324,2026-05-10T19:01:25Z,wallet,success,13827.06,SGD
PAY0001325,ORD0001325,2026-05-24T06:55:21Z,wallet,success,469.02,SGD
PAY0001326,ORD0001326,2026-04-24T02:53:18Z,wallet,pending,10017.67,SGD
PAY0001327,ORD0001327,2026-03-27T23:57:28Z,paypal,failed,10209.74,SGD
PAY0001328,ORD0001328,2026-01-26T07:40:40Z,wallet,failed,6962.69,SGD
PAY0001329,ORD0001329,2026-05-02T12:03:37Z,wallet,refunded,9353.2,SGD
PAY0001330,ORD0001330,2026-02-07T22:59:02Z,wallet,success,2326.12,SGD
PAY0001331,ORD0001331,2026-05-19T19:59:48Z,paypal,success,5352.87,SGD
PAY0001332,ORD0001332,2026-01-03T01:37:32Z,paypal,success,6782.61,SGD
PAY0001333,ORD0001333,2026-02-12T12:30:47Z,wallet,success,5760.75,SGD
PAY0001334,ORD0001334,2026-01-24T14:10:55Z,paypal,success,6866.31,SGD
PAY0001335,ORD0001335,2026-01-10T13:33:54Z,wallet,failed,2360.11,SGD
PAY0001336,ORD0001336,2026-01-09T10:16:01Z,paypal,success,7343.59,SGD
PAY0001337,ORD0001337,2026-04-14T17:49:03Z,paypal,success,8612.93,SGD
PAY0001338,ORD0001338,2026-01-03T19:07:27Z,card,success,6729.06,SGD
PAY0001339,ORD0001339,2026-05-03T00:55:48Z,wallet,success,11340.24,SGD
PAY0001340,ORD0001340,2026-05-23T00:54:18Z,card,success,14451.59,SGD
PAY0001341,ORD0001341,2026-01-06T17:05:52Z,wallet,success,3003.46,SGD
PAY0001342,ORD0001342,2026-05-13T05:28:11Z,bank_transfer,success,7767.52,SGD
PAY0001343,ORD0001343,2026-01-04T01:00:26Z,wallet,success,239.43,SGD
PAY0001344,ORD0001344,2026-02-13T11:42:16Z,card,refunded,6720.34,SGD
PAY0001345,ORD0001345,2026-03-07T01:41:03Z,paypal,failed,15056.74,SGD
PAY0001346,ORD0001346,2026-04-21T21:07:25Z,paypal,success,8419.85,SGD
PAY0001347,ORD0001347,2026-03-25T13:18:49Z,paypal,success,8010.21,SGD
PAY0001348,ORD0001348,2026-04-16T07:51:07Z,card,success,11214.39,SGD
PAY0001349,ORD0001349,2026-01-17T09:31:03Z,wallet,success,9384.18,SGD
PAY0001350,ORD0001350,2026-03-11T08:36:03Z,card,success,7722.84,SGD
PAY0001351,ORD0001351,2026-04-30T13:56:26Z,paypal,pending,10578.6,SGD
PAY0001352,ORD0001352,2026-04-29T13:45:08Z,card,refunded,13655.15,SGD
PAY0001353,ORD0001353,2026-01-26T04:18:20Z,paypal,success,-23473.32,SGD
PAY0001354,ORD0001354,2026-05-02T09:59:38Z,card,success,2760.94,SGD
PAY0001355,ORD0001355,2026-05-22T07:22:28Z,paypal,refunded,7883.23,SGD
PAY0001356,ORD0001356,2026-04-16T05:41:53Z,wallet,success,4521.4,SGD
PAY0001357,ORD0001357,2026-01-28T07:19:52Z,bank_transfer,success,20268.96,SGD
PAY0001358,ORD0001358,2026-02-13T03:59:49Z,bank_transfer,success,11712.49,SGD
PAY0001359,ORD0001359,2026-04-04T20:29:16Z,bank_transfer,success,8033.72,SGD
PAY0001360,ORD0001360,2026-04-13T21:37:17Z,card,success,9687.01,SGD
PAY0001361,ORD0001361,2026-05-06T11:28:35Z,bank_transfer,success,16920.37,SGD
PAY0001362,ORD0001362,2026-02-07T18:33:56Z,wallet,success,16622.01,SGD
PAY0001363,ORD0001363,2026-02-15T20:51:25Z,paypal,success,3943.84,SGD
PAY0001364,ORD0001364,2026-03-05T04:54:22Z,wallet,success,13480.57,SGD
PAY0001365,ORD0001365,2026-05-22T08:41:16Z,paypal,pending,593.1,SGD
PAY0001366,ORD0001366,2026-01-04T02:56:47Z,paypal,pending,3472.66,SGD
PAY0001367,ORD0001367,2026-03-30T18:02:50Z,wallet,failed,10873.27,SGD
PAY0001368,ORD0001368,2026-02-22T19:31:48Z,card,success,7841.1,SGD
PAY0001369,ORD0001369,2026-02-01T16:28:14Z,card,success,4986.68,SGD
PAY0001370,ORD0001370,2026-03-29T09:51:30Z,wallet,failed,13215.75,SGD
PAY0001371,ORD0001371,2026-05-03T18:55:12Z,paypal,success,6551.81,SGD
PAY0001372,ORD0001372,2026-01-17T03:51:17Z,wallet,success,4452.72,SGD
PAY0001373,ORD0001373,2026-05-06T17:37:23Z,wallet,success,296.55,SGD
PAY0001374,ORD0001374,2026-03-05T07:22:14Z,paypal,success,1820.1,SGD
PAY0001375,ORD0001375,2026-04-12T08:04:11Z,bank_transfer,success,8769.39,SGD
PAY0001376,ORD0001376,2026-04-24T22:34:41Z,card,refunded,13004.56,SGD
PAY0001377,ORD0001377,2026-03-22T07:24:18Z,card,success,4933.42,SGD
PAY0001378,ORD0001378,2026-03-13T16:14:33Z,paypal,success,450.42,SGD
PAY0001379,ORD0001379,2026-01-27T00:26:26Z,bank_transfer,success,209.38,SGD
PAY0001380,ORD0001380,2026-03-01T04:53:40Z,bank_transfer,success,2680.62,SGD
PAY0001381,ORD0001381,2026-02-17T14:10:38Z,bank_transfer,success,8814.48,SGD
PAY0001382,ORD0001382,2026-04-02T14:19:54Z,card,pending,10662.25,SGD
PAY0001383,ORD0001383,2026-05-02T23:08:17Z,wallet,success,7424.76,SGD
PAY0001384,ORD0001384,2026-05-08T18:13:03Z,bank_transfer,success,3329.19,SGD
PAY0001385,ORD0001385,2026-03-27T08:31:19Z,paypal,success,11805.1,SGD
PAY0001386,ORD0001386,2026-01-06T17:54:31Z,card,success,8440.17,SGD
PAY0001387,ORD0001387,2026-03-21T23:53:50Z,bank_transfer,success,4121.26,SGD
PAY0001388,ORD0001388,2026-02-28T22:06:27Z,paypal,success,19026.56,SGD
PAY0001389,ORD0001389,2026-04-18T23:20:14Z,paypal,success,13245.29,SGD
PAY0001390,ORD0001390,2026-02-01T10:54:55Z,paypal,failed,6131.4,SGD
PAY0001391,ORD0001391,2026-05-19T22:28:45Z,paypal,failed,2949.94,SGD
PAY0001392,ORD0001392,2026-02-06T07:40:35Z,wallet,success,2574.23,SGD
PAY0001393,ORD0001393,2026-04-13T09:43:53Z,wallet,failed,3674.64,SGD
PAY0001394,ORD0001394,2026-04-23T14:21:54Z,paypal,failed,15285.04,SGD
PAY0001395,ORD0001395,2026-02-06T15:28:46Z,card,success,1308.98,SGD
PAY0001396,ORD0001396,2026-05-14T05:52:34Z,paypal,success,17054.19,SGD
PAY0001397,ORD0001397,2026-04-10T22:25:21Z,bank_transfer,success,3452.09,SGD
PAY0001398,ORD0001398,2026-01-04T09:07:46Z,paypal,success,8355.36,SGD
PAY0001399,ORD0001399,2026-03-09T09:52:45Z,paypal,success,1082.97,SGD
PAY0001400,ORD0001400,2026-05-22T18:13:35Z,wallet,success,5906.19,SGD
PAY0001401,ORD0001401,2026-04-29T22:22:01Z,paypal,success,1736.94,SGD
PAY0001402,ORD0001402,2026-05-14T10:29:47Z,wallet,pending,10808.46,SGD
PAY0001403,ORD0001403,2026-01-31T13:36:30Z,wallet,success,7732.58,SGD
PAY0001404,ORD0001404,2026-01-22T22:06:53Z,paypal,pending,14120.92,SGD
PAY0001405,ORD0001405,2026-04-13T19:00:31Z,paypal,refunded,13129.02,SGD
PAY0001406,ORD0001406,2026-02-07T10:45:24Z,bank_transfer,success,12557.18,SGD
PAY0001407,ORD0001407,2026-04-12T05:46:07Z,wallet,success,223.48,SGD
PAY0001408,ORD0001408,2026-04-19T11:08:12Z,card,pending,5480.24,SGD
PAY0001409,ORD0001409,2026-02-25T16:47:45Z,bank_transfer,success,4461.26,SGD
PAY0001410,ORD0001410,2026-03-15T22:56:17Z,bank_transfer,success,5511.96,SGD
PAY0001411,ORD0001411,2026-05-15T21:12:12Z,bank_transfer,success,8965.91,SGD
PAY0001412,ORD0001412,2026-03-05T10:59:52Z,paypal,refunded,3568.62,SGD
PAY0001413,ORD0001413,2026-01-31T09:30:27Z,bank_transfer,success,3489.83,SGD
PAY0001414,ORD0001414,2026-02-14T21:05:15Z,paypal,success,13593.08,SGD
PAY0001415,ORD0001415,2026-03-24T20:02:50Z,wallet,refunded,1611.35,SGD
PAY0001416,ORD0001416,2026-05-07T06:31:31Z,wallet,success,7622.97,SGD
PAY0001417,ORD0001417,2026-02-18T12:28:27Z,bank_transfer,success,2538.06,SGD
PAY0001418,ORD0001418,2026-04-07T09:23:52Z,paypal,pending,11707.61,SGD
PAY0001419,ORD0001419,2026-02-25T08:57:58Z,bank_transfer,success,4490.53,SGD
PAY0001420,ORD0001420,2026-03-26T08:32:53Z,paypal,success,1963.47,SGD
PAY0001421,ORD0001421,2026-04-10T21:30:59Z,wallet,success,1820.1,SGD
PAY0001422,ORD0001422,2026-02-14T15:17:58Z,bank_transfer,success,6183.85,SGD
PAY0001423,ORD0001423,2026-01-19T23:27:56Z,paypal,refunded,12345.36,SGD
PAY0001424,ORD0001424,2026-01-12T20:18:35Z,paypal,refunded,7471.14,SGD
PAY0001425,ORD0001425,2026-02-17T22:45:14Z,card,success,16163.08,SGD
PAY0001426,ORD0001426,2026-02-08T19:38:42Z,bank_transfer,success,4442.74,SGD
PAY0001427,ORD0001427,2026-03-09T18:11:53Z,card,failed,14267.06,SGD
PAY0001428,ORD0001428,2026-02-08T16:09:35Z,wallet,success,1879.46,SGD
PAY0001429,ORD0001429,2026-03-18T11:30:16Z,bank_transfer,success,8839.93,SGD
PAY0001430,ORD0001430,2026-04-03T06:43:34Z,card,success,3637.12,SGD
PAY0001431,ORD0001431,2026-03-02T08:18:24Z,bank_transfer,success,20380.42,SGD
PAY0001432,ORD0001432,2026-01-04T20:57:56Z,bank_transfer,pending,10989.51,SGD
PAY0001433,ORD0001433,2026-01-01T14:26:22Z,bank_transfer,pending,2926.79,SGD
PAY0001434,ORD0001434,2026-04-29T15:21:30Z,bank_transfer,success,11775.79,SGD
PAY0001435,ORD0001435,2026-04-01T00:12:27Z,wallet,failed,24726.27,SGD
PAY0001436,ORD0001436,2026-01-20T08:24:40Z,wallet,success,4754.79,SGD
PAY0001437,ORD0001437,2026-02-15T07:27:05Z,card,success,13229.97,SGD
PAY0001438,ORD0001438,2026-04-21T11:00:38Z,card,success,8335.23,SGD
PAY0001439,ORD0001439,2026-03-31T11:55:44Z,paypal,success,5380.52,SGD
PAY0001440,ORD0001440,2026-05-09T06:21:26Z,card,success,9218.2,SGD
PAY0001441,ORD0001441,2026-01-29T11:53:58Z,bank_transfer,success,303.82,SGD
PAY0001442,ORD0001442,2026-05-09T12:14:59Z,wallet,success,753.69,SGD
PAY0001443,ORD0001443,2026-04-14T22:50:54Z,bank_transfer,success,8953.4,SGD
PAY0001444,ORD0001444,2026-03-27T12:27:47Z,card,success,4737.21,SGD
PAY0001445,ORD0001445,2026-04-03T04:00:01Z,bank_transfer,success,9364.22,SGD
PAY0001446,ORD0001446,2026-05-06T21:24:30Z,paypal,pending,58.92,SGD
PAY0001447,ORD0001447,2026-02-02T03:33:03Z,bank_transfer,refunded,12761.79,SGD
PAY0001448,ORD0001448,2026-05-04T09:59:31Z,bank_transfer,success,3631.85,SGD
PAY0001449,ORD0001449,2026-04-23T20:22:18Z,bank_transfer,pending,4181.18,SGD
PAY0001450,ORD0001450,2026-04-05T16:27:46Z,paypal,success,10620.48,SGD
PAY0001451,ORD0001451,2026-02-26T22:30:45Z,bank_transfer,success,546.64,SGD
PAY0001452,ORD0001452,2026-04-29T11:23:22Z,bank_transfer,failed,14524.06,SGD
PAY0001453,ORD0001453,2026-01-13T15:23:11Z,paypal,success,3231.39,SGD
PAY0001454,ORD0001454,2026-02-01T01:46:20Z,wallet,refunded,17557.19,SGD
PAY0001455,ORD0001455,2026-04-14T20:40:10Z,paypal,success,9116.72,SGD
PAY0001456,ORD0001456,2026-04-22T21:09:26Z,card,success,6395.73,SGD
PAY0001457,ORD0001457,2026-05-09T11:14:38Z,card,success,2204.4,SGD
PAY0001458,ORD0001458,2026-03-21T04:17:18Z,paypal,success,9519.23,SGD
PAY0001459,ORD0001459,2026-05-16T23:47:56Z,bank_transfer,success,4198.36,SGD
PAY0001460,ORD0001460,2026-01-19T23:03:14Z,wallet,success,8898.16,SGD
PAY0001461,ORD0001461,2026-01-13T08:16:17Z,bank_transfer,failed,16543.96,SGD
PAY0001462,ORD0001462,2026-04-16T03:23:15Z,bank_transfer,refunded,3313.98,SGD
PAY0001463,ORD0001463,2026-02-22T18:35:30Z,card,success,12640.93,SGD
PAY0001464,ORD0001464,2026-02-21T11:55:46Z,card,refunded,10808.25,SGD
PAY0001465,ORD0001465,2026-04-09T10:51:04Z,paypal,success,11628.92,SGD
PAY0001466,ORD0001466,2026-04-27T09:36:46Z,wallet,success,7869.66,SGD
PAY0001467,ORD0001467,2026-05-15T23:05:50Z,paypal,success,7920.37,SGD
PAY0001468,ORD0001468,2026-04-26T19:15:30Z,bank_transfer,success,13970.45,SGD
PAY0001469,ORD0001469,2026-03-14T08:09:20Z,wallet,failed,4603.26,SGD
PAY0001470,ORD0001470,2026-05-08T09:48:47Z,paypal,success,14273.02,SGD
PAY0001471,ORD0001471,2026-05-24T21:02:36Z,paypal,pending,10188.59,SGD
PAY0001472,ORD0001472,2026-03-24T07:26:32Z,bank_transfer,success,7443.29,SGD
PAY0001473,ORD0001473,2026-04-09T08:19:48Z,wallet,refunded,608.3,SGD
PAY0001474,ORD0001474,2026-03-20T13:27:39Z,wallet,refunded,7363.28,SGD
PAY0001475,ORD0001475,2026-03-19T01:19:44Z,paypal,success,2452.45,SGD
PAY0001476,ORD0001476,2026-02-06T07:38:44Z,paypal,success,1998.88,SGD
PAY0001477,ORD0001477,2026-05-08T13:20:00Z,bank_transfer,success,3888.97,SGD
PAY0001478,ORD0001478,2026-02-04T08:22:32Z,bank_transfer,success,1314.62,SGD
PAY0001479,ORD0001479,2026-04-11T10:41:06Z,wallet,refunded,9969.79,SGD
PAY0001480,ORD0001480,2026-05-19T02:51:47Z,card,success,13581.66,SGD
PAY0001481,ORD0001481,2026-02-21T03:01:18Z,bank_transfer,success,3543.9,SGD
PAY0001482,ORD0001482,2026-02-14T07:19:41Z,paypal,failed,1708.6,SGD
PAY0001483,ORD0001483,2026-05-04T11:05:54Z,paypal,success,7651.75,SGD
PAY0001484,ORD0001484,2026-03-05T00:06:32Z,paypal,success,3474.94,SGD
PAY0001485,ORD0001485,2026-05-07T17:23:18Z,wallet,success,6663.2,SGD
PAY0001486,ORD0001486,2026-05-19T11:30:20Z,card,success,15059.2,SGD
PAY0001487,ORD0001487,2026-03-27T03:41:16Z,wallet,failed,8957.59,SGD
PAY0001488,ORD0001488,2026-02-02T23:55:26Z,wallet,success,6622.26,SGD
PAY0001489,ORD0001489,2026-04-03T06:07:54Z,paypal,success,4663.32,SGD
PAY0001490,ORD0001490,2026-03-17T04:57:59Z,paypal,success,2609.22,SGD
PAY0001491,ORD0001491,2026-03-17T03:14:49Z,bank_transfer,pending,8181.45,SGD
PAY0001492,ORD0001492,2026-02-14T14:51:18Z,paypal,success,6951.83,SGD
PAY0001493,ORD0001493,2026-01-14T11:37:21Z,card,pending,13813.44,SGD
PAY0001494,ORD0001494,2026-02-19T09:46:31Z,paypal,success,8746.77,SGD
PAY0001495,ORD0001495,2026-01-13T20:44:01Z,card,success,13074.69,SGD
PAY0001496,ORD0001496,2026-05-06T00:01:24Z,bank_transfer,success,5732.43,SGD
PAY0001497,ORD0001497,2026-04-15T16:01:02Z,card,pending,16682.69,SGD
PAY0001498,ORD0001498,2026-03-03T03:17:09Z,card,failed,10437.08,SGD
PAY0001499,ORD0001499,2026-05-22T14:44:02Z,wallet,pending,15817.99,SGD
PAY0001500,ORD0001500,2026-04-12T08:01:45Z,paypal,success,4068.6,SGD
PAY0001501,ORD0001501,2026-03-18T03:44:23Z,paypal,success,20652.56,SGD
PAY0001502,ORD0001502,2026-01-23T18:43:00Z,paypal,success,4223.0,SGD
PAY0001503,ORD0001503,2026-03-26T07:19:57Z,paypal,failed,654.49,SGD
PAY0001504,ORD0001504,2026-03-17T00:20:48Z,card,success,2290.45,SGD
PAY0001505,ORD0001505,2026-03-16T13:04:44Z,card,success,6284.13,SGD
PAY0001506,ORD0001506,2026-04-10T02:36:56Z,card,success,5186.76,SGD
PAY0001507,ORD0001507,2026-04-25T07:47:53Z,paypal,success,2015.13,SGD
PAY0001508,ORD0001508,2026-03-20T13:28:14Z,paypal,success,2421.66,SGD
PAY0001509,ORD0001509,2026-01-15T12:53:54Z,paypal,success,1170.1,SGD
PAY0001510,ORD0001510,2026-02-22T04:27:17Z,wallet,success,5140.68,SGD
PAY0001511,ORD0001511,2026-01-17T20:42:49Z,bank_transfer,success,1961.81,SGD
PAY0001512,ORD0001512,2026-03-28T19:56:06Z,wallet,success,14948.16,SGD
PAY0001513,ORD0001513,2026-04-20T02:57:05Z,paypal,success,7995.0,SGD
PAY0001514,ORD0001514,2026-03-17T10:56:30Z,card,success,19638.55,SGD
PAY0001515,ORD0001515,2026-04-13T18:05:52Z,paypal,refunded,5367.75,SGD
PAY0001516,ORD0001516,2026-03-30T06:21:12Z,wallet,refunded,1173.09,SGD
PAY0001517,ORD0001517,2026-01-17T22:20:06Z,wallet,success,10161.66,SGD
PAY0001518,ORD0001518,2026-01-03T22:18:19Z,wallet,success,999.49,SGD
PAY0001519,ORD0001519,2026-01-28T02:33:11Z,card,failed,8630.8,SGD
PAY0001520,ORD0001520,2026-01-27T19:15:08Z,card,success,7562.57,SGD
PAY0001521,ORD0001521,2026-01-18T20:30:40Z,bank_transfer,success,5986.99,SGD
PAY0001522,ORD0001522,2026-01-11T09:29:12Z,card,success,4223.26,SGD
PAY0001523,ORD0001523,2026-02-27T02:23:03Z,wallet,success,8669.84,SGD
PAY0001524,ORD0001524,2026-01-01T01:25:01Z,card,pending,12824.43,SGD
PAY0001525,ORD0001525,2026-02-03T08:59:23Z,wallet,success,5972.66,SGD
PAY0001526,ORD0001526,2026-05-21T01:30:37Z,bank_transfer,success,1818.56,SGD
PAY0001527,ORD0001527,2026-05-14T18:48:40Z,card,refunded,2928.71,SGD
PAY0001528,ORD0001528,2026-03-10T06:37:35Z,paypal,success,657.31,SGD
PAY0001529,ORD0001529,2026-02-04T14:31:28Z,paypal,pending,570.07,SGD
PAY0001530,ORD0001530,2026-01-09T13:04:55Z,card,success,11375.35,SGD
PAY0001531,ORD0001531,2026-03-25T13:17:16Z,card,refunded,5548.98,SGD
PAY0001532,ORD0001532,2026-04-08T21:46:56Z,wallet,success,5313.92,SGD
PAY0001533,ORD0001533,2026-04-21T04:54:51Z,bank_transfer,failed,6825.09,SGD
PAY0001534,ORD0001534,2026-04-02T17:10:33Z,card,success,12804.44,SGD
PAY0001535,ORD0001535,2026-05-21T21:54:21Z,bank_transfer,success,4155.98,SGD
PAY0001536,ORD0001536,2026-04-20T02:35:16Z,wallet,failed,13528.32,SGD
PAY0001537,ORD0001537,2026-01-30T11:07:00Z,bank_transfer,failed,10478.98,SGD
PAY0001538,ORD0001538,2026-02-18T20:52:24Z,bank_transfer,success,15200.19,SGD
PAY0001539,ORD0001539,2026-01-10T06:01:11Z,wallet,success,8757.47,SGD
PAY0001540,ORD0001540,2026-03-07T05:24:22Z,card,success,810.42,SGD
PAY0001541,ORD0001541,2026-01-02T22:29:35Z,bank_transfer,failed,1946.82,SGD
PAY0001542,ORD0001542,2026-01-09T06:42:18Z,card,refunded,8378.0,SGD
PAY0001543,ORD0001543,2026-03-31T21:42:13Z,bank_transfer,failed,11021.01,SGD
PAY0001544,ORD0001544,2026-05-14T09:28:45Z,paypal,success,4935.7,SGD
PAY0001545,ORD0001545,2026-02-15T11:26:24Z,bank_transfer,success,1694.59,SGD
PAY0001546,ORD0001546,2026-03-02T23:22:01Z,paypal,success,7563.8,SGD
PAY0001547,ORD0001547,2026-02-11T17:05:10Z,card,failed,10779.99,SGD
PAY0001548,ORD0001548,2026-05-01T00:08:19Z,bank_transfer,success,4285.24,SGD
PAY0001549,ORD0001549,2026-03-28T02:13:37Z,wallet,pending,10140.48,SGD
PAY0001550,ORD0001550,2026-04-25T13:59:24Z,card,success,7464.99,SGD
PAY0001551,ORD0001551,2026-05-12T13:48:28Z,bank_transfer,success,9551.36,SGD
PAY0001552,ORD0001552,2026-02-23T21:12:12Z,paypal,success,5867.58,SGD
PAY0001553,ORD0001553,2026-01-15T00:13:04Z,paypal,success,11428.04,SGD
PAY0001554,ORD0001554,2026-04-16T22:23:01Z,card,refunded,11230.68,SGD
PAY0001555,ORD0001555,2026-03-17T08:36:57Z,paypal,success,2680.62,SGD
PAY0001556,ORD0001556,2026-01-04T18:06:44Z,wallet,failed,17005.83,SGD
PAY0001557,ORD0001557,2026-04-08T07:38:50Z,bank_transfer,success,5005.63,SGD
PAY0001558,ORD0001558,2026-04-23T21:48:14Z,wallet,refunded,6928.46,SGD
PAY0001559,ORD0001559,2026-03-05T18:55:05Z,wallet,success,3496.16,SGD
PAY0001560,ORD0001560,2026-03-02T20:11:06Z,wallet,refunded,6404.78,SGD
PAY0001561,ORD0001561,2026-04-24T02:23:34Z,card,success,4953.38,SGD
PAY0001562,ORD0001562,2026-03-06T07:07:41Z,card,success,5140.68,SGD
PAY0001563,ORD0001563,2026-03-23T22:20:12Z,paypal,failed,1058.98,SGD
PAY0001564,ORD0001564,2026-02-19T04:31:20Z,wallet,success,1539.28,SGD
PAY0001565,ORD0001565,2026-02-12T18:43:48Z,card,success,8034.86,SGD
PAY0001566,ORD0001566,2026-02-03T06:20:48Z,paypal,success,13961.38,SGD
PAY0001567,ORD0001567,2026-01-02T17:20:46Z,card,pending,6451.15,SGD
PAY0001568,ORD0001568,2026-04-01T00:05:53Z,paypal,success,11442.73,SGD
PAY0001569,ORD0001569,2026-05-17T00:48:45Z,card,success,3138.24,SGD
PAY0001570,ORD0001570,2026-03-10T11:55:10Z,card,failed,4429.74,SGD
PAY0001571,ORD0001571,2026-03-13T03:29:46Z,paypal,failed,1114.92,SGD
PAY0001572,ORD0001572,2026-04-15T01:02:11Z,bank_transfer,success,13028.02,SGD
PAY0001573,ORD0001573,2026-05-17T17:30:26Z,bank_transfer,success,6904.89,SGD
PAY0001574,ORD0001574,2026-03-07T23:41:26Z,wallet,success,8547.73,SGD
PAY0001575,ORD0001575,2026-04-24T00:54:41Z,bank_transfer,success,3027.02,SGD
PAY0001576,ORD0001576,2026-01-27T21:22:08Z,paypal,success,10094.87,SGD
PAY0001577,ORD0001577,2026-05-09T16:22:19Z,paypal,success,1056.81,SGD
PAY0001578,ORD0001578,2026-05-08T04:18:46Z,bank_transfer,success,6890.31,SGD
PAY0001579,ORD0001579,2026-04-28T00:57:24Z,paypal,success,7550.53,SGD
PAY0001580,ORD0001580,2026-01-08T02:12:40Z,paypal,success,4916.88,SGD
PAY0001581,ORD0001581,2026-05-20T06:02:49Z,bank_transfer,success,4106.38,SGD
PAY0001582,ORD0001582,2026-01-19T05:33:51Z,card,pending,5106.84,SGD
PAY0001583,ORD0001583,2026-05-19T22:59:38Z,card,success,4754.26,SGD
PAY0001584,ORD0001584,2026-04-15T09:37:19Z,card,success,4117.12,SGD
PAY0001585,ORD0001585,2026-05-13T14:32:55Z,wallet,success,2807.8,SGD
PAY0001586,ORD0001586,2026-01-31T23:17:33Z,wallet,refunded,17881.88,SGD
PAY0001587,ORD0001587,2026-04-21T06:08:27Z,card,success,5356.35,SGD
PAY0001588,ORD0001588,2026-04-19T05:59:49Z,bank_transfer,success,7838.21,SGD
PAY0001589,ORD0001589,2026-04-10T11:46:07Z,paypal,success,8443.32,SGD
PAY0001590,ORD0001590,2026-03-25T19:16:00Z,paypal,refunded,8159.96,SGD
PAY0001591,ORD0001591,2026-01-02T15:54:52Z,paypal,success,8857.49,SGD
PAY0001592,ORD0001592,2026-02-12T02:03:36Z,bank_transfer,success,8815.92,SGD
PAY0001593,ORD0001593,2026-01-30T10:33:06Z,card,success,17248.82,SGD
PAY0001594,ORD0001594,2026-05-05T04:09:46Z,bank_transfer,success,4924.02,SGD
PAY0001595,ORD0001595,2026-04-19T17:58:02Z,bank_transfer,success,2062.56,SGD
PAY0001596,ORD0001596,2026-03-13T01:27:28Z,bank_transfer,refunded,1215.63,SGD
PAY0001597,ORD0001597,2026-02-09T06:57:06Z,bank_transfer,success,6457.24,SGD
PAY0001598,ORD0001598,2026-01-06T10:53:24Z,wallet,success,9907.6,SGD
PAY0001599,ORD0001599,2026-03-06T07:10:25Z,paypal,refunded,3470.01,SGD
PAY0001600,ORD0001600,2026-03-14T01:17:29Z,card,success,10789.48,SGD
PAY0001601,ORD0001601,2026-01-16T08:54:59Z,card,success,9619.73,SGD
PAY0001602,ORD0001602,2026-01-18T00:04:29Z,wallet,success,7682.85,SGD
PAY0001603,ORD0001603,2026-03-16T01:27:31Z,wallet,failed,3396.62,SGD
PAY0001604,ORD0001604,2026-02-16T13:18:16Z,card,success,14254.86,SGD
PAY0001605,ORD0001605,2026-01-31T15:13:54Z,bank_transfer,success,4748.04,SGD
PAY0001606,ORD0001606,2026-01-11T21:47:01Z,paypal,failed,9352.54,SGD
PAY0001607,ORD0001607,2026-04-14T02:13:53Z,card,success,6849.25,SGD
PAY0001608,ORD0001608,2026-04-19T05:21:17Z,wallet,success,4713.78,SGD
PAY0001609,ORD0001609,2026-04-09T05:02:06Z,bank_transfer,pending,2351.42,SGD
PAY0001610,ORD0001610,2026-02-01T19:27:03Z,bank_transfer,refunded,1173.09,SGD
PAY0001611,ORD0001611,2026-01-29T16:20:34Z,card,success,13035.07,SGD
PAY0001612,ORD0001612,2026-01-01T17:51:11Z,card,success,8468.15,SGD
PAY0001613,ORD0001613,2026-04-15T08:11:51Z,paypal,success,2421.66,SGD
PAY0001614,ORD0001614,2026-01-05T23:21:12Z,card,success,2296.22,SGD
PAY0001615,ORD0001615,2026-03-24T14:57:47Z,paypal,success,12501.68,SGD
PAY0001616,ORD0001616,2026-01-07T20:57:43Z,card,success,4980.76,SGD
PAY0001617,ORD0001617,2026-01-30T22:41:22Z,card,refunded,9977.53,SGD
PAY0001618,ORD0001618,2026-02-17T19:54:17Z,paypal,success,5698.97,SGD
PAY0001619,ORD0001619,2026-02-15T14:33:39Z,paypal,success,7180.28,SGD
PAY0001620,ORD0001620,2026-04-12T10:38:11Z,paypal,pending,13304.15,SGD
PAY0001621,ORD0001621,2026-01-17T23:28:03Z,card,success,9970.64,SGD
PAY0001622,ORD0001622,2026-02-06T11:13:20Z,bank_transfer,refunded,6861.73,SGD
PAY0001623,ORD0001623,2026-01-20T09:41:34Z,wallet,success,14297.62,SGD
PAY0001624,ORD0001624,2026-05-18T10:09:46Z,wallet,success,11455.36,SGD
PAY0001625,ORD0001625,2026-01-30T16:09:32Z,paypal,success,2728.29,SGD
PAY0001626,ORD0001626,2026-01-30T22:59:45Z,bank_transfer,success,17872.23,SGD
PAY0001627,ORD0001627,2026-01-12T03:29:04Z,bank_transfer,refunded,1960.51,SGD
PAY0001628,ORD0001628,2026-05-04T09:22:35Z,card,refunded,12756.81,SGD
PAY0001629,ORD0001629,2026-01-21T07:26:53Z,wallet,success,3926.37,SGD
PAY0001630,ORD0001630,2026-01-24T17:35:34Z,paypal,refunded,7418.04,SGD
PAY0001631,ORD0001631,2026-03-19T14:50:23Z,card,success,8903.04,SGD
PAY0001632,ORD0001632,2026-04-21T11:13:36Z,wallet,success,3176.69,SGD
PAY0001633,ORD0001633,2026-01-16T03:05:39Z,card,pending,7220.34,SGD
PAY0001634,ORD0001634,2026-02-11T03:41:16Z,card,pending,5003.24,SGD
PAY0001635,ORD0001635,2026-01-27T16:37:32Z,bank_transfer,success,6217.94,SGD
PAY0001636,ORD0001636,2026-01-27T11:27:50Z,bank_transfer,success,3078.56,SGD
PAY0001637,ORD0001637,2026-02-17T09:21:43Z,bank_transfer,pending,8832.42,SGD
PAY0001638,ORD0001638,2026-01-15T10:38:57Z,wallet,success,14178.89,SGD
PAY0001639,ORD0001639,2026-03-07T21:04:30Z,wallet,failed,16769.11,SGD
PAY0001640,ORD0001640,2026-01-23T09:40:53Z,paypal,success,4342.28,SGD
PAY0001641,ORD0001641,2026-04-10T14:01:45Z,card,success,9368.27,SGD
PAY0001642,ORD0001642,2026-03-09T19:27:57Z,paypal,success,6011.92,SGD
PAY0001643,ORD0001643,2026-03-23T18:05:21Z,bank_transfer,success,15750.87,SGD
PAY0001644,ORD0001644,2026-03-29T11:03:57Z,bank_transfer,success,420.19,SGD
PAY0001645,ORD0001645,2026-05-15T04:24:05Z,paypal,success,7446.49,SGD
PAY0001646,ORD0001646,2026-02-08T16:26:43Z,wallet,success,13681.79,SGD
PAY0001647,ORD0001647,2026-04-21T13:28:32Z,paypal,success,10476.77,SGD
PAY0001648,ORD0001648,2026-03-09T22:40:15Z,wallet,success,6553.12,SGD
PAY0001649,ORD0001649,2026-02-15T15:22:39Z,bank_transfer,success,6966.63,SGD
PAY0001650,ORD0001650,2026-02-24T17:46:03Z,wallet,success,12651.04,SGD
PAY0001651,ORD0001651,2026-01-15T06:06:34Z,wallet,success,10603.33,SGD
PAY0001652,ORD0001652,2026-02-13T23:51:12Z,bank_transfer,pending,14232.18,SGD
PAY0001653,ORD0001653,2026-02-13T14:51:47Z,wallet,success,8600.03,SGD
PAY0001654,ORD0001654,2026-02-18T10:05:00Z,wallet,success,4863.54,SGD
PAY0001655,ORD0001655,2026-02-03T16:52:33Z,card,success,8330.77,SGD
PAY0001656,ORD0001656,2026-03-07T10:54:01Z,wallet,success,11481.5,SGD
PAY0001657,ORD0001657,2026-01-13T10:51:23Z,wallet,success,11777.2,SGD
PAY0001658,ORD0001658,2026-03-18T11:24:37Z,wallet,success,23371.84,SGD
PAY0001659,ORD0001659,2026-01-16T08:20:48Z,card,success,10644.14,SGD
PAY0001660,ORD0001660,2026-01-17T11:48:38Z,wallet,success,4237.27,SGD
PAY0001661,ORD0001661,2026-02-05T17:07:06Z,wallet,success,3713.24,SGD
PAY0001662,ORD0001662,2026-03-21T00:24:18Z,paypal,success,1692.04,SGD
PAY0001663,ORD0001663,2026-04-23T13:43:43Z,paypal,success,17845.37,SGD
PAY0001664,ORD0001664,2026-02-24T12:50:47Z,paypal,refunded,13179.8,SGD
PAY0001665,ORD0001665,2026-02-28T15:55:44Z,card,success,10096.68,SGD
PAY0001666,ORD0001666,2026-03-17T21:38:44Z,paypal,success,5214.68,SGD
PAY0001667,ORD0001667,2026-02-09T01:00:22Z,card,success,10846.38,SGD
PAY0001668,ORD0001668,2026-01-02T22:44:14Z,bank_transfer,success,2192.35,SGD
PAY0001669,ORD0001669,2026-01-14T04:23:06Z,card,success,2252.9,SGD
PAY0001670,ORD0001670,2026-01-03T02:08:39Z,paypal,failed,7256.52,SGD
PAY0001671,ORD0001671,2026-02-23T23:50:45Z,wallet,success,10388.0,SGD
PAY0001672,ORD0001672,2026-04-05T17:25:58Z,bank_transfer,success,3527.89,SGD
PAY0001673,ORD0001673,2026-01-25T16:17:22Z,wallet,pending,6287.62,SGD
PAY0001674,ORD0001674,2026-02-01T19:26:47Z,paypal,success,2957.29,SGD
PAY0001675,ORD0001675,2026-02-20T08:03:51Z,card,success,12651.16,SGD
PAY0001676,ORD0001676,2026-05-01T20:56:17Z,card,success,5549.5,SGD
PAY0001677,ORD0001677,2026-03-27T14:41:23Z,bank_transfer,success,7274.83,SGD
PAY0001678,ORD0001678,2026-03-18T14:17:07Z,wallet,success,5594.49,SGD
PAY0001679,ORD0001679,2026-05-02T20:43:07Z,bank_transfer,success,4532.81,SGD
PAY0001680,ORD0001680,2026-03-30T22:26:12Z,bank_transfer,success,889.65,SGD
PAY0001681,ORD0001681,2026-04-30T07:38:10Z,bank_transfer,success,234.51,SGD
PAY0001682,ORD0001682,2026-05-15T17:27:41Z,paypal,success,3660.46,SGD
PAY0001683,ORD0001683,2026-03-10T22:33:54Z,wallet,success,6490.39,SGD
PAY0001684,ORD0001684,2026-02-12T18:52:42Z,bank_transfer,success,5044.17,SGD
PAY0001685,ORD0001685,2026-03-04T06:35:03Z,wallet,success,9156.05,SGD
PAY0001686,ORD0001686,2026-02-26T08:02:00Z,card,success,7071.82,SGD
PAY0001687,ORD0001687,2026-02-22T15:56:30Z,card,refunded,1894.06,SGD
PAY0001688,ORD0001688,2026-04-09T14:02:36Z,bank_transfer,refunded,5041.66,SGD
PAY0001689,ORD0001689,2026-05-17T08:40:51Z,bank_transfer,success,11483.54,SGD
PAY0001690,ORD0001690,2026-03-29T20:54:22Z,card,success,5162.14,SGD
PAY0001691,ORD0001691,2026-04-16T09:22:15Z,wallet,success,731.03,SGD
PAY0001692,ORD0001692,2026-04-26T01:35:09Z,card,success,502.46,SGD
PAY0001693,ORD0001693,2026-01-09T05:46:39Z,card,success,11544.52,SGD
PAY0001694,ORD0001694,2026-03-21T08:43:23Z,card,success,7990.85,SGD
PAY0001695,ORD0001695,2026-05-10T22:09:31Z,wallet,refunded,9621.77,SGD
PAY0001696,ORD0001696,2026-02-22T22:54:39Z,bank_transfer,refunded,5887.3,SGD
PAY0001697,ORD0001697,2026-02-27T12:57:52Z,wallet,refunded,355.8,SGD
PAY0001698,ORD0001698,2026-03-23T01:44:22Z,paypal,pending,15722.2,SGD
PAY0001699,ORD0001699,2026-03-02T03:14:38Z,bank_transfer,success,5017.35,SGD
PAY0001700,ORD0001700,2026-05-04T23:55:17Z,wallet,success,15727.76,SGD
PAY0001701,ORD0001701,2026-03-02T08:25:48Z,card,success,3743.38,SGD
PAY0001702,ORD0001702,2026-05-08T21:38:03Z,card,success,673.31,SGD
PAY0001703,ORD0001703,2026-01-29T03:41:33Z,wallet,success,2220.83,SGD
PAY0001704,ORD0001704,2026-02-25T06:55:13Z,card,success,10590.76,SGD
PAY0001705,ORD0001705,2026-04-30T11:24:43Z,paypal,success,12322.47,SGD
PAY0001706,ORD0001706,2026-05-15T04:35:02Z,card,pending,142.08,SGD
PAY0001707,ORD0001707,2026-05-23T19:41:23Z,bank_transfer,success,1818.56,SGD
PAY0001708,ORD0001708,2026-01-05T02:55:20Z,card,failed,3267.24,SGD
PAY0001709,ORD0001709,2026-02-01T08:59:58Z,wallet,success,6609.13,SGD
PAY0001710,ORD0001710,2026-02-04T21:28:46Z,bank_transfer,success,-7906.02,SGD
PAY0001711,ORD0001711,2026-05-14T20:41:48Z,wallet,success,12502.51,SGD
PAY0001712,ORD0001712,2026-03-30T20:00:07Z,wallet,success,7789.52,SGD
PAY0001713,ORD0001713,2026-02-09T14:22:39Z,wallet,success,15403.49,SGD
PAY0001714,ORD0001714,2026-03-19T05:25:49Z,card,success,3433.72,SGD
PAY0001715,ORD0001715,2026-01-15T11:03:43Z,card,success,2621.22,SGD
PAY0001716,ORD0001716,2026-05-11T16:57:57Z,bank_transfer,success,18025.16,SGD
PAY0001717,ORD0001717,2026-04-04T17:11:50Z,paypal,success,9947.81,SGD
PAY0001718,ORD0001718,2026-05-08T01:29:33Z,card,success,7940.46,SGD
PAY0001719,ORD0001719,2026-03-21T13:42:50Z,card,success,8408.69,SGD
PAY0001720,ORD0001720,2026-05-09T08:43:37Z,card,success,8894.46,SGD
PAY0001721,ORD0001721,2026-03-17T22:57:35Z,card,pending,7789.83,SGD
PAY0001722,ORD0001722,2026-03-04T22:04:28Z,bank_transfer,success,10566.48,SGD
PAY0001723,ORD0001723,2026-03-05T08:25:13Z,wallet,success,11794.41,SGD
PAY0001724,ORD0001724,2026-02-22T01:37:58Z,wallet,refunded,6114.55,SGD
PAY0001725,ORD0001725,2026-01-05T06:05:01Z,card,refunded,2998.47,SGD
PAY0001726,ORD0001726,2026-04-19T15:28:39Z,paypal,success,7602.09,SGD
PAY0001727,ORD0001727,2026-02-26T04:40:20Z,paypal,pending,17361.31,SGD
PAY0001728,ORD0001728,2026-02-26T07:52:17Z,paypal,success,273.32,SGD
PAY0001729,ORD0001729,2026-01-02T23:49:48Z,wallet,success,6498.34,SGD
PAY0001730,ORD0001730,2026-03-19T00:57:29Z,paypal,success,3159.76,SGD
PAY0001731,ORD0001731,2026-04-11T23:49:52Z,wallet,success,7325.76,SGD
PAY0001732,ORD0001732,2026-04-04T16:54:43Z,wallet,success,9976.51,SGD
PAY0001733,ORD0001733,2026-01-30T00:17:55Z,bank_transfer,failed,6605.43,SGD
PAY0001734,ORD0001734,2026-05-12T21:04:16Z,wallet,failed,3615.24,SGD
PAY0001735,ORD0001735,2026-03-11T10:10:27Z,paypal,pending,11680.16,SGD
PAY0001736,ORD0001736,2026-03-29T04:37:42Z,wallet,pending,617.8,SGD
PAY0001737,ORD0001737,2026-01-24T00:27:18Z,wallet,success,10067.98,SGD
PAY0001738,ORD0001738,2026-02-14T21:03:38Z,wallet,success,12759.2,SGD
PAY0001739,ORD0001739,2026-03-08T15:05:07Z,wallet,success,10722.3,SGD
PAY0001740,ORD0001740,2026-04-03T18:36:54Z,bank_transfer,success,2226.23,SGD
PAY0001741,ORD0001741,2026-02-11T20:38:32Z,paypal,failed,9204.46,SGD
PAY0001742,ORD0001742,2026-02-26T02:29:03Z,bank_transfer,refunded,11018.76,SGD
PAY0001743,ORD0001743,2026-02-13T17:41:14Z,card,success,2243.02,SGD
PAY0001744,ORD0001744,2026-05-22T12:33:28Z,card,success,12355.53,SGD
PAY0001745,ORD0001745,2026-01-25T19:16:43Z,bank_transfer,pending,2835.15,SGD
PAY0001746,ORD0001746,2026-04-01T00:06:06Z,wallet,refunded,8504.5,SGD
PAY0001747,ORD0001747,2026-03-09T08:47:50Z,bank_transfer,success,6078.77,SGD
PAY0001748,ORD0001748,2026-05-13T08:43:17Z,bank_transfer,success,2507.86,SGD
PAY0001749,ORD0001749,2026-03-13T13:50:18Z,bank_transfer,success,1636.21,SGD
PAY0001750,ORD0001750,2026-05-04T17:23:11Z,paypal,success,7058.1,SGD
PAY0001751,ORD0001751,2026-03-13T02:56:59Z,paypal,refunded,5917.58,SGD
PAY0001752,ORD0001752,2026-03-31T15:25:11Z,wallet,success,9738.09,SGD
PAY0001753,ORD0001753,2026-03-06T18:28:01Z,wallet,success,6141.8,SGD
PAY0001754,ORD0001754,2026-02-09T02:00:38Z,wallet,success,18115.76,SGD
PAY0001755,ORD0001755,2026-04-16T12:42:06Z,bank_transfer,refunded,8309.54,SGD
PAY0001756,ORD0001756,2026-02-05T07:29:03Z,wallet,success,12727.3,SGD
PAY0001757,ORD0001757,2026-04-10T10:55:09Z,paypal,success,2117.96,SGD
PAY0001758,ORD0001758,2026-02-24T05:53:32Z,wallet,success,10428.01,SGD
PAY0001759,ORD0001759,2026-02-13T15:53:14Z,paypal,success,3453.22,SGD
PAY0001760,ORD0001760,2026-04-29T09:53:06Z,wallet,pending,8713.72,SGD
PAY0001761,ORD0001761,2026-02-15T11:07:52Z,wallet,success,13210.89,SGD
PAY0001762,ORD0001762,2026-02-25T19:48:59Z,card,success,10260.69,SGD
PAY0001763,ORD0001763,2026-03-14T00:46:37Z,card,success,4494.78,SGD
PAY0001764,ORD0001764,2026-04-12T00:09:22Z,bank_transfer,success,11120.32,SGD
PAY0001765,ORD0001765,2026-01-27T19:14:14Z,bank_transfer,success,7930.1,SGD
PAY0001766,ORD0001766,2026-03-05T20:18:58Z,wallet,success,4121.53,SGD
PAY0001767,ORD0001767,2026-02-05T09:53:51Z,card,success,2426.08,SGD
PAY0001768,ORD0001768,2026-04-15T04:01:37Z,bank_transfer,success,868.47,SGD
PAY0001769,ORD0001769,2026-04-15T15:06:10Z,card,success,8367.91,SGD
PAY0001770,ORD0001770,2026-01-21T12:37:30Z,wallet,refunded,8546.83,SGD
PAY0001771,ORD0001771,2026-03-14T13:59:22Z,card,success,8049.32,SGD
PAY0001772,ORD0001772,2026-05-10T23:14:03Z,card,success,2825.25,SGD
PAY0001773,ORD0001773,2026-04-22T20:05:54Z,wallet,success,16008.02,SGD
PAY0001774,ORD0001774,2026-02-17T07:47:23Z,wallet,pending,6466.52,SGD
PAY0001775,ORD0001775,2026-02-25T01:07:21Z,card,success,305.14,SGD
PAY0001776,ORD0001776,2026-03-19T19:35:59Z,wallet,success,6095.69,SGD
PAY0001777,ORD0001777,2026-02-12T05:26:48Z,card,pending,5396.98,SGD
PAY0001778,ORD0001778,2026-05-01T04:56:00Z,card,success,4073.1,SGD
PAY0001779,ORD0001779,2026-03-13T05:14:47Z,paypal,success,9912.74,SGD
PAY0001780,ORD0001780,2026-04-24T14:05:13Z,card,success,19741.9,SGD
PAY0001781,ORD0001781,2026-04-09T16:17:20Z,wallet,success,7200.47,SGD
PAY0001782,ORD0001782,2026-01-01T22:43:17Z,paypal,success,1018.7,SGD
PAY0001783,ORD0001783,2026-01-14T09:23:33Z,card,failed,16094.72,SGD
PAY0001784,ORD0001784,2026-05-04T08:16:42Z,bank_transfer,success,8854.15,SGD
PAY0001785,ORD0001785,2026-02-11T14:19:50Z,card,success,4950.86,SGD
PAY0001786,ORD0001786,2026-05-04T02:52:08Z,paypal,success,10200.83,SGD
PAY0001787,ORD0001787,2026-01-05T06:11:57Z,paypal,refunded,10474.55,SGD
PAY0001788,ORD0001788,2026-02-03T18:02:09Z,card,success,10928.15,SGD
PAY0001789,ORD0001789,2026-03-05T19:59:33Z,card,pending,4048.12,SGD
PAY0001790,ORD0001790,2026-01-21T12:49:12Z,paypal,refunded,3627.13,SGD
PAY0001791,ORD0001791,2026-04-06T20:53:34Z,paypal,success,8291.24,SGD
PAY0001792,ORD0001792,2026-01-03T18:36:35Z,paypal,success,6274.83,SGD
PAY0001793,ORD0001793,2026-01-22T22:48:58Z,card,success,5915.52,SGD
PAY0001794,ORD0001794,2026-01-26T21:35:40Z,wallet,success,3907.52,SGD
PAY0001795,ORD0001795,2026-01-17T12:36:37Z,card,success,2505.15,SGD
PAY0001796,ORD0001796,2026-01-02T10:13:36Z,card,success,8795.95,SGD
PAY0001797,ORD0001797,2026-04-20T18:58:45Z,wallet,success,5097.29,SGD
PAY0001798,ORD0001798,2026-04-04T17:58:37Z,bank_transfer,success,14765.84,SGD
PAY0001799,ORD0001799,2026-03-17T17:43:52Z,bank_transfer,refunded,8936.03,SGD
PAY0001800,ORD0001800,2026-05-15T19:24:43Z,card,pending,2156.45,SGD
PAY0001801,ORD0001801,2026-02-07T09:26:13Z,card,success,6589.09,SGD
PAY0001802,ORD0001802,2026-05-15T21:48:41Z,bank_transfer,pending,3357.84,SGD
PAY0001803,ORD0001803,2026-03-22T10:41:01Z,paypal,success,1393.82,SGD
PAY0001804,ORD0001804,2026-03-07T21:25:14Z,wallet,refunded,4325.21,SGD
PAY0001805,ORD0001805,2026-03-31T14:59:21Z,card,success,11481.0,SGD
PAY0001806,ORD0001806,2026-03-15T22:37:22Z,wallet,pending,5126.76,SGD
PAY0001807,ORD0001807,2026-03-17T18:03:16Z,paypal,success,6997.18,SGD
PAY0001808,ORD0001808,2026-03-21T04:27:48Z,bank_transfer,success,10305.98,SGD
PAY0001809,ORD0001809,2026-01-11T12:11:46Z,paypal,success,6391.26,SGD
PAY0001810,ORD0001810,2026-05-06T19:53:46Z,paypal,success,3826.18,SGD
PAY0001811,ORD0001811,2026-01-17T00:13:45Z,wallet,success,2719.78,SGD
PAY0001812,ORD0001812,2026-04-03T03:22:43Z,bank_transfer,success,16027.26,SGD
PAY0001813,ORD0001813,2026-01-26T09:27:25Z,bank_transfer,success,6889.65,SGD
PAY0001814,ORD0001814,2026-03-09T01:12:00Z,bank_transfer,pending,4313.45,SGD
PAY0001815,ORD0001815,2026-05-10T15:52:42Z,paypal,success,6677.73,SGD
PAY0001816,ORD0001816,2026-04-28T20:30:43Z,bank_transfer,pending,8210.51,SGD
PAY0001817,ORD0001817,2026-01-02T22:03:22Z,paypal,pending,11948.15,SGD
PAY0001818,ORD0001818,2026-01-22T07:12:20Z,card,success,4486.04,SGD
PAY0001819,ORD0001819,2026-03-26T22:18:17Z,paypal,success,1951.16,SGD
PAY0001820,ORD0001820,2026-04-29T02:27:23Z,paypal,refunded,6187.26,SGD
PAY0001821,ORD0001821,2026-03-29T05:08:44Z,wallet,refunded,11056.55,SGD
PAY0001822,ORD0001822,2026-01-13T19:25:01Z,card,success,5074.95,SGD
PAY0001823,ORD0001823,2026-01-03T20:46:01Z,wallet,success,5134.15,SGD
PAY0001824,ORD0001824,2026-02-26T17:17:39Z,wallet,refunded,2652.77,SGD
PAY0001825,ORD0001825,2026-02-18T23:07:34Z,bank_transfer,success,11921.57,SGD
PAY0001826,ORD0001826,2026-05-14T03:32:45Z,wallet,success,7489.56,SGD
PAY0001827,ORD0001827,2026-05-20T04:21:00Z,bank_transfer,failed,1640.19,SGD
PAY0001828,ORD0001828,2026-04-16T13:07:08Z,card,success,13128.85,SGD
PAY0001829,ORD0001829,2026-03-26T10:02:21Z,bank_transfer,success,835.05,SGD
PAY0001830,ORD0001830,2026-01-19T17:40:27Z,card,success,443.36,SGD
PAY0001831,ORD0001831,2026-02-20T07:59:12Z,paypal,success,11299.45,SGD
PAY0001832,ORD0001832,2026-03-04T23:27:43Z,paypal,success,8894.57,SGD
PAY0001833,ORD0001833,2026-04-24T01:48:17Z,card,refunded,7306.09,SGD
PAY0001834,ORD0001834,2026-05-06T01:09:56Z,paypal,success,1589.34,SGD
PAY0001835,ORD0001835,2026-04-09T11:11:15Z,card,success,9048.02,SGD
PAY0001836,ORD0001836,2026-01-01T05:35:34Z,wallet,success,16509.76,SGD
PAY0001837,ORD0001837,2026-02-14T05:00:04Z,card,success,2195.4,SGD
PAY0001838,ORD0001838,2026-01-02T16:01:45Z,wallet,success,58.92,SGD
PAY0001839,ORD0001839,2026-05-17T04:39:11Z,card,success,2290.45,SGD
PAY0001840,ORD0001840,2026-02-04T08:54:56Z,wallet,success,11038.18,SGD
PAY0001841,ORD0001841,2026-04-01T06:10:04Z,paypal,refunded,8021.82,SGD
PAY0001842,ORD0001842,2026-01-25T21:06:47Z,paypal,success,4866.25,SGD
PAY0001843,ORD0001843,2026-01-25T17:47:21Z,paypal,success,8023.81,SGD
PAY0001844,ORD0001844,2026-05-23T21:01:43Z,wallet,success,13178.86,SGD
PAY0001845,ORD0001845,2026-02-04T13:32:44Z,bank_transfer,success,8969.72,SGD
PAY0001846,ORD0001846,2026-03-13T02:58:18Z,card,success,4705.31,SGD
PAY0001847,ORD0001847,2026-03-23T22:51:25Z,bank_transfer,success,14048.89,SGD
PAY0001848,ORD0001848,2026-02-05T15:37:48Z,wallet,pending,11220.88,SGD
PAY0001849,ORD0001849,2026-01-26T06:06:47Z,bank_transfer,success,3771.92,SGD
PAY0001850,ORD0001850,2026-04-17T01:09:28Z,bank_transfer,success,11891.2,SGD
PAY0001851,ORD0001851,2026-01-08T03:17:58Z,card,refunded,1700.26,SGD
PAY0001852,ORD0001852,2026-01-29T07:05:33Z,card,success,2171.04,SGD
PAY0001853,ORD0001853,2026-05-24T13:05:12Z,paypal,pending,15208.03,SGD
PAY0001854,ORD0001854,2026-02-19T21:18:18Z,wallet,success,7509.03,SGD
PAY0001855,ORD0001855,2026-01-18T03:32:12Z,wallet,success,3379.35,SGD
PAY0001856,ORD0001856,2026-04-17T21:57:43Z,card,success,11727.12,SGD
PAY0001857,ORD0001857,2026-04-08T14:48:22Z,wallet,success,7016.37,SGD
PAY0001858,ORD0001858,2026-01-05T12:27:56Z,wallet,success,5134.06,SGD
PAY0001859,ORD0001859,2026-02-08T02:50:04Z,paypal,success,3789.44,SGD
PAY0001860,ORD0001860,2026-04-29T17:06:05Z,paypal,success,10009.52,SGD
PAY0001861,ORD0001861,2026-02-01T18:18:37Z,wallet,success,10063.97,SGD
PAY0001862,ORD0001862,2026-01-18T09:35:21Z,paypal,success,1713.56,SGD
PAY0001863,ORD0001863,2026-01-23T17:54:03Z,bank_transfer,success,1942.26,SGD
PAY0001864,ORD0001864,2026-04-01T15:36:32Z,card,pending,20649.32,SGD
PAY0001865,ORD0001865,2026-04-09T14:09:50Z,card,failed,4884.06,SGD
PAY0001866,ORD0001866,2026-04-12T18:20:26Z,bank_transfer,success,8593.89,SGD
PAY0001867,ORD0001867,2026-02-02T04:33:40Z,card,success,1636.48,SGD
PAY0001868,ORD0001868,2026-01-01T16:21:21Z,paypal,refunded,5711.6,SGD
PAY0001869,ORD0001869,2026-03-22T18:00:42Z,wallet,success,8037.44,SGD
PAY0001870,ORD0001870,2026-04-26T16:43:54Z,bank_transfer,refunded,6218.13,SGD
PAY0001871,ORD0001871,2026-03-28T21:15:32Z,wallet,refunded,18958.44,SGD
PAY0001872,ORD0001872,2026-04-08T05:18:18Z,paypal,success,5083.38,SGD
PAY0001873,ORD0001873,2026-01-27T06:38:43Z,paypal,success,15229.33,SGD
PAY0001874,ORD0001874,2026-03-10T11:47:25Z,card,success,8620.65,SGD
PAY0001875,ORD0001875,2026-03-26T21:04:40Z,bank_transfer,pending,5271.18,SGD
PAY0001876,ORD0001876,2026-01-28T14:15:34Z,bank_transfer,success,9468.03,SGD
PAY0001877,ORD0001877,2026-01-02T22:31:16Z,paypal,success,3179.1,SGD
PAY0001878,ORD0001878,2026-02-11T04:39:18Z,paypal,success,487.77,SGD
PAY0001879,ORD0001879,2026-04-16T05:14:27Z,paypal,success,18002.08,SGD
PAY0001880,ORD0001880,2026-02-14T09:51:27Z,card,success,4588.71,SGD
PAY0001881,ORD0001881,2026-05-19T18:29:42Z,wallet,success,3869.65,SGD
PAY0001882,ORD0001882,2026-04-17T19:19:20Z,card,success,2610.86,SGD
PAY0001883,ORD0001883,2026-02-23T15:11:34Z,wallet,success,14497.14,SGD
PAY0001884,ORD0001884,2026-03-07T11:31:51Z,bank_transfer,refunded,1589.34,SGD
PAY0001885,ORD0001885,2026-04-06T16:41:06Z,wallet,success,152.57,SGD
PAY0001886,ORD0001886,2026-01-20T02:53:04Z,bank_transfer,success,7550.53,SGD
PAY0001887,ORD0001887,2026-02-14T02:58:56Z,wallet,success,6567.81,SGD
PAY0001888,ORD0001888,2026-01-28T11:16:19Z,paypal,success,3733.46,SGD
PAY0001889,ORD0001889,2026-03-12T07:18:43Z,card,pending,8122.05,SGD
PAY0001890,ORD0001890,2026-01-20T00:57:38Z,paypal,success,8975.47,SGD
PAY0001891,ORD0001891,2026-02-28T15:38:22Z,card,success,5906.92,SGD
PAY0001892,ORD0001892,2026-02-20T11:05:16Z,paypal,failed,13861.02,SGD
PAY0001893,ORD0001893,2026-03-28T11:24:22Z,wallet,failed,6120.95,SGD
PAY0001894,ORD0001894,2026-03-23T03:07:44Z,paypal,success,1332.3,SGD
PAY0001895,ORD0001895,2026-04-08T22:17:32Z,bank_transfer,failed,15147.9,SGD
PAY0001896,ORD0001896,2026-05-15T18:26:34Z,card,success,4387.12,SGD
PAY0001897,ORD0001897,2026-02-08T20:59:11Z,card,refunded,10773.15,SGD
PAY0001898,ORD0001898,2026-03-29T11:59:56Z,card,success,7780.36,SGD
PAY0001899,ORD0001899,2026-05-17T20:59:19Z,paypal,success,2096.8,SGD
PAY0001900,ORD0001900,2026-01-26T08:28:09Z,card,failed,5765.22,SGD
PAY0001901,ORD0001901,2026-01-21T01:46:15Z,wallet,success,1826.9,SGD
PAY0001902,ORD0001902,2026-04-28T21:03:50Z,bank_transfer,success,15154.76,SGD
PAY0001903,ORD0001903,2026-04-18T06:51:36Z,card,success,14495.78,SGD
PAY0001904,ORD0001904,2026-01-06T19:49:23Z,paypal,success,15377.89,SGD
PAY0001905,ORD0001905,2026-03-24T00:18:26Z,bank_transfer,success,502.46,SGD
PAY0001906,ORD0001906,2026-02-12T00:01:30Z,wallet,success,11137.75,SGD
PAY0001907,ORD0001907,2026-02-05T22:11:44Z,wallet,refunded,7402.3,SGD
PAY0001908,ORD0001908,2026-03-28T05:01:54Z,wallet,refunded,3672.43,SGD
PAY0001909,ORD0001909,2026-03-19T06:01:34Z,card,success,7100.07,SGD
PAY0001910,ORD0001910,2026-05-16T17:29:14Z,wallet,success,1948.31,SGD
PAY0001911,ORD0001911,2026-04-06T18:54:27Z,bank_transfer,success,9351.46,SGD
PAY0001912,ORD0001912,2026-01-25T08:43:11Z,paypal,pending,12141.69,SGD
PAY0001913,ORD0001913,2026-04-25T05:29:03Z,card,success,12275.43,SGD
PAY0001914,ORD0001914,2026-04-17T02:17:27Z,bank_transfer,success,8032.24,SGD
PAY0001915,ORD0001915,2026-01-09T17:44:37Z,card,success,5443.47,SGD
PAY0001916,ORD0001916,2026-01-10T00:49:26Z,bank_transfer,success,6163.72,SGD
PAY0001917,ORD0001917,2026-01-07T09:37:28Z,wallet,success,5465.96,SGD
PAY0001918,ORD0001918,2026-02-07T08:52:54Z,paypal,success,1999.22,SGD
PAY0001919,ORD0001919,2026-03-14T17:00:57Z,wallet,success,12618.53,SGD
PAY0001920,ORD0001920,2026-05-20T11:23:10Z,paypal,refunded,2681.12,SGD
PAY0001921,ORD0001921,2026-02-10T11:00:18Z,paypal,success,2450.21,SGD
PAY0001922,ORD0001922,2026-02-17T20:05:36Z,bank_transfer,success,2476.35,SGD
PAY0001923,ORD0001923,2026-04-20T14:26:17Z,wallet,pending,5900.46,SGD
PAY0001924,ORD0001924,2026-04-27T05:28:08Z,card,success,3444.91,SGD
PAY0001925,ORD0001925,2026-02-08T11:29:23Z,paypal,pending,5229.72,SGD
PAY0001926,ORD0001926,2026-01-19T02:26:36Z,bank_transfer,refunded,5585.26,SGD
PAY0001927,ORD0001927,2026-03-28T16:48:18Z,card,success,5192.76,SGD
PAY0001928,ORD0001928,2026-03-24T07:14:46Z,wallet,success,9737.88,SGD
PAY0001929,ORD0001929,2026-01-06T00:20:42Z,wallet,success,15430.4,SGD
PAY0001930,ORD0001930,2026-01-27T17:20:48Z,paypal,success,1144.17,SGD
PAY0001931,ORD0001931,2026-05-15T05:48:52Z,paypal,success,5776.31,SGD
PAY0001932,ORD0001932,2026-04-24T01:15:18Z,bank_transfer,pending,1438.79,SGD
PAY0001933,ORD0001933,2026-03-27T18:30:57Z,bank_transfer,success,13005.63,SGD
PAY0001934,ORD0001934,2026-01-19T04:25:19Z,wallet,refunded,15431.4,SGD
PAY0001935,ORD0001935,2026-04-16T09:30:44Z,bank_transfer,success,9952.16,SGD
PAY0001936,ORD0001936,2026-04-25T12:04:05Z,paypal,success,6662.96,SGD
PAY0001937,ORD0001937,2026-03-26T04:22:56Z,bank_transfer,success,2953.16,SGD
PAY0001938,ORD0001938,2026-04-13T09:25:26Z,wallet,failed,4208.83,SGD
PAY0001939,ORD0001939,2026-03-20T14:42:00Z,bank_transfer,success,6786.03,SGD
PAY0001940,ORD0001940,2026-05-08T22:06:21Z,wallet,success,5771.67,SGD
PAY0001941,ORD0001941,2026-04-24T18:53:15Z,wallet,pending,1156.13,SGD
PAY0001942,ORD0001942,2026-01-21T15:36:42Z,bank_transfer,failed,7928.88,SGD
PAY0001943,ORD0001943,2026-02-03T11:21:34Z,bank_transfer,success,5096.37,SGD
PAY0001944,ORD0001944,2026-02-01T15:15:21Z,card,success,13171.21,SGD
PAY0001945,ORD0001945,2026-05-17T09:17:44Z,wallet,success,-5256.04,SGD
PAY0001946,ORD0001946,2026-01-11T07:08:20Z,wallet,pending,10607.92,SGD
PAY0001947,ORD0001947,2026-02-15T00:50:51Z,paypal,success,2926.74,SGD
PAY0001948,ORD0001948,2026-03-14T00:09:10Z,card,success,5059.15,SGD
PAY0001949,ORD0001949,2026-01-10T03:15:46Z,card,success,2338.79,SGD
PAY0001950,ORD0001950,2026-03-19T17:04:54Z,wallet,success,9376.45,SGD
PAY0001951,ORD0001951,2026-04-13T03:38:24Z,bank_transfer,refunded,6017.12,SGD
PAY0001952,ORD0001952,2026-01-18T13:20:39Z,wallet,refunded,8634.42,SGD
PAY0001953,ORD0001953,2026-05-19T09:23:47Z,bank_transfer,success,8975.65,SGD
PAY0001954,ORD0001954,2026-02-08T05:28:00Z,bank_transfer,refunded,5548.15,SGD
PAY0001955,ORD0001955,2026-03-23T15:40:56Z,bank_transfer,success,6045.91,SGD
PAY0001956,ORD0001956,2026-01-14T12:46:49Z,bank_transfer,success,7214.12,SGD
PAY0001957,ORD0001957,2026-04-30T13:22:05Z,bank_transfer,success,6647.57,SGD
PAY0001958,ORD0001958,2026-04-19T19:32:32Z,paypal,success,7648.84,SGD
PAY0001959,ORD0001959,2026-02-08T04:00:12Z,paypal,success,8795.93,SGD
PAY0001960,ORD0001960,2026-02-13T20:14:52Z,card,failed,2297.13,SGD
PAY0001961,ORD0001961,2026-02-08T10:22:39Z,bank_transfer,refunded,11139.93,SGD
PAY0001962,ORD0001962,2026-03-02T20:10:48Z,bank_transfer,pending,8695.28,SGD
PAY0001963,ORD0001963,2026-01-07T09:08:02Z,paypal,success,4159.73,SGD
PAY0001964,ORD0001964,2026-04-05T22:23:27Z,wallet,success,14811.77,SGD
PAY0001965,ORD0001965,2026-03-18T22:35:45Z,bank_transfer,success,7992.87,SGD
PAY0001966,ORD0001966,2026-05-13T00:18:14Z,card,success,2868.59,SGD
PAY0001967,ORD0001967,2026-03-14T09:25:12Z,bank_transfer,failed,14100.29,SGD
PAY0001968,ORD0001968,2026-01-08T23:54:08Z,paypal,pending,5169.58,SGD
PAY0001969,ORD0001969,2026-03-07T13:13:54Z,card,failed,7357.34,SGD
PAY0001970,ORD0001970,2026-01-06T06:25:39Z,card,success,14472.26,SGD
PAY0001971,ORD0001971,2026-01-27T08:13:30Z,paypal,success,5674.43,SGD
PAY0001972,ORD0001972,2026-01-04T04:01:22Z,wallet,pending,10275.66,SGD
PAY0001973,ORD0001973,2026-04-02T11:18:08Z,card,success,23614.62,SGD
PAY0001974,ORD0001974,2026-03-03T03:42:56Z,wallet,success,6297.05,SGD
PAY0001975,ORD0001975,2026-03-30T10:56:13Z,paypal,success,5999.7,SGD
PAY0001976,ORD0001976,2026-03-21T03:08:11Z,card,failed,4741.64,SGD
PAY0001977,ORD0001977,2026-02-07T05:44:25Z,wallet,failed,13614.75,SGD
PAY0001978,ORD0001978,2026-05-17T10:44:05Z,wallet,success,6950.21,SGD
PAY0001979,ORD0001979,2026-03-24T02:50:14Z,card,success,7027.18,SGD
PAY0001980,ORD0001980,2026-01-17T22:04:22Z,card,success,12667.38,SGD
PAY0001981,ORD0001981,2026-02-24T21:10:21Z,wallet,success,13008.08,SGD
PAY0001982,ORD0001982,2026-01-01T09:23:56Z,paypal,success,5432.58,SGD
PAY0001983,ORD0001983,2026-02-17T15:43:58Z,card,success,1282.35,SGD
PAY0001984,ORD0001984,2026-04-02T15:03:14Z,bank_transfer,success,3318.57,SGD
PAY0001985,ORD0001985,2026-02-13T01:58:05Z,paypal,failed,2029.89,SGD
PAY0001986,ORD0001986,2026-03-15T19:05:40Z,paypal,failed,11421.07,SGD
PAY0001987,ORD0001987,2026-02-08T20:39:50Z,wallet,success,4961.86,SGD
PAY0001988,ORD0001988,2026-05-03T11:57:28Z,bank_transfer,success,1636.21,SGD
PAY0001989,ORD0001989,2026-05-05T10:29:51Z,card,success,15085.54,SGD
PAY0001990,ORD0001990,2026-02-28T02:56:40Z,paypal,pending,2884.92,SGD
PAY0001991,ORD0001991,2026-04-20T17:54:36Z,paypal,success,9609.46,SGD
PAY0001992,ORD0001992,2026-04-27T11:41:38Z,paypal,pending,3388.92,SGD
PAY0001993,ORD0001993,2026-04-19T07:48:43Z,paypal,success,8921.28,SGD
PAY0001994,ORD0001994,2026-02-22T08:18:18Z,paypal,success,14430.12,SGD
PAY0001995,ORD0001995,2026-01-02T04:18:16Z,card,success,8213.52,SGD
PAY0001996,ORD0001996,2026-02-01T13:18:07Z,paypal,refunded,9089.85,SGD
PAY0001997,ORD0001997,2026-02-13T07:39:28Z,bank_transfer,success,12817.85,SGD
PAY0001998,ORD0001998,2026-04-29T11:16:54Z,card,pending,11026.75,SGD
PAY0001999,ORD0001999,2026-03-10T09:37:55Z,bank_transfer,success,504.02,SGD
PAY0002000,ORD0002000,2026-04-14T12:14:27Z,wallet,refunded,3695.51,SGD
PAY0002001,ORD0002001,2026-04-10T01:20:09Z,wallet,failed,13676.01,SGD
PAY0002002,ORD0002002,2026-04-11T13:05:11Z,wallet,success,3446.24,SGD
PAY0002003,ORD0002003,2026-03-20T07:18:52Z,paypal,success,9254.57,SGD
PAY0002004,ORD0002004,2026-05-10T10:44:28Z,card,success,5556.58,SGD
PAY0002005,ORD0002005,2026-02-02T04:41:00Z,bank_transfer,refunded,13465.45,SGD
PAY0002006,ORD0002006,2026-03-08T23:50:49Z,paypal,success,12034.2,SGD
PAY0002007,ORD0002007,2026-03-19T16:07:00Z,paypal,refunded,8519.96,SGD
PAY0002008,ORD0002008,2026-02-03T13:36:04Z,bank_transfer,success,14864.24,SGD
PAY0002009,ORD0002009,2026-01-25T12:21:27Z,card,pending,381.62,SGD
PAY0002010,ORD0002010,2026-01-10T17:19:50Z,paypal,success,12808.95,SGD
PAY0002011,ORD0002011,2026-01-07T14:28:46Z,paypal,success,13960.45,SGD
PAY0002012,ORD0002012,2026-01-07T11:44:34Z,bank_transfer,pending,14765.25,SGD
PAY0002013,ORD0002013,2026-01-03T06:46:30Z,wallet,success,7825.6,SGD
PAY0002014,ORD0002014,2026-03-25T04:08:26Z,wallet,success,3771.92,SGD
PAY0002015,ORD0002015,2026-04-21T09:41:58Z,paypal,success,284.16,SGD
PAY0002016,ORD0002016,2026-01-01T21:52:14Z,paypal,success,10724.77,SGD
PAY0002017,ORD0002017,2026-03-06T17:58:01Z,bank_transfer,success,7188.99,SGD
PAY0002018,ORD0002018,2026-01-02T07:44:09Z,bank_transfer,success,5865.32,SGD
PAY0002019,ORD0002019,2026-01-15T03:26:22Z,card,success,5524.5,SGD
PAY0002020,ORD0002020,2026-01-11T03:14:39Z,bank_transfer,refunded,12059.08,SGD
PAY0002021,ORD0002021,2026-04-22T19:58:04Z,card,failed,5785.09,SGD
PAY0002022,ORD0002022,2026-02-08T13:07:58Z,paypal,pending,10160.45,SGD
PAY0002023,ORD0002023,2026-03-29T02:28:46Z,card,success,12695.12,SGD
PAY0002024,ORD0002024,2026-02-13T18:57:19Z,paypal,success,788.88,SGD
PAY0002025,ORD0002025,2026-01-15T20:11:37Z,wallet,success,4211.7,SGD
PAY0002026,ORD0002026,2026-04-04T20:31:25Z,bank_transfer,refunded,7392.39,SGD
PAY0002027,ORD0002027,2026-03-16T11:59:49Z,bank_transfer,success,-3713.56,SGD
PAY0002028,ORD0002028,2026-01-16T09:46:01Z,wallet,refunded,1464.18,SGD
PAY0002029,ORD0002029,2026-03-13T01:28:49Z,paypal,success,13842.45,SGD
PAY0002030,ORD0002030,2026-01-03T10:54:37Z,bank_transfer,success,4966.26,SGD
PAY0002031,ORD0002031,2026-05-19T05:58:48Z,bank_transfer,failed,3237.68,SGD
PAY0002032,ORD0002032,2026-02-01T04:58:20Z,wallet,failed,948.0,SGD
PAY0002033,ORD0002033,2026-02-24T04:46:30Z,card,failed,1140.14,SGD
PAY0002034,ORD0002034,2026-03-18T02:49:02Z,bank_transfer,success,415.21,SGD
PAY0002035,ORD0002035,2026-05-15T09:41:58Z,wallet,pending,9235.1,SGD
PAY0002036,ORD0002036,2026-01-05T01:11:21Z,bank_transfer,success,16049.27,SGD
PAY0002037,ORD0002037,2026-02-02T15:55:39Z,bank_transfer,success,3181.77,SGD
PAY0002038,ORD0002038,2026-02-13T05:53:45Z,card,success,5631.87,SGD
PAY0002039,ORD0002039,2026-03-17T17:40:18Z,paypal,success,4258.46,SGD
PAY0002040,ORD0002040,2026-01-10T04:20:55Z,paypal,success,2604.99,SGD
PAY0002041,ORD0002041,2026-02-27T08:37:05Z,paypal,success,4667.64,SGD
PAY0002042,ORD0002042,2026-01-02T08:52:15Z,bank_transfer,success,7633.06,SGD
PAY0002043,ORD0002043,2026-04-14T06:42:22Z,card,success,6261.98,SGD
PAY0002044,ORD0002044,2026-01-15T07:29:09Z,bank_transfer,refunded,8656.75,SGD
PAY0002045,ORD0002045,2026-03-05T11:36:39Z,paypal,pending,12038.81,SGD
PAY0002046,ORD0002046,2026-03-14T16:22:40Z,bank_transfer,pending,11479.17,SGD
PAY0002047,ORD0002047,2026-02-16T10:03:02Z,card,refunded,1210.83,SGD
PAY0002048,ORD0002048,2026-05-04T00:48:59Z,wallet,refunded,8953.93,SGD
PAY0002049,ORD0002049,2026-01-24T00:01:27Z,paypal,success,2262.01,SGD
PAY0002050,ORD0002050,2026-01-27T08:10:12Z,bank_transfer,success,13427.25,SGD
PAY0002051,ORD0002051,2026-01-22T19:37:19Z,wallet,success,2386.17,SGD
PAY0002052,ORD0002052,2026-01-26T21:31:54Z,card,success,7520.16,SGD
PAY0002053,ORD0002053,2026-03-03T23:29:13Z,paypal,success,8398.27,SGD
PAY0002054,ORD0002054,2026-04-17T11:14:37Z,wallet,refunded,14707.98,SGD
PAY0002055,ORD0002055,2026-02-02T15:50:58Z,card,pending,8266.72,SGD
PAY0002056,ORD0002056,2026-01-03T08:31:28Z,paypal,success,9211.61,SGD
PAY0002057,ORD0002057,2026-05-05T08:23:59Z,wallet,success,14989.8,SGD
PAY0002058,ORD0002058,2026-02-08T16:10:47Z,wallet,success,863.22,SGD
PAY0002059,ORD0002059,2026-04-07T14:00:22Z,paypal,success,11486.59,SGD
PAY0002060,ORD0002060,2026-02-19T17:00:44Z,wallet,success,1820.1,SGD
PAY0002061,ORD0002061,2026-04-21T03:43:33Z,bank_transfer,success,1112.3,SGD
PAY0002062,ORD0002062,2026-01-19T21:14:48Z,card,success,5597.72,SGD
PAY0002063,ORD0002063,2026-05-05T20:48:51Z,paypal,refunded,18162.38,SGD
PAY0002064,ORD0002064,2026-02-15T16:40:09Z,bank_transfer,success,6944.58,SGD
PAY0002065,ORD0002065,2026-01-02T10:01:44Z,card,success,17850.8,SGD
PAY0002066,ORD0002066,2026-02-21T13:04:48Z,bank_transfer,success,1663.92,SGD
PAY0002067,ORD0002067,2026-04-28T05:48:26Z,bank_transfer,success,9388.18,SGD
PAY0002068,ORD0002068,2026-05-13T14:49:14Z,wallet,success,5251.46,SGD
PAY0002069,ORD0002069,2026-02-16T16:42:17Z,card,success,5838.06,SGD
PAY0002070,ORD0002070,2026-05-18T18:12:08Z,wallet,success,7620.8,SGD
PAY0002071,ORD0002071,2026-05-14T05:33:26Z,paypal,success,868.47,SGD
PAY0002072,ORD0002072,2026-03-24T04:48:37Z,wallet,success,8512.6,SGD
PAY0002073,ORD0002073,2026-02-27T17:18:31Z,card,success,819.96,SGD
PAY0002074,ORD0002074,2026-05-11T15:18:33Z,bank_transfer,refunded,7939.17,SGD
PAY0002075,ORD0002075,2026-03-28T00:24:18Z,wallet,success,5320.93,SGD
PAY0002076,ORD0002076,2026-03-18T09:59:58Z,bank_transfer,success,4243.81,SGD
PAY0002077,ORD0002077,2026-05-21T18:07:34Z,paypal,success,6183.14,SGD
PAY0002078,ORD0002078,2026-05-21T23:26:45Z,card,refunded,4367.74,SGD
PAY0002079,ORD0002079,2026-03-28T01:41:45Z,card,success,1474.71,SGD
PAY0002080,ORD0002080,2026-04-30T08:04:15Z,card,success,4080.82,SGD
PAY0002081,ORD0002081,2026-01-08T09:11:55Z,wallet,refunded,6310.98,SGD
PAY0002082,ORD0002082,2026-03-13T06:47:23Z,card,failed,2777.05,SGD
PAY0002083,ORD0002083,2026-03-25T10:57:48Z,wallet,success,71.43,SGD
PAY0002084,ORD0002084,2026-04-09T18:45:49Z,bank_transfer,success,7649.24,SGD
PAY0002085,ORD0002085,2026-03-03T04:46:31Z,wallet,success,15567.48,SGD
PAY0002086,ORD0002086,2026-04-22T14:20:13Z,card,success,9053.28,SGD
PAY0002087,ORD0002087,2026-03-02T23:06:04Z,card,success,6796.66,SGD
PAY0002088,ORD0002088,2026-02-12T02:23:42Z,paypal,success,9511.46,SGD
PAY0002089,ORD0002089,2026-01-20T14:38:06Z,card,success,11681.76,SGD
PAY0002090,ORD0002090,2026-02-18T20:34:17Z,paypal,success,1976.45,SGD
PAY0002091,ORD0002091,2026-05-25T00:12:00Z,card,pending,8251.83,SGD
PAY0002092,ORD0002092,2026-04-07T17:12:09Z,card,success,4437.98,SGD
PAY0002093,ORD0002093,2026-04-10T17:58:45Z,paypal,success,11497.07,SGD
PAY0002094,ORD0002094,2026-03-17T08:51:53Z,card,success,3318.57,SGD
PAY0002095,ORD0002095,2026-05-21T12:11:35Z,paypal,success,20155.69,SGD
PAY0002096,ORD0002096,2026-03-25T04:46:06Z,card,success,10109.97,SGD
PAY0002097,ORD0002097,2026-05-01T15:24:57Z,card,success,4061.16,SGD
PAY0002098,ORD0002098,2026-01-28T09:35:03Z,bank_transfer,refunded,2212.38,SGD
PAY0002099,ORD0002099,2026-03-04T16:13:54Z,paypal,success,12485.53,SGD
PAY0002100,ORD0002100,2026-03-05T17:27:26Z,bank_transfer,success,13292.41,SGD
PAY0002101,ORD0002101,2026-03-28T17:35:30Z,wallet,success,11785.37,SGD
PAY0002102,ORD0002102,2026-01-30T22:53:18Z,card,success,14650.86,SGD
PAY0002103,ORD0002103,2026-01-28T22:20:06Z,bank_transfer,success,11214.11,SGD
PAY0002104,ORD0002104,2026-03-03T20:06:48Z,bank_transfer,success,552.37,SGD
PAY0002105,ORD0002105,2026-02-07T16:53:22Z,wallet,success,10132.21,SGD
PAY0002106,ORD0002106,2026-01-10T10:16:45Z,paypal,success,11216.02,SGD
PAY0002107,ORD0002107,2026-03-26T03:52:49Z,wallet,success,280.48,SGD
PAY0002108,ORD0002108,2026-02-23T00:30:30Z,paypal,success,1428.61,SGD
PAY0002109,ORD0002109,2026-01-03T13:56:05Z,paypal,success,5009.51,SGD
PAY0002110,ORD0002110,2026-03-04T13:01:50Z,paypal,refunded,2648.61,SGD
PAY0002111,ORD0002111,2026-05-08T19:48:17Z,paypal,success,5083.38,SGD
PAY0002112,ORD0002112,2026-05-07T09:56:31Z,wallet,success,8243.7,SGD
PAY0002113,ORD0002113,2026-04-12T03:18:58Z,wallet,success,7537.24,SGD
PAY0002114,ORD0002114,2026-02-25T12:18:16Z,bank_transfer,success,4175.82,SGD
PAY0002115,ORD0002115,2026-02-21T22:34:50Z,bank_transfer,pending,9106.43,SGD
PAY0002116,ORD0002116,2026-04-10T21:40:31Z,paypal,success,1061.2,SGD
PAY0002117,ORD0002117,2026-03-25T10:25:34Z,wallet,success,9667.1,SGD
PAY0002118,ORD0002118,2026-04-04T08:58:52Z,card,success,14912.02,SGD
PAY0002119,ORD0002119,2026-01-18T23:57:19Z,paypal,success,1690.53,SGD
PAY0002120,ORD0002120,2026-01-29T12:00:05Z,paypal,refunded,8373.77,SGD
PAY0002121,ORD0002121,2026-03-23T16:47:43Z,paypal,success,1867.04,SGD
PAY0002122,ORD0002122,2026-03-29T12:08:47Z,card,success,16984.23,SGD
PAY0002123,ORD0002123,2026-02-23T00:18:35Z,paypal,pending,18960.98,SGD
PAY0002124,ORD0002124,2026-05-02T19:51:26Z,card,failed,12337.16,SGD
PAY0002125,ORD0002125,2026-03-29T22:26:26Z,wallet,success,5547.75,SGD
PAY0002126,ORD0002126,2026-04-28T00:39:05Z,bank_transfer,success,15558.39,SGD
PAY0002127,ORD0002127,2026-02-21T04:37:47Z,card,pending,6629.02,SGD
PAY0002128,ORD0002128,2026-03-19T14:05:54Z,card,refunded,1474.97,SGD
PAY0002129,ORD0002129,2026-03-06T20:26:21Z,wallet,success,6871.35,SGD
PAY0002130,ORD0002130,2026-05-08T09:22:44Z,paypal,refunded,12035.17,SGD
PAY0002131,ORD0002131,2026-03-30T08:13:11Z,paypal,pending,4768.33,SGD
PAY0002132,ORD0002132,2026-04-28T19:26:19Z,wallet,success,7875.57,SGD
PAY0002133,ORD0002133,2026-03-01T00:02:19Z,wallet,success,6854.37,SGD
PAY0002134,ORD0002134,2026-04-11T16:56:06Z,card,refunded,4985.22,SGD
PAY0002135,ORD0002135,2026-02-15T21:18:30Z,wallet,success,1288.63,SGD
PAY0002136,ORD0002136,2026-03-04T18:01:40Z,paypal,success,6484.61,SGD
PAY0002137,ORD0002137,2026-05-06T00:22:39Z,paypal,success,13028.71,SGD
PAY0002138,ORD0002138,2026-04-09T22:13:54Z,card,success,5101.46,SGD
PAY0002139,ORD0002139,2026-01-11T01:18:13Z,bank_transfer,success,647.42,SGD
PAY0002140,ORD0002140,2026-01-10T13:49:47Z,wallet,success,17945.03,SGD
PAY0002141,ORD0002141,2026-05-05T02:02:01Z,bank_transfer,refunded,9693.1,SGD
PAY0002142,ORD0002142,2026-03-24T18:57:34Z,wallet,success,10265.87,SGD
PAY0002143,ORD0002143,2026-03-24T06:26:38Z,wallet,pending,9049.58,SGD
PAY0002144,ORD0002144,2026-05-09T14:28:06Z,wallet,success,6271.77,SGD
PAY0002145,ORD0002145,2026-05-18T04:14:55Z,card,success,18197.07,SGD
PAY0002146,ORD0002146,2026-01-08T08:48:30Z,card,success,15992.96,SGD
PAY0002147,ORD0002147,2026-03-15T01:14:31Z,paypal,success,12243.96,SGD
PAY0002148,ORD0002148,2026-03-17T14:53:23Z,wallet,success,11353.73,SGD
PAY0002149,ORD0002149,2026-05-03T19:25:59Z,bank_transfer,pending,2807.19,SGD
PAY0002150,ORD0002150,2026-01-13T08:47:35Z,bank_transfer,pending,898.96,SGD
PAY0002151,ORD0002151,2026-04-10T18:26:38Z,paypal,success,2608.83,SGD
PAY0002152,ORD0002152,2026-01-20T06:33:22Z,wallet,success,7021.04,SGD
PAY0002153,ORD0002153,2026-04-20T05:57:10Z,card,success,12808.69,SGD
PAY0002154,ORD0002154,2026-05-04T17:37:16Z,bank_transfer,success,3192.54,SGD
PAY0002155,ORD0002155,2026-01-06T18:41:24Z,card,refunded,13575.37,SGD
PAY0002156,ORD0002156,2026-03-22T10:35:27Z,card,success,1305.43,SGD
PAY0002157,ORD0002157,2026-02-16T18:16:33Z,paypal,success,2167.7,SGD
PAY0002158,ORD0002158,2026-04-30T05:28:08Z,paypal,success,8671.99,SGD
PAY0002159,ORD0002159,2026-04-03T03:16:42Z,paypal,pending,13727.9,SGD
PAY0002160,ORD0002160,2026-02-17T16:22:33Z,wallet,success,2818.66,SGD
PAY0002161,ORD0002161,2026-03-01T17:28:55Z,bank_transfer,success,6560.78,SGD
PAY0002162,ORD0002162,2026-05-05T20:31:43Z,card,success,17818.78,SGD
PAY0002163,ORD0002163,2026-01-19T00:39:38Z,paypal,success,11107.27,SGD
PAY0002164,ORD0002164,2026-02-22T16:44:11Z,wallet,success,6523.42,SGD
PAY0002165,ORD0002165,2026-01-01T04:27:54Z,bank_transfer,success,11176.06,SGD
PAY0002166,ORD0002166,2026-05-14T08:53:49Z,bank_transfer,success,7285.7,SGD
PAY0002167,ORD0002167,2026-04-11T10:42:04Z,paypal,success,7817.28,SGD
PAY0002168,ORD0002168,2026-05-07T09:40:45Z,paypal,failed,23098.33,SGD
PAY0002169,ORD0002169,2026-05-16T08:48:18Z,paypal,success,8345.9,SGD
PAY0002170,ORD0002170,2026-03-26T04:31:05Z,wallet,success,20577.69,SGD
PAY0002171,ORD0002171,2026-04-12T21:59:22Z,wallet,success,14778.16,SGD
PAY0002172,ORD0002172,2026-03-25T01:46:23Z,card,success,3514.48,SGD
PAY0002173,ORD0002173,2026-02-08T02:54:46Z,bank_transfer,success,14412.36,SGD
PAY0002174,ORD0002174,2026-05-16T02:03:49Z,card,success,5006.8,SGD
PAY0002175,ORD0002175,2026-03-20T09:42:07Z,card,refunded,11510.34,SGD
PAY0002176,ORD0002176,2026-03-20T02:00:07Z,bank_transfer,failed,5301.76,SGD
PAY0002177,ORD0002177,2026-01-08T07:49:07Z,paypal,success,5445.09,SGD
PAY0002178,ORD0002178,2026-05-08T04:51:28Z,paypal,success,4422.78,SGD
PAY0002179,ORD0002179,2026-01-15T17:07:30Z,paypal,success,4563.68,SGD
PAY0002180,ORD0002180,2026-02-14T07:39:27Z,card,refunded,4165.57,SGD
PAY0002181,ORD0002181,2026-02-11T16:29:06Z,card,success,6242.44,SGD
PAY0002182,ORD0002182,2026-02-25T01:41:43Z,paypal,success,8043.61,SGD
PAY0002183,ORD0002183,2026-03-28T00:29:02Z,card,success,3472.52,SGD
PAY0002184,ORD0002184,2026-02-07T13:16:03Z,bank_transfer,success,10444.29,SGD
PAY0002185,ORD0002185,2026-03-30T04:24:26Z,card,refunded,17793.75,SGD
PAY0002186,ORD0002186,2026-02-15T02:42:49Z,card,success,8088.34,SGD
PAY0002187,ORD0002187,2026-04-05T19:00:47Z,card,pending,8783.07,SGD
PAY0002188,ORD0002188,2026-02-28T06:54:59Z,card,success,10644.37,SGD
PAY0002189,ORD0002189,2026-03-27T18:13:08Z,bank_transfer,success,8759.17,SGD
PAY0002190,ORD0002190,2026-05-04T02:05:37Z,card,success,15135.61,SGD
PAY0002191,ORD0002191,2026-04-03T05:09:35Z,card,success,9219.75,SGD
PAY0002192,ORD0002192,2026-05-02T11:34:32Z,wallet,success,2241.18,SGD
PAY0002193,ORD0002193,2026-03-25T09:58:29Z,wallet,success,21511.5,SGD
PAY0002194,ORD0002194,2026-04-29T04:59:08Z,card,success,2123.32,SGD
PAY0002195,ORD0002195,2026-04-08T03:07:09Z,card,success,6515.64,SGD
PAY0002196,ORD0002196,2026-01-06T17:53:26Z,bank_transfer,success,641.69,SGD
PAY0002197,ORD0002197,2026-04-02T13:39:26Z,paypal,success,2600.46,SGD
PAY0002198,ORD0002198,2026-04-04T14:56:34Z,card,refunded,1136.49,SGD
PAY0002199,ORD0002199,2026-02-10T11:08:48Z,card,success,3315.86,SGD
PAY0002200,ORD0002200,2026-03-27T20:27:11Z,wallet,success,3128.1,SGD
PAY0002201,ORD0002201,2026-05-17T10:45:58Z,bank_transfer,success,4269.5,SGD
PAY0002202,ORD0002202,2026-02-11T19:50:06Z,card,refunded,15903.81,SGD
PAY0002203,ORD0002203,2026-05-01T13:00:31Z,bank_transfer,success,11806.85,SGD
PAY0002204,ORD0002204,2026-01-21T09:16:21Z,wallet,refunded,3388.92,SGD
PAY0002205,ORD0002205,2026-03-19T22:31:10Z,card,success,4508.26,SGD
PAY0002206,ORD0002206,2026-02-13T23:26:00Z,paypal,success,6643.51,SGD
PAY0002207,ORD0002207,2026-05-14T04:18:57Z,bank_transfer,success,14840.83,SGD
PAY0002208,ORD0002208,2026-04-27T14:36:41Z,card,success,502.46,SGD
PAY0002209,ORD0002209,2026-03-19T19:58:48Z,card,success,11215.83,SGD
PAY0002210,ORD0002210,2026-03-02T12:33:50Z,bank_transfer,refunded,7031.07,SGD
PAY0002211,ORD0002211,2026-03-22T23:35:54Z,wallet,success,15200.41,SGD
PAY0002212,ORD0002212,2026-02-09T00:41:02Z,bank_transfer,success,10057.35,SGD
PAY0002213,ORD0002213,2026-04-03T21:10:58Z,bank_transfer,failed,3926.37,SGD
PAY0002214,ORD0002214,2026-01-16T12:43:10Z,paypal,success,12283.48,SGD
PAY0002215,ORD0002215,2026-01-04T04:38:30Z,card,success,5081.68,SGD
PAY0002216,ORD0002216,2026-01-18T20:54:26Z,paypal,success,8682.04,SGD
PAY0002217,ORD0002217,2026-05-16T09:58:21Z,bank_transfer,success,12106.89,SGD
PAY0002218,ORD0002218,2026-01-16T12:00:14Z,wallet,success,8027.35,SGD
PAY0002219,ORD0002219,2026-03-09T17:13:01Z,card,success,1957.68,SGD
PAY0002220,ORD0002220,2026-03-06T09:28:04Z,card,success,15489.14,SGD
PAY0002221,ORD0002221,2026-02-02T12:43:17Z,paypal,success,9221.42,SGD
PAY0002222,ORD0002222,2026-01-28T00:06:50Z,bank_transfer,success,5789.99,SGD
PAY0002223,ORD0002223,2026-04-13T03:02:40Z,card,success,6993.69,SGD
PAY0002224,ORD0002224,2026-05-03T03:07:20Z,card,success,9210.5,SGD
PAY0002225,ORD0002225,2026-01-29T07:08:10Z,bank_transfer,success,7129.67,SGD
PAY0002226,ORD0002226,2026-03-13T07:11:59Z,wallet,success,8810.83,SGD
PAY0002227,ORD0002227,2026-02-13T06:11:33Z,card,success,8431.82,SGD
PAY0002228,ORD0002228,2026-01-02T00:04:30Z,bank_transfer,success,11984.64,SGD
PAY0002229,ORD0002229,2026-04-02T14:30:20Z,paypal,pending,6971.39,SGD
PAY0002230,ORD0002230,2026-02-14T14:35:04Z,card,success,14932.61,SGD
PAY0002231,ORD0002231,2026-02-07T10:45:11Z,paypal,success,15682.32,SGD
PAY0002232,ORD0002232,2026-03-14T11:40:32Z,wallet,success,3433.72,SGD
PAY0002233,ORD0002233,2026-03-03T22:25:37Z,wallet,success,9548.07,SGD
PAY0002234,ORD0002234,2026-03-26T20:48:45Z,wallet,success,3843.66,SGD
PAY0002235,ORD0002235,2026-04-06T01:54:11Z,bank_transfer,success,2121.18,SGD
PAY0002236,ORD0002236,2026-04-15T23:08:36Z,wallet,success,3286.1,SGD
PAY0002237,ORD0002237,2026-05-19T08:20:07Z,card,success,8427.18,SGD
PAY0002238,ORD0002238,2026-04-10T03:42:56Z,bank_transfer,success,8526.78,SGD
PAY0002239,ORD0002239,2026-01-08T03:07:42Z,wallet,success,4991.76,SGD
PAY0002240,ORD0002240,2026-03-16T22:10:51Z,bank_transfer,success,7953.39,SGD
PAY0002241,ORD0002241,2026-04-24T16:13:58Z,wallet,success,12964.74,SGD
PAY0002242,ORD0002242,2026-02-16T13:16:15Z,bank_transfer,success,10662.63,SGD
PAY0002243,ORD0002243,2026-04-22T04:24:56Z,bank_transfer,success,4408.86,SGD
PAY0002244,ORD0002244,2026-03-23T10:49:22Z,wallet,refunded,10736.62,SGD
PAY0002245,ORD0002245,2026-03-15T06:29:09Z,card,success,3280.38,SGD
PAY0002246,ORD0002246,2026-03-29T20:56:25Z,paypal,success,2809.99,SGD
PAY0002247,ORD0002247,2026-02-13T06:20:14Z,wallet,success,8421.81,SGD
PAY0002248,ORD0002248,2026-05-21T09:36:33Z,paypal,success,13574.36,SGD
PAY0002249,ORD0002249,2026-01-02T20:31:36Z,bank_transfer,success,9912.49,SGD
PAY0002250,ORD0002250,2026-01-01T22:18:04Z,paypal,success,3274.95,SGD
PAY0002251,ORD0002251,2026-03-19T09:36:25Z,bank_transfer,refunded,5545.32,SGD
PAY0002252,ORD0002252,2026-04-24T14:25:24Z,bank_transfer,success,5970.0,SGD
PAY0002253,ORD0002253,2026-02-11T09:55:44Z,paypal,success,3184.65,SGD
PAY0002254,ORD0002254,2026-02-13T04:08:07Z,wallet,success,7272.96,SGD
PAY0002255,ORD0002255,2026-01-28T04:12:54Z,card,success,11079.45,SGD
PAY0002256,ORD0002256,2026-01-31T12:23:11Z,paypal,success,6576.47,SGD
PAY0002257,ORD0002257,2026-01-24T03:38:17Z,paypal,success,3068.76,SGD
PAY0002258,ORD0002258,2026-01-02T00:03:18Z,wallet,success,2299.97,SGD
PAY0002259,ORD0002259,2026-01-31T12:16:01Z,wallet,refunded,7122.06,SGD
PAY0002260,ORD0002260,2026-02-05T23:03:48Z,card,success,420.19,SGD
PAY0002261,ORD0002261,2026-04-23T00:08:17Z,wallet,success,7043.38,SGD
PAY0002262,ORD0002262,2026-04-28T05:48:32Z,paypal,success,5455.68,SGD
PAY0002263,ORD0002263,2026-01-20T08:01:14Z,card,success,6151.93,SGD
PAY0002264,ORD0002264,2026-04-06T15:50:19Z,wallet,success,15009.6,SGD
PAY0002265,ORD0002265,2026-01-01T02:37:33Z,wallet,success,2731.23,SGD
PAY0002266,ORD0002266,2026-04-14T19:52:56Z,paypal,success,5219.09,SGD
PAY0002267,ORD0002267,2026-05-24T18:45:10Z,paypal,success,12435.3,SGD
PAY0002268,ORD0002268,2026-03-23T18:03:53Z,card,success,12442.28,SGD
PAY0002269,ORD0002269,2026-04-22T18:17:05Z,paypal,success,12431.45,SGD
PAY0002270,ORD0002270,2026-01-26T15:53:34Z,wallet,success,2406.49,SGD
PAY0002271,ORD0002271,2026-03-17T02:23:14Z,bank_transfer,refunded,6586.84,SGD
PAY0002272,ORD0002272,2026-03-11T02:20:55Z,card,success,2091.8,SGD
PAY0002273,ORD0002273,2026-04-10T14:04:23Z,card,success,7627.16,SGD
PAY0002274,ORD0002274,2026-02-17T14:50:33Z,wallet,success,18091.53,SGD
PAY0002275,ORD0002275,2026-05-16T10:18:48Z,wallet,success,7982.16,SGD
PAY0002276,ORD0002276,2026-04-30T00:30:59Z,bank_transfer,success,7589.58,SGD
PAY0002277,ORD0002277,2026-04-18T14:26:06Z,card,success,9683.01,SGD
PAY0002278,ORD0002278,2026-02-23T09:56:06Z,wallet,pending,3280.38,SGD
PAY0002279,ORD0002279,2026-02-26T21:22:11Z,card,success,7702.09,SGD
PAY0002280,ORD0002280,2026-02-18T09:53:28Z,bank_transfer,failed,13658.58,SGD
PAY0002281,ORD0002281,2026-03-27T18:07:44Z,paypal,pending,2897.05,SGD
PAY0002282,ORD0002282,2026-01-24T09:40:09Z,bank_transfer,success,7293.85,SGD
PAY0002283,ORD0002283,2026-03-16T11:16:14Z,paypal,success,6375.39,SGD
PAY0002284,ORD0002284,2026-04-06T14:01:18Z,paypal,success,15741.86,SGD
PAY0002285,ORD0002285,2026-01-27T23:19:39Z,card,success,2022.38,SGD
PAY0002286,ORD0002286,2026-01-01T21:44:02Z,card,success,6165.54,SGD
PAY0002287,ORD0002287,2026-03-09T00:50:55Z,bank_transfer,success,13444.59,SGD
PAY0002288,ORD0002288,2026-04-29T16:41:57Z,bank_transfer,failed,3091.79,SGD
PAY0002289,ORD0002289,2026-02-17T05:43:03Z,card,success,11632.45,SGD
PAY0002290,ORD0002290,2026-03-18T15:33:13Z,card,refunded,8877.95,SGD
PAY0002291,ORD0002291,2026-04-12T01:18:03Z,card,failed,405.68,SGD
PAY0002292,ORD0002292,2026-01-10T14:09:17Z,paypal,failed,4253.17,SGD
PAY0002293,ORD0002293,2026-04-22T22:51:11Z,wallet,success,850.13,SGD
PAY0002294,ORD0002294,2026-05-21T14:26:01Z,paypal,success,134.73,SGD
PAY0002295,ORD0002295,2026-05-12T13:29:48Z,card,success,14754.31,SGD
PAY0002296,ORD0002296,2026-02-06T12:51:54Z,wallet,success,5635.73,SGD
PAY0002297,ORD0002297,2026-01-22T02:14:37Z,wallet,success,9708.9,SGD
PAY0002298,ORD0002298,2026-01-10T12:31:59Z,card,success,16721.29,SGD
PAY0002299,ORD0002299,2026-01-12T22:33:42Z,wallet,refunded,3816.22,SGD
PAY0002300,ORD0002300,2026-05-14T12:03:05Z,wallet,success,8150.33,SGD
PAY0002301,ORD0002301,2026-03-02T06:44:34Z,bank_transfer,pending,6164.29,SGD
PAY0002302,ORD0002302,2026-03-20T08:24:17Z,paypal,success,5786.45,SGD
PAY0002303,ORD0002303,2026-04-29T03:14:36Z,wallet,success,2053.59,SGD
PAY0002304,ORD0002304,2026-05-17T06:40:01Z,paypal,success,10399.35,SGD
PAY0002305,ORD0002305,2026-03-16T20:38:05Z,wallet,success,7092.75,SGD
PAY0002306,ORD0002306,2026-04-03T13:27:22Z,card,success,6093.74,SGD
PAY0002307,ORD0002307,2026-03-09T13:58:38Z,paypal,refunded,11890.76,SGD
PAY0002308,ORD0002308,2026-04-23T09:40:00Z,card,success,11066.31,SGD
PAY0002309,ORD0002309,2026-04-19T17:10:46Z,wallet,success,1332.98,SGD
PAY0002310,ORD0002310,2026-03-24T15:56:45Z,bank_transfer,pending,4533.41,SGD
PAY0002311,ORD0002311,2026-04-04T01:31:16Z,card,refunded,12106.41,SGD
PAY0002312,ORD0002312,2026-03-04T04:26:21Z,paypal,success,10090.04,SGD
PAY0002313,ORD0002313,2026-05-21T06:51:41Z,card,success,7794.1,SGD
PAY0002314,ORD0002314,2026-04-08T08:22:12Z,paypal,success,1958.22,SGD
PAY0002315,ORD0002315,2026-01-01T06:48:39Z,bank_transfer,success,3242.36,SGD
PAY0002316,ORD0002316,2026-01-10T07:58:44Z,card,success,10640.53,SGD
PAY0002317,ORD0002317,2026-05-24T11:53:03Z,card,failed,12530.24,SGD
PAY0002318,ORD0002318,2026-03-15T02:28:38Z,wallet,success,13367.74,SGD
PAY0002319,ORD0002319,2026-02-15T14:58:58Z,wallet,success,5130.45,SGD
PAY0002320,ORD0002320,2026-02-24T16:42:47Z,paypal,success,9743.03,SGD
PAY0002321,ORD0002321,2026-01-15T19:54:01Z,wallet,success,5809.58,SGD
PAY0002322,ORD0002322,2026-05-11T11:56:14Z,paypal,success,11876.97,SGD
PAY0002323,ORD0002323,2026-05-17T08:49:06Z,paypal,success,863.22,SGD
PAY0002324,ORD0002324,2026-01-02T18:25:21Z,card,success,13253.43,SGD
PAY0002325,ORD0002325,2026-03-30T13:15:57Z,paypal,pending,5714.78,SGD
PAY0002326,ORD0002326,2026-04-06T13:13:13Z,card,success,12141.56,SGD
PAY0002327,ORD0002327,2026-03-17T05:17:43Z,wallet,success,1895.37,SGD
PAY0002328,ORD0002328,2026-01-27T23:33:51Z,wallet,failed,9483.79,SGD
PAY0002329,ORD0002329,2026-04-26T02:03:36Z,card,success,7029.29,SGD
PAY0002330,ORD0002330,2026-04-17T02:14:50Z,bank_transfer,success,3943.84,SGD
PAY0002331,ORD0002331,2026-01-04T11:06:24Z,card,success,295.59,SGD
PAY0002332,ORD0002332,2026-02-10T12:28:51Z,card,success,15157.89,SGD
PAY0002333,ORD0002333,2026-03-23T18:51:36Z,card,success,7965.48,SGD
PAY0002334,ORD0002334,2026-01-12T08:02:22Z,paypal,success,295.59,SGD
PAY0002335,ORD0002335,2026-04-18T10:53:24Z,wallet,success,10656.2,SGD
PAY0002336,ORD0002336,2026-03-07T02:39:33Z,wallet,success,15765.67,SGD
PAY0002337,ORD0002337,2026-03-24T12:10:02Z,bank_transfer,success,6981.92,SGD
PAY0002338,ORD0002338,2026-01-17T00:32:00Z,paypal,success,9674.84,SGD
PAY0002339,ORD0002339,2026-03-31T02:32:39Z,bank_transfer,success,8110.68,SGD
PAY0002340,ORD0002340,2026-03-09T18:49:57Z,paypal,success,18769.93,SGD
PAY0002341,ORD0002341,2026-01-19T10:52:06Z,bank_transfer,success,14964.05,SGD
PAY0002342,ORD0002342,2026-01-06T15:36:55Z,wallet,success,1739.22,SGD
PAY0002343,ORD0002343,2026-04-07T04:38:01Z,bank_transfer,refunded,5635.13,SGD
PAY0002344,ORD0002344,2026-01-18T01:39:30Z,paypal,success,5846.18,SGD
PAY0002345,ORD0002345,2026-03-28T06:18:21Z,bank_transfer,success,18339.47,SGD
PAY0002346,ORD0002346,2026-02-06T09:06:03Z,wallet,success,6649.75,SGD
PAY0002347,ORD0002347,2026-03-04T20:22:38Z,bank_transfer,success,7919.94,SGD
PAY0002348,ORD0002348,2026-04-19T05:31:42Z,bank_transfer,success,5856.23,SGD
PAY0002349,ORD0002349,2026-01-14T14:36:18Z,paypal,success,15572.64,SGD
PAY0002350,ORD0002350,2026-03-25T07:03:49Z,paypal,success,284.16,SGD
PAY0002351,ORD0002351,2026-04-28T05:04:10Z,card,success,9266.21,SGD
PAY0002352,ORD0002352,2026-05-05T04:16:44Z,bank_transfer,success,2036.55,SGD
PAY0002353,ORD0002353,2026-02-08T03:16:03Z,bank_transfer,success,6673.35,SGD
PAY0002354,ORD0002354,2026-01-03T15:19:57Z,card,success,15188.12,SGD
PAY0002355,ORD0002355,2026-02-05T05:21:28Z,bank_transfer,success,5531.38,SGD
PAY0002356,ORD0002356,2026-02-02T17:07:38Z,wallet,success,1925.07,SGD
PAY0002357,ORD0002357,2026-02-20T19:38:48Z,card,success,4837.07,SGD
PAY0002358,ORD0002358,2026-05-23T16:48:33Z,bank_transfer,success,5538.73,SGD
PAY0002359,ORD0002359,2026-03-17T22:47:25Z,card,success,11358.69,SGD
PAY0002360,ORD0002360,2026-05-06T11:27:15Z,card,success,10944.5,SGD
PAY0002361,ORD0002361,2026-04-17T16:09:59Z,wallet,success,20191.7,SGD
PAY0002362,ORD0002362,2026-03-10T14:32:31Z,bank_transfer,success,16067.53,SGD
PAY0002363,ORD0002363,2026-05-09T17:52:57Z,bank_transfer,failed,4342.82,SGD
PAY0002364,ORD0002364,2026-04-29T12:04:51Z,bank_transfer,failed,1424.3,SGD
PAY0002365,ORD0002365,2026-05-15T03:22:15Z,wallet,success,10530.98,SGD
PAY0002366,ORD0002366,2026-02-22T07:29:58Z,paypal,success,10863.62,SGD
PAY0002367,ORD0002367,2026-01-09T20:58:36Z,paypal,success,18106.49,SGD
PAY0002368,ORD0002368,2026-05-03T04:41:13Z,paypal,success,948.0,SGD
PAY0002369,ORD0002369,2026-01-27T18:23:44Z,paypal,success,10229.16,SGD
PAY0002370,ORD0002370,2026-05-08T20:09:34Z,wallet,success,13356.85,SGD
PAY0002371,ORD0002371,2026-02-13T11:11:09Z,bank_transfer,pending,12195.96,SGD
PAY0002372,ORD0002372,2026-02-02T11:31:11Z,paypal,refunded,9887.35,SGD
PAY0002373,ORD0002373,2026-02-05T14:23:27Z,bank_transfer,success,4755.24,SGD
PAY0002374,ORD0002374,2026-05-19T21:43:59Z,wallet,pending,4221.41,SGD
PAY0002375,ORD0002375,2026-04-28T05:24:45Z,card,pending,1359.89,SGD
PAY0002376,ORD0002376,2026-05-10T06:09:40Z,paypal,success,11179.07,SGD
PAY0002377,ORD0002377,2026-03-23T04:24:26Z,paypal,failed,12277.41,SGD
PAY0002378,ORD0002378,2026-01-28T07:15:54Z,card,success,11356.14,SGD
PAY0002379,ORD0002379,2026-01-20T18:28:28Z,bank_transfer,success,11284.52,SGD
PAY0002380,ORD0002380,2026-05-01T16:16:10Z,paypal,success,4319.5,SGD
PAY0002381,ORD0002381,2026-01-15T07:58:00Z,bank_transfer,failed,17627.96,SGD
PAY0002382,ORD0002382,2026-01-25T08:20:28Z,paypal,failed,7014.93,SGD
PAY0002383,ORD0002383,2026-04-08T12:24:15Z,paypal,success,1140.14,SGD
PAY0002384,ORD0002384,2026-03-13T18:31:01Z,paypal,failed,4752.77,SGD
PAY0002385,ORD0002385,2026-02-04T03:43:27Z,card,pending,5125.46,SGD
PAY0002386,ORD0002386,2026-03-15T13:07:19Z,wallet,success,813.55,SGD
PAY0002387,ORD0002387,2026-01-05T17:38:58Z,bank_transfer,success,14933.01,SGD
PAY0002388,ORD0002388,2026-03-26T15:55:30Z,card,refunded,7506.2,SGD
PAY0002389,ORD0002389,2026-01-24T01:30:34Z,bank_transfer,success,732.09,SGD
PAY0002390,ORD0002390,2026-05-11T18:02:25Z,wallet,success,7518.92,SGD
PAY0002391,ORD0002391,2026-01-11T10:12:42Z,bank_transfer,pending,11307.42,SGD
PAY0002392,ORD0002392,2026-03-04T14:15:16Z,wallet,success,3037.18,SGD
PAY0002393,ORD0002393,2026-01-27T15:46:31Z,wallet,refunded,11515.9,SGD
PAY0002394,ORD0002394,2026-02-08T04:09:28Z,card,success,2879.25,SGD
PAY0002395,ORD0002395,2026-04-12T04:29:18Z,paypal,success,16328.55,SGD
PAY0002396,ORD0002396,2026-03-19T17:00:24Z,card,pending,6858.85,SGD
PAY0002397,ORD0002397,2026-03-21T06:56:22Z,wallet,success,13555.5,SGD
PAY0002398,ORD0002398,2026-04-09T01:53:03Z,bank_transfer,success,652.56,SGD
PAY0002399,ORD0002399,2026-02-03T12:13:58Z,paypal,success,1294.84,SGD
PAY0002400,ORD0002400,2026-03-14T21:26:38Z,bank_transfer,success,4408.86,SGD
PAY0002401,ORD0002401,2026-02-15T15:50:44Z,wallet,pending,17648.76,SGD
PAY0002402,ORD0002402,2026-01-24T15:52:12Z,card,success,18700.2,SGD
PAY0002403,ORD0002403,2026-05-24T08:53:52Z,paypal,success,17249.62,SGD
PAY0002404,ORD0002404,2026-01-05T13:25:56Z,card,success,10663.17,SGD
PAY0002405,ORD0002405,2026-04-03T01:59:01Z,wallet,success,10864.99,SGD
PAY0002406,ORD0002406,2026-02-05T01:35:28Z,card,success,15560.09,SGD
PAY0002407,ORD0002407,2026-02-20T10:08:07Z,wallet,success,10336.48,SGD
PAY0002408,ORD0002408,2026-03-25T02:09:39Z,bank_transfer,refunded,593.1,SGD
PAY0002409,ORD0002409,2026-05-12T06:05:42Z,card,success,12415.28,SGD
PAY0002410,ORD0002410,2026-03-27T13:28:05Z,card,refunded,6348.94,SGD
PAY0002411,ORD0002411,2026-04-16T19:23:00Z,paypal,success,14931.17,SGD
PAY0002412,ORD0002412,2026-03-15T23:29:00Z,paypal,success,10385.81,SGD
PAY0002413,ORD0002413,2026-02-27T17:09:11Z,card,refunded,502.46,SGD
PAY0002414,ORD0002414,2026-02-27T21:44:02Z,paypal,success,1531.42,SGD
PAY0002415,ORD0002415,2026-04-27T17:58:07Z,card,refunded,15255.35,SGD
PAY0002416,ORD0002416,2026-04-10T04:30:00Z,paypal,success,1843.1,SGD
PAY0002417,ORD0002417,2026-01-06T12:00:09Z,bank_transfer,success,12074.48,SGD
PAY0002418,ORD0002418,2026-02-05T04:49:12Z,bank_transfer,success,7109.9,SGD
PAY0002419,ORD0002419,2026-01-12T05:31:24Z,card,pending,5923.07,SGD
PAY0002420,ORD0002420,2026-01-19T08:01:49Z,bank_transfer,success,12640.49,SGD
PAY0002421,ORD0002421,2026-05-16T07:40:01Z,bank_transfer,pending,11117.23,SGD
PAY0002422,ORD0002422,2026-04-22T23:44:22Z,wallet,success,11653.3,SGD
PAY0002423,ORD0002423,2026-04-06T05:16:54Z,paypal,success,5282.88,SGD
PAY0002424,ORD0002424,2026-03-11T03:03:45Z,paypal,failed,2998.47,SGD
PAY0002425,ORD0002425,2026-01-02T21:01:06Z,card,success,2056.02,SGD
PAY0002426,ORD0002426,2026-02-17T06:27:44Z,wallet,success,15145.34,SGD
PAY0002427,ORD0002427,2026-03-23T07:06:44Z,card,refunded,7879.18,SGD
PAY0002428,ORD0002428,2026-05-14T22:26:41Z,wallet,success,12790.32,SGD
PAY0002429,ORD0002429,2026-01-15T22:20:32Z,bank_transfer,success,3618.62,SGD
PAY0002430,ORD0002430,2026-01-24T11:20:50Z,wallet,success,4211.7,SGD
PAY0002431,ORD0002431,2026-04-23T07:48:09Z,paypal,success,1752.15,SGD
PAY0002432,ORD0002432,2026-04-03T12:30:13Z,bank_transfer,success,5299.73,SGD
PAY0002433,ORD0002433,2026-02-13T16:37:40Z,bank_transfer,success,3207.91,SGD
PAY0002434,ORD0002434,2026-05-03T19:41:53Z,card,success,1635.34,SGD
PAY0002435,ORD0002435,2026-04-27T13:40:46Z,card,success,4141.56,SGD
PAY0002436,ORD0002436,2026-04-06T21:38:16Z,wallet,success,7589.73,SGD
PAY0002437,ORD0002437,2026-05-16T06:28:24Z,card,pending,8383.0,SGD
PAY0002438,ORD0002438,2026-02-15T09:51:24Z,card,success,4576.0,SGD
PAY0002439,ORD0002439,2026-03-19T17:14:07Z,wallet,failed,7480.34,SGD
PAY0002440,ORD0002440,2026-04-23T13:15:34Z,bank_transfer,pending,13605.98,SGD
PAY0002441,ORD0002441,2026-01-21T21:36:15Z,wallet,success,11116.24,SGD
PAY0002442,ORD0002442,2026-02-10T01:18:30Z,paypal,success,12540.35,SGD
PAY0002443,ORD0002443,2026-01-03T06:10:11Z,bank_transfer,refunded,7900.16,SGD
PAY0002444,ORD0002444,2026-05-14T16:09:20Z,card,failed,13810.71,SGD
PAY0002445,ORD0002445,2026-04-16T18:06:11Z,paypal,success,5450.06,SGD
PAY0002446,ORD0002446,2026-05-15T14:22:25Z,paypal,refunded,5911.54,SGD
PAY0002447,ORD0002447,2026-03-10T04:15:08Z,card,pending,7404.24,SGD
PAY0002448,ORD0002448,2026-01-13T16:48:26Z,wallet,success,6031.5,SGD
PAY0002449,ORD0002449,2026-02-07T09:49:36Z,paypal,refunded,886.72,SGD
PAY0002450,ORD0002450,2026-03-05T02:22:17Z,wallet,success,10606.24,SGD
PAY0002451,ORD0002451,2026-02-21T21:25:31Z,wallet,success,12169.15,SGD
PAY0002452,ORD0002452,2026-02-03T15:54:32Z,wallet,success,14827.77,SGD
PAY0002453,ORD0002453,2026-05-12T11:10:02Z,bank_transfer,success,13374.58,SGD
PAY0002454,ORD0002454,2026-02-06T12:07:27Z,card,success,15787.24,SGD
PAY0002455,ORD0002455,2026-04-02T20:17:40Z,card,success,5024.97,SGD
PAY0002456,ORD0002456,2026-01-08T06:51:56Z,paypal,success,11058.32,SGD
PAY0002457,ORD0002457,2026-03-06T01:31:13Z,paypal,success,2071.1,SGD
PAY0002458,ORD0002458,2026-03-09T11:10:59Z,bank_transfer,success,13523.94,SGD
PAY0002459,ORD0002459,2026-03-05T10:51:29Z,paypal,success,7783.54,SGD
PAY0002460,ORD0002460,2026-04-17T18:07:46Z,paypal,pending,3202.11,SGD
PAY0002461,ORD0002461,2026-04-09T20:20:17Z,paypal,success,2308.74,SGD
PAY0002462,ORD0002462,2026-03-15T07:22:17Z,wallet,success,12730.01,SGD
PAY0002463,ORD0002463,2026-05-16T23:43:30Z,card,failed,6132.66,SGD
PAY0002464,ORD0002464,2026-03-27T13:25:55Z,wallet,success,1643.05,SGD
PAY0002465,ORD0002465,2026-05-20T01:55:57Z,wallet,refunded,1797.92,SGD
PAY0002466,ORD0002466,2026-03-25T22:56:44Z,wallet,success,8665.63,SGD
PAY0002467,ORD0002467,2026-01-19T15:59:42Z,bank_transfer,success,10034.06,SGD
PAY0002468,ORD0002468,2026-03-13T10:53:44Z,bank_transfer,success,10583.94,SGD
PAY0002469,ORD0002469,2026-05-18T09:38:01Z,bank_transfer,success,3294.21,SGD
PAY0002470,ORD0002470,2026-02-04T15:07:46Z,wallet,pending,9010.01,SGD
PAY0002471,ORD0002471,2026-01-26T07:46:28Z,paypal,success,666.49,SGD
PAY0002472,ORD0002472,2026-02-03T12:20:49Z,paypal,failed,11398.95,SGD
PAY0002473,ORD0002473,2026-03-21T03:25:27Z,wallet,success,2252.9,SGD
PAY0002474,ORD0002474,2026-01-04T17:42:29Z,wallet,success,818.24,SGD
PAY0002475,ORD0002475,2026-04-17T17:31:26Z,card,success,7552.94,SGD
PAY0002476,ORD0002476,2026-05-18T13:07:45Z,bank_transfer,success,6129.34,SGD
PAY0002477,ORD0002477,2026-02-07T17:47:03Z,paypal,success,12021.44,SGD
PAY0002478,ORD0002478,2026-05-24T11:58:20Z,wallet,success,8499.28,SGD
PAY0002479,ORD0002479,2026-02-13T04:37:39Z,paypal,success,4061.89,SGD
PAY0002480,ORD0002480,2026-03-28T18:14:37Z,bank_transfer,success,6341.87,SGD
PAY0002481,ORD0002481,2026-03-18T06:26:42Z,paypal,refunded,9164.27,SGD
PAY0002482,ORD0002482,2026-02-22T23:55:40Z,bank_transfer,pending,4820.24,SGD
PAY0002483,ORD0002483,2026-02-06T23:43:03Z,wallet,failed,4803.7,SGD
PAY0002484,ORD0002484,2026-02-21T12:09:04Z,wallet,success,501.62,SGD
PAY0002485,ORD0002485,2026-04-26T21:30:46Z,bank_transfer,success,8698.71,SGD
PAY0002486,ORD0002486,2026-05-01T19:04:05Z,bank_transfer,refunded,6045.39,SGD
PAY0002487,ORD0002487,2026-01-07T13:59:28Z,paypal,refunded,8445.64,SGD
PAY0002488,ORD0002488,2026-02-17T11:02:48Z,wallet,pending,4895.55,SGD
PAY0002489,ORD0002489,2026-05-12T11:11:30Z,wallet,success,11651.91,SGD
PAY0002490,ORD0002490,2026-01-12T15:51:38Z,bank_transfer,failed,8153.23,SGD
PAY0002491,ORD0002491,2026-04-27T14:13:07Z,paypal,success,10348.99,SGD
PAY0002492,ORD0002492,2026-02-11T18:53:32Z,bank_transfer,refunded,10145.39,SGD
PAY0002493,ORD0002493,2026-05-05T21:38:01Z,paypal,failed,11795.82,SGD
PAY0002494,ORD0002494,2026-05-07T10:36:24Z,bank_transfer,success,13417.14,SGD
PAY0002495,ORD0002495,2026-04-13T06:54:06Z,paypal,failed,11606.52,SGD
PAY0002496,ORD0002496,2026-03-24T04:10:06Z,paypal,success,2329.96,SGD
PAY0002497,ORD0002497,2026-04-14T23:03:12Z,bank_transfer,pending,2585.87,SGD
PAY0002498,ORD0002498,2026-01-18T05:10:31Z,bank_transfer,refunded,7309.82,SGD
PAY0002499,ORD0002499,2026-03-30T02:52:54Z,paypal,success,8882.06,SGD
PAY0002500,ORD0002500,2026-01-04T07:14:01Z,wallet,success,5317.25,SGD
PAY0002501,ORD0002501,2026-04-15T09:23:44Z,paypal,success,4699.25,SGD
PAY0002502,ORD0002502,2026-04-09T04:46:09Z,wallet,success,8981.63,SGD
PAY0002503,ORD0002503,2026-03-23T07:18:23Z,wallet,success,16165.51,SGD
PAY0002504,ORD0002504,2026-05-01T22:56:33Z,card,success,2605.41,SGD
PAY0002505,ORD0002505,2026-02-03T04:37:41Z,bank_transfer,success,9359.98,SGD
PAY0002506,ORD0002506,2026-01-19T22:31:22Z,wallet,success,3706.61,SGD
PAY0002507,ORD0002507,2026-01-11T19:54:20Z,paypal,failed,12541.99,SGD
PAY0002508,ORD0002508,2026-04-01T00:42:56Z,card,success,5669.37,SGD
PAY0002509,ORD0002509,2026-04-11T01:39:21Z,paypal,success,5028.63,SGD
PAY0002510,ORD0002510,2026-03-20T01:07:10Z,paypal,success,6113.83,SGD
PAY0002511,ORD0002511,2026-01-11T11:36:10Z,card,success,5237.72,SGD
PAY0002512,ORD0002512,2026-01-18T03:48:51Z,paypal,refunded,2926.74,SGD
PAY0002513,ORD0002513,2026-04-30T05:49:03Z,wallet,success,7855.74,SGD
PAY0002514,ORD0002514,2026-03-01T07:35:31Z,paypal,success,12663.58,SGD
PAY0002515,ORD0002515,2026-04-30T05:07:46Z,paypal,pending,8963.2,SGD
PAY0002516,ORD0002516,2026-03-23T10:49:02Z,wallet,success,10268.68,SGD
PAY0002517,ORD0002517,2026-05-09T23:44:51Z,wallet,success,6913.31,SGD
PAY0002518,ORD0002518,2026-05-14T09:51:03Z,bank_transfer,success,15793.73,SGD
PAY0002519,ORD0002519,2026-04-13T18:51:58Z,bank_transfer,success,2789.64,SGD
PAY0002520,ORD0002520,2026-05-09T13:54:14Z,bank_transfer,success,15482.01,SGD
PAY0002521,ORD0002521,2026-01-29T08:52:28Z,paypal,success,3138.24,SGD
PAY0002522,ORD0002522,2026-03-07T23:26:07Z,bank_transfer,failed,7892.51,SGD
PAY0002523,ORD0002523,2026-03-07T00:41:30Z,card,success,5692.32,SGD
PAY0002524,ORD0002524,2026-01-29T15:49:34Z,bank_transfer,refunded,12219.11,SGD
PAY0002525,ORD0002525,2026-02-28T08:22:58Z,wallet,success,6811.66,SGD
PAY0002526,ORD0002526,2026-01-17T04:50:09Z,bank_transfer,refunded,10490.69,SGD
PAY0002527,ORD0002527,2026-05-02T19:54:18Z,card,success,16943.32,SGD
PAY0002528,ORD0002528,2026-03-24T17:08:25Z,bank_transfer,success,11136.83,SGD
PAY0002529,ORD0002529,2026-04-25T21:42:15Z,bank_transfer,success,6501.15,SGD
PAY0002530,ORD0002530,2026-02-24T07:50:42Z,paypal,success,16466.58,SGD
PAY0002531,ORD0002531,2026-05-21T00:45:52Z,bank_transfer,refunded,3957.21,SGD
PAY0002532,ORD0002532,2026-01-15T08:05:07Z,wallet,failed,4155.98,SGD
PAY0002533,ORD0002533,2026-03-12T07:06:05Z,wallet,success,4843.88,SGD
PAY0002534,ORD0002534,2026-02-11T19:53:08Z,wallet,success,3512.24,SGD
PAY0002535,ORD0002535,2026-05-22T20:27:46Z,paypal,refunded,13600.74,SGD
PAY0002536,ORD0002536,2026-03-06T11:48:03Z,wallet,success,8092.34,SGD
PAY0002537,ORD0002537,2026-01-31T20:39:45Z,bank_transfer,failed,2811.12,SGD
PAY0002538,ORD0002538,2026-03-14T13:51:48Z,wallet,success,3344.76,SGD
PAY0002539,ORD0002539,2026-05-22T08:05:48Z,bank_transfer,success,13980.94,SGD
PAY0002540,ORD0002540,2026-02-22T05:33:09Z,card,refunded,5231.04,SGD
PAY0002541,ORD0002541,2026-04-03T18:45:54Z,bank_transfer,success,9914.7,SGD
PAY0002542,ORD0002542,2026-04-15T09:38:38Z,card,pending,14842.55,SGD
PAY0002543,ORD0002543,2026-03-28T04:07:04Z,paypal,success,6871.5,SGD
PAY0002544,ORD0002544,2026-02-19T23:06:28Z,wallet,success,1930.86,SGD
PAY0002545,ORD0002545,2026-03-11T15:05:18Z,wallet,success,5355.41,SGD
PAY0002546,ORD0002546,2026-01-10T17:36:47Z,bank_transfer,failed,4695.21,SGD
PAY0002547,ORD0002547,2026-02-07T07:13:10Z,paypal,success,6025.86,SGD
PAY0002548,ORD0002548,2026-05-05T04:39:37Z,wallet,success,7493.39,SGD
PAY0002549,ORD0002549,2026-05-09T17:39:29Z,paypal,pending,7406.51,SGD
PAY0002550,ORD0002550,2026-05-08T04:38:13Z,bank_transfer,refunded,2680.11,SGD
PAY0002551,ORD0002551,2026-01-02T15:21:47Z,wallet,success,2438.28,SGD
PAY0002552,ORD0002552,2026-02-12T15:21:22Z,bank_transfer,failed,3100.46,SGD
PAY0002553,ORD0002553,2026-03-09T05:19:23Z,bank_transfer,success,5667.44,SGD
PAY0002554,ORD0002554,2026-04-30T10:54:38Z,bank_transfer,refunded,6526.7,SGD
PAY0002555,ORD0002555,2026-02-10T01:08:32Z,wallet,failed,6181.87,SGD
PAY0002556,ORD0002556,2026-03-28T08:42:31Z,card,pending,1331.91,SGD
PAY0002557,ORD0002557,2026-03-11T10:13:58Z,wallet,success,6407.67,SGD
PAY0002558,ORD0002558,2026-03-04T05:13:38Z,bank_transfer,success,3963.48,SGD
PAY0002559,ORD0002559,2026-04-28T23:47:33Z,paypal,success,10419.8,SGD
PAY0002560,ORD0002560,2026-04-04T07:50:52Z,bank_transfer,success,5443.47,SGD
PAY0002561,ORD0002561,2026-04-09T02:09:33Z,card,success,10380.24,SGD
PAY0002562,ORD0002562,2026-03-01T15:47:47Z,wallet,success,3710.13,SGD
PAY0002563,ORD0002563,2026-04-16T03:44:43Z,paypal,refunded,26232.83,SGD
PAY0002564,ORD0002564,2026-03-10T03:12:17Z,paypal,success,4686.03,SGD
PAY0002565,ORD0002565,2026-05-18T13:42:42Z,wallet,failed,15286.97,SGD
PAY0002566,ORD0002566,2026-03-21T19:00:43Z,paypal,success,4418.24,SGD
PAY0002567,ORD0002567,2026-03-20T16:13:31Z,card,refunded,3020.3,SGD
PAY0002568,ORD0002568,2026-01-25T08:29:33Z,wallet,success,142.72,SGD
PAY0002569,ORD0002569,2026-03-30T09:36:26Z,card,success,7880.2,SGD
PAY0002570,ORD0002570,2026-02-03T15:42:59Z,bank_transfer,success,2643.78,SGD
PAY0002571,ORD0002571,2026-05-23T01:32:24Z,paypal,pending,15808.47,SGD
PAY0002572,ORD0002572,2026-02-16T04:49:08Z,bank_transfer,success,12521.13,SGD
PAY0002573,ORD0002573,2026-04-05T18:07:31Z,bank_transfer,success,15600.41,SGD
PAY0002574,ORD0002574,2026-02-02T13:40:44Z,paypal,success,11811.0,SGD
PAY0002575,ORD0002575,2026-01-04T13:46:04Z,wallet,failed,2113.62,SGD
PAY0002576,ORD0002576,2026-05-20T02:38:49Z,paypal,success,9148.5,SGD
PAY0002577,ORD0002577,2026-02-26T12:53:29Z,card,success,4754.38,SGD
PAY0002578,ORD0002578,2026-03-20T04:54:20Z,paypal,success,913.45,SGD
PAY0002579,ORD0002579,2026-01-04T19:51:16Z,card,success,5603.73,SGD
PAY0002580,ORD0002580,2026-04-22T07:03:30Z,paypal,success,13364.73,SGD
PAY0002581,ORD0002581,2026-05-13T01:38:57Z,wallet,success,14169.23,SGD
PAY0002582,ORD0002582,2026-03-20T02:18:36Z,bank_transfer,success,9161.94,SGD
PAY0002583,ORD0002583,2026-05-11T21:37:01Z,wallet,success,18681.48,SGD
PAY0002584,ORD0002584,2026-02-11T12:26:36Z,paypal,success,7981.15,SGD
PAY0002585,ORD0002585,2026-04-01T21:34:59Z,wallet,success,8973.9,SGD
PAY0002586,ORD0002586,2026-05-11T15:09:51Z,bank_transfer,success,6144.73,SGD
PAY0002587,ORD0002587,2026-05-15T21:44:25Z,paypal,pending,18271.92,SGD
PAY0002588,ORD0002588,2026-05-03T03:33:28Z,wallet,success,5908.14,SGD
PAY0002589,ORD0002589,2026-05-10T23:46:34Z,paypal,success,4464.91,SGD
PAY0002590,ORD0002590,2026-04-09T09:16:00Z,bank_transfer,pending,9547.31,SGD
PAY0002591,ORD0002591,2026-02-21T06:55:57Z,wallet,refunded,1483.82,SGD
PAY0002592,ORD0002592,2026-05-05T16:12:22Z,paypal,success,20358.25,SGD
PAY0002593,ORD0002593,2026-02-11T18:43:05Z,wallet,failed,6436.86,SGD
PAY0002594,ORD0002594,2026-02-11T13:18:58Z,paypal,pending,6100.76,SGD
PAY0002595,ORD0002595,2026-04-26T04:17:08Z,card,success,14074.86,SGD
PAY0002596,ORD0002596,2026-05-11T07:34:17Z,wallet,success,2720.92,SGD
PAY0002597,ORD0002597,2026-03-04T21:18:11Z,wallet,success,2129.23,SGD
PAY0002598,ORD0002598,2026-02-10T06:31:50Z,card,success,2490.38,SGD
PAY0002599,ORD0002599,2026-02-26T13:51:49Z,wallet,success,12325.03,SGD
PAY0002600,ORD0002600,2026-04-01T09:05:24Z,card,refunded,4797.34,SGD
PAY0002601,ORD0002601,2026-01-13T18:29:34Z,paypal,success,13976.98,SGD
PAY0002602,ORD0002602,2026-01-10T13:57:28Z,card,success,8622.44,SGD
PAY0002603,ORD0002603,2026-02-27T19:07:31Z,card,failed,9345.22,SGD
PAY0002604,ORD0002604,2026-01-08T04:45:20Z,wallet,success,1473.22,SGD
PAY0002605,ORD0002605,2026-04-21T12:38:41Z,bank_transfer,success,6130.65,SGD
PAY0002606,ORD0002606,2026-04-26T18:30:51Z,paypal,failed,2389.29,SGD
PAY0002607,ORD0002607,2026-04-22T11:31:10Z,paypal,success,8797.16,SGD
PAY0002608,ORD0002608,2026-02-23T21:05:52Z,bank_transfer,success,2131.18,SGD
PAY0002609,ORD0002609,2026-03-19T07:43:21Z,wallet,success,3069.29,SGD
PAY0002610,ORD0002610,2026-01-23T00:47:54Z,wallet,success,19118.52,SGD
PAY0002611,ORD0002611,2026-03-13T12:09:15Z,card,failed,4867.0,SGD
PAY0002612,ORD0002612,2026-03-21T07:07:59Z,card,success,6617.24,SGD
PAY0002613,ORD0002613,2026-01-06T02:39:39Z,card,success,2374.02,SGD
PAY0002614,ORD0002614,2026-04-16T11:07:07Z,paypal,success,5005.04,SGD
PAY0002615,ORD0002615,2026-04-23T07:36:15Z,wallet,success,6714.12,SGD
PAY0002616,ORD0002616,2026-04-05T10:15:33Z,paypal,success,2220.83,SGD
PAY0002617,ORD0002617,2026-01-12T02:39:51Z,wallet,failed,6743.92,SGD
PAY0002618,ORD0002618,2026-04-16T00:57:23Z,paypal,success,13471.26,SGD
PAY0002619,ORD0002619,2026-04-01T07:26:12Z,paypal,pending,13145.93,SGD
PAY0002620,ORD0002620,2026-05-04T08:53:07Z,bank_transfer,refunded,5780.78,SGD
PAY0002621,ORD0002621,2026-02-21T08:25:44Z,bank_transfer,failed,10079.62,SGD
PAY0002622,ORD0002622,2026-04-16T10:37:30Z,card,success,12705.05,SGD
PAY0002623,ORD0002623,2026-03-08T06:25:59Z,bank_transfer,success,7034.85,SGD
PAY0002624,ORD0002624,2026-04-23T14:50:51Z,bank_transfer,refunded,4330.24,SGD
PAY0002625,ORD0002625,2026-03-01T14:44:06Z,card,success,9415.6,SGD
PAY0002626,ORD0002626,2026-02-02T09:29:14Z,wallet,success,9826.06,SGD
PAY0002627,ORD0002627,2026-05-14T02:10:29Z,paypal,success,23377.77,SGD
PAY0002628,ORD0002628,2026-02-12T11:57:31Z,wallet,success,6488.19,SGD
PAY0002629,ORD0002629,2026-03-27T14:47:40Z,wallet,pending,9051.31,SGD
PAY0002630,ORD0002630,2026-03-15T01:55:42Z,card,success,9314.59,SGD
PAY0002631,ORD0002631,2026-02-16T07:01:05Z,wallet,success,7400.13,SGD
PAY0002632,ORD0002632,2026-05-09T07:27:59Z,paypal,success,6144.91,SGD
PAY0002633,ORD0002633,2026-01-28T20:08:58Z,wallet,success,14803.72,SGD
PAY0002634,ORD0002634,2026-02-14T01:31:23Z,card,success,4970.97,SGD
PAY0002635,ORD0002635,2026-03-08T06:52:05Z,wallet,success,10502.4,SGD
PAY0002636,ORD0002636,2026-03-16T08:30:59Z,paypal,success,9884.97,SGD
PAY0002637,ORD0002637,2026-01-21T18:09:58Z,wallet,success,11419.78,SGD
PAY0002638,ORD0002638,2026-02-18T02:16:44Z,bank_transfer,success,12540.31,SGD
PAY0002639,ORD0002639,2026-04-13T23:13:14Z,bank_transfer,success,5097.7,SGD
PAY0002640,ORD0002640,2026-01-24T19:23:39Z,paypal,success,858.66,SGD
PAY0002641,ORD0002641,2026-05-20T07:32:36Z,paypal,success,17118.59,SGD
PAY0002642,ORD0002642,2026-04-11T20:52:15Z,card,pending,4605.46,SGD
PAY0002643,ORD0002643,2026-03-21T09:33:31Z,paypal,success,9300.07,SGD
PAY0002644,ORD0002644,2026-04-19T04:23:48Z,paypal,refunded,1403.9,SGD
PAY0002645,ORD0002645,2026-01-09T01:02:59Z,bank_transfer,success,11390.39,SGD
PAY0002646,ORD0002646,2026-05-21T11:34:46Z,bank_transfer,success,3255.27,SGD
PAY0002647,ORD0002647,2026-05-16T05:14:56Z,card,success,584.24,SGD
PAY0002648,ORD0002648,2026-05-07T08:06:35Z,bank_transfer,failed,1716.03,SGD
PAY0002649,ORD0002649,2026-05-13T03:48:26Z,card,pending,8208.38,SGD
PAY0002650,ORD0002650,2026-05-23T17:47:22Z,wallet,refunded,9058.99,SGD
PAY0002651,ORD0002651,2026-02-16T06:16:48Z,bank_transfer,failed,11127.74,SGD
PAY0002652,ORD0002652,2026-01-27T03:16:54Z,card,success,13750.73,SGD
PAY0002653,ORD0002653,2026-01-19T14:00:44Z,bank_transfer,success,878.71,SGD
PAY0002654,ORD0002654,2026-04-04T20:45:53Z,paypal,failed,706.8,SGD
PAY0002655,ORD0002655,2026-01-24T03:34:00Z,wallet,success,8541.45,SGD
PAY0002656,ORD0002656,2026-01-30T01:31:45Z,paypal,success,6587.24,SGD
PAY0002657,ORD0002657,2026-04-15T01:16:59Z,wallet,success,4218.29,SGD
PAY0002658,ORD0002658,2026-04-27T20:16:19Z,wallet,success,1127.02,SGD
PAY0002659,ORD0002659,2026-05-16T04:59:13Z,paypal,success,7498.41,SGD
PAY0002660,ORD0002660,2026-03-09T04:33:14Z,card,success,6690.75,SGD
PAY0002661,ORD0002661,2026-02-28T09:26:06Z,wallet,failed,13033.43,SGD
PAY0002662,ORD0002662,2026-02-07T04:32:47Z,paypal,success,12847.44,SGD
PAY0002663,ORD0002663,2026-03-15T03:30:45Z,card,success,5037.95,SGD
PAY0002664,ORD0002664,2026-01-31T11:47:10Z,bank_transfer,success,10026.22,SGD
PAY0002665,ORD0002665,2026-01-10T19:57:54Z,paypal,success,878.71,SGD
PAY0002666,ORD0002666,2026-01-13T19:49:21Z,paypal,pending,4705.68,SGD
PAY0002667,ORD0002667,2026-05-15T22:38:39Z,card,success,1634.39,SGD
PAY0002668,ORD0002668,2026-03-22T04:44:54Z,paypal,refunded,7387.58,SGD
PAY0002669,ORD0002669,2026-01-20T12:35:33Z,wallet,success,3917.34,SGD
PAY0002670,ORD0002670,2026-02-05T09:53:56Z,bank_transfer,failed,12687.78,SGD
PAY0002671,ORD0002671,2026-01-03T06:44:45Z,paypal,failed,2953.16,SGD
PAY0002672,ORD0002672,2026-03-06T02:39:15Z,card,failed,14463.93,SGD
PAY0002673,ORD0002673,2026-03-23T01:39:19Z,card,success,3286.52,SGD
PAY0002674,ORD0002674,2026-02-01T19:41:07Z,wallet,refunded,5100.31,SGD
PAY0002675,ORD0002675,2026-04-28T13:49:06Z,card,refunded,868.47,SGD
PAY0002676,ORD0002676,2026-02-28T10:42:45Z,wallet,pending,9023.96,SGD
PAY0002677,ORD0002677,2026-02-20T12:13:28Z,wallet,success,355.8,SGD
PAY0002678,ORD0002678,2026-03-19T18:51:33Z,wallet,success,11523.63,SGD
PAY0002679,ORD0002679,2026-02-21T23:27:25Z,bank_transfer,failed,6262.3,SGD
PAY0002680,ORD0002680,2026-01-04T17:51:37Z,paypal,success,14014.02,SGD
PAY0002681,ORD0002681,2026-04-10T17:30:36Z,card,success,11824.15,SGD
PAY0002682,ORD0002682,2026-02-23T21:08:18Z,wallet,success,2280.4,SGD
PAY0002683,ORD0002683,2026-03-02T06:51:31Z,paypal,success,2613.86,SGD
PAY0002684,ORD0002684,2026-05-19T18:34:52Z,card,success,2450.56,SGD
PAY0002685,ORD0002685,2026-01-10T10:05:04Z,wallet,success,4315.15,SGD
PAY0002686,ORD0002686,2026-03-11T07:19:09Z,wallet,success,6201.5,SGD
PAY0002687,ORD0002687,2026-03-08T05:03:27Z,paypal,pending,5413.63,SGD
PAY0002688,ORD0002688,2026-03-04T07:21:56Z,bank_transfer,failed,14147.19,SGD
PAY0002689,ORD0002689,2026-02-13T08:55:06Z,card,pending,4938.98,SGD
PAY0002690,ORD0002690,2026-05-15T09:00:02Z,card,success,4197.77,SGD
PAY0002691,ORD0002691,2026-03-21T13:21:45Z,wallet,success,2044.22,SGD
PAY0002692,ORD0002692,2026-01-15T11:15:06Z,card,failed,5544.03,SGD
PAY0002693,ORD0002693,2026-01-09T02:44:10Z,card,success,8950.62,SGD
PAY0002694,ORD0002694,2026-05-07T15:19:03Z,card,failed,13042.11,SGD
PAY0002695,ORD0002695,2026-04-26T03:57:51Z,paypal,success,654.49,SGD
PAY0002696,ORD0002696,2026-01-19T16:03:40Z,wallet,success,6739.02,SGD
PAY0002697,ORD0002697,2026-04-26T07:50:35Z,bank_transfer,success,3521.92,SGD
PAY0002698,ORD0002698,2026-02-17T05:07:08Z,card,refunded,18753.77,SGD
PAY0002699,ORD0002699,2026-03-23T16:51:16Z,card,refunded,3020.22,SGD
PAY0002700,ORD0002700,2026-03-19T18:56:44Z,bank_transfer,success,10096.18,SGD
PAY0002701,ORD0002701,2026-01-01T09:37:03Z,card,success,11309.63,SGD
PAY0002702,ORD0002702,2026-04-01T14:10:48Z,wallet,success,2492.16,SGD
PAY0002703,ORD0002703,2026-03-19T19:23:49Z,card,success,13936.67,SGD
PAY0002704,ORD0002704,2026-04-29T01:11:27Z,card,pending,3438.25,SGD
PAY0002705,ORD0002705,2026-01-07T20:59:47Z,wallet,refunded,11876.93,SGD
PAY0002706,ORD0002706,2026-01-20T16:09:00Z,wallet,success,18461.45,SGD
PAY0002707,ORD0002707,2026-02-18T08:19:43Z,card,success,14765.69,SGD
PAY0002708,ORD0002708,2026-03-06T09:03:37Z,paypal,pending,10095.7,SGD
PAY0002709,ORD0002709,2026-05-12T12:30:50Z,paypal,success,159.62,SGD
PAY0002710,ORD0002710,2026-04-25T22:40:58Z,card,success,10399.51,SGD
PAY0002711,ORD0002711,2026-05-10T02:09:44Z,paypal,success,4247.62,SGD
PAY0002712,ORD0002712,2026-02-27T11:10:09Z,bank_transfer,failed,3440.88,SGD
PAY0002713,ORD0002713,2026-04-07T07:39:47Z,paypal,success,5200.78,SGD
PAY0002714,ORD0002714,2026-02-24T18:49:26Z,wallet,success,13668.94,SGD
PAY0002715,ORD0002715,2026-02-13T22:19:17Z,paypal,success,11711.54,SGD
PAY0002716,ORD0002716,2026-03-17T06:18:55Z,card,success,8761.39,SGD
PAY0002717,ORD0002717,2026-03-05T15:14:29Z,paypal,refunded,4184.96,SGD
PAY0002718,ORD0002718,2026-03-14T08:08:07Z,paypal,failed,12845.6,SGD
PAY0002719,ORD0002719,2026-02-21T00:09:49Z,card,success,16815.98,SGD
PAY0002720,ORD0002720,2026-02-04T22:59:45Z,card,success,6321.04,SGD
PAY0002721,ORD0002721,2026-02-07T15:32:42Z,card,success,1848.44,SGD
PAY0002722,ORD0002722,2026-04-18T04:15:00Z,bank_transfer,success,6878.27,SGD
PAY0002723,ORD0002723,2026-04-15T06:44:42Z,wallet,success,5382.91,SGD
PAY0002724,ORD0002724,2026-01-15T07:47:34Z,paypal,success,10185.99,SGD
PAY0002725,ORD0002725,2026-04-22T10:45:00Z,bank_transfer,success,1106.19,SGD
PAY0002726,ORD0002726,2026-01-19T00:21:02Z,bank_transfer,pending,16936.18,SGD
PAY0002727,ORD0002727,2026-03-01T00:36:18Z,paypal,pending,6297.93,SGD
PAY0002728,ORD0002728,2026-01-19T03:06:46Z,card,success,2230.25,SGD
PAY0002729,ORD0002729,2026-01-02T22:11:24Z,bank_transfer,success,404.19,SGD
PAY0002730,ORD0002730,2026-01-23T13:01:22Z,card,failed,10607.09,SGD
PAY0002731,ORD0002731,2026-03-17T02:13:01Z,paypal,refunded,689.4,SGD
PAY0002732,ORD0002732,2026-02-11T08:51:40Z,paypal,success,2490.38,SGD
PAY0002733,ORD0002733,2026-03-17T17:30:08Z,paypal,success,2298.98,SGD
PAY0002734,ORD0002734,2026-02-22T05:35:01Z,card,success,9090.09,SGD
PAY0002735,ORD0002735,2026-04-28T08:30:44Z,bank_transfer,success,2125.02,SGD
PAY0002736,ORD0002736,2026-02-06T03:27:37Z,card,success,4165.36,SGD
PAY0002737,ORD0002737,2026-02-15T09:39:13Z,card,success,8417.6,SGD
PAY0002738,ORD0002738,2026-03-06T14:18:15Z,card,success,10297.82,SGD
PAY0002739,ORD0002739,2026-02-26T10:42:42Z,paypal,success,12434.72,SGD
PAY0002740,ORD0002740,2026-02-19T01:08:21Z,card,failed,563.51,SGD
PAY0002741,ORD0002741,2026-01-21T18:05:10Z,bank_transfer,success,-469.02,SGD
PAY0002742,ORD0002742,2026-04-05T11:42:35Z,wallet,success,6023.01,SGD
PAY0002743,ORD0002743,2026-01-15T08:31:34Z,wallet,success,1591.8,SGD
PAY0002744,ORD0002744,2026-02-24T01:14:22Z,bank_transfer,refunded,1694.46,SGD
PAY0002745,ORD0002745,2026-03-11T06:38:48Z,paypal,success,22443.25,SGD
PAY0002746,ORD0002746,2026-03-08T12:21:02Z,bank_transfer,success,6175.04,SGD
PAY0002747,ORD0002747,2026-02-11T00:55:17Z,bank_transfer,failed,2095.28,SGD
PAY0002748,ORD0002748,2026-05-02T17:33:15Z,card,refunded,9709.24,SGD
PAY0002749,ORD0002749,2026-01-21T05:19:58Z,bank_transfer,success,10810.36,SGD
PAY0002750,ORD0002750,2026-04-07T05:45:41Z,bank_transfer,refunded,12052.14,SGD
PAY0002751,ORD0002751,2026-03-06T00:10:18Z,paypal,failed,7003.31,SGD
PAY0002752,ORD0002752,2026-01-18T23:06:44Z,wallet,success,632.0,SGD
PAY0002753,ORD0002753,2026-04-04T14:04:31Z,card,failed,15237.04,SGD
PAY0002754,ORD0002754,2026-03-04T01:01:06Z,paypal,success,13020.33,SGD
PAY0002755,ORD0002755,2026-03-14T01:13:33Z,bank_transfer,success,19963.49,SGD
PAY0002756,ORD0002756,2026-05-03T01:52:10Z,paypal,success,5053.47,SGD
PAY0002757,ORD0002757,2026-05-16T03:40:42Z,bank_transfer,success,15693.97,SGD
PAY0002758,ORD0002758,2026-01-11T10:51:31Z,paypal,success,1814.49,SGD
PAY0002759,ORD0002759,2026-01-11T19:08:08Z,paypal,success,5608.63,SGD
PAY0002760,ORD0002760,2026-02-19T01:09:08Z,card,failed,14108.58,SGD
PAY0002761,ORD0002761,2026-02-07T13:50:28Z,bank_transfer,success,7115.08,SGD
PAY0002762,ORD0002762,2026-01-25T20:38:19Z,card,success,4523.39,SGD
PAY0002763,ORD0002763,2026-05-12T09:06:31Z,paypal,success,7295.8,SGD
PAY0002764,ORD0002764,2026-01-27T23:06:12Z,card,success,7287.9,SGD
PAY0002765,ORD0002765,2026-03-21T18:19:03Z,card,success,56.43,SGD
PAY0002766,ORD0002766,2026-04-04T10:01:17Z,wallet,failed,3843.66,SGD
PAY0002767,ORD0002767,2026-01-06T16:27:34Z,paypal,success,7008.86,SGD
PAY0002768,ORD0002768,2026-04-09T11:07:35Z,card,success,5793.33,SGD
PAY0002769,ORD0002769,2026-02-17T09:47:30Z,wallet,success,6311.94,SGD
PAY0002770,ORD0002770,2026-02-04T21:58:31Z,wallet,success,8941.94,SGD
PAY0002771,ORD0002771,2026-03-15T23:21:06Z,wallet,success,5906.57,SGD
PAY0002772,ORD0002772,2026-02-02T03:53:37Z,wallet,success,11790.7,SGD
PAY0002773,ORD0002773,2026-02-18T06:27:13Z,paypal,success,9988.47,SGD
PAY0002774,ORD0002774,2026-01-10T01:33:24Z,card,failed,6314.77,SGD
PAY0002775,ORD0002775,2026-03-06T21:30:25Z,paypal,success,9731.77,SGD
PAY0002776,ORD0002776,2026-04-04T13:11:02Z,bank_transfer,success,9934.8,SGD
PAY0002777,ORD0002777,2026-03-17T19:38:24Z,card,success,14255.84,SGD
PAY0002778,ORD0002778,2026-03-04T22:48:12Z,bank_transfer,failed,5126.43,SGD
PAY0002779,ORD0002779,2026-02-14T04:33:38Z,paypal,failed,11196.94,SGD
PAY0002780,ORD0002780,2026-05-20T18:59:55Z,wallet,success,3206.92,SGD
PAY0002781,ORD0002781,2026-03-30T14:22:42Z,bank_transfer,success,3451.09,SGD
PAY0002782,ORD0002782,2026-05-07T19:45:08Z,card,failed,8803.91,SGD
PAY0002783,ORD0002783,2026-01-09T09:57:49Z,paypal,success,13142.6,SGD
PAY0002784,ORD0002784,2026-04-01T14:52:27Z,wallet,success,499.73,SGD
PAY0002785,ORD0002785,2026-02-03T08:48:55Z,card,pending,13690.69,SGD
PAY0002786,ORD0002786,2026-01-02T08:12:52Z,paypal,success,12345.19,SGD
PAY0002787,ORD0002787,2026-04-30T02:41:21Z,bank_transfer,failed,10777.41,SGD
PAY0002788,ORD0002788,2026-03-06T11:42:39Z,paypal,success,1692.04,SGD
PAY0002789,ORD0002789,2026-01-23T08:29:57Z,bank_transfer,refunded,7978.11,SGD
PAY0002790,ORD0002790,2026-05-15T01:26:49Z,paypal,success,3640.2,SGD
PAY0002791,ORD0002791,2026-01-26T02:41:33Z,bank_transfer,success,-7353.54,SGD
PAY0002792,ORD0002792,2026-02-22T18:27:27Z,card,failed,2607.98,SGD
PAY0002793,ORD0002793,2026-01-23T07:30:16Z,paypal,failed,7982.06,SGD
PAY0002794,ORD0002794,2026-03-16T21:40:33Z,paypal,failed,5715.14,SGD
PAY0002795,ORD0002795,2026-01-04T17:34:36Z,bank_transfer,success,2229.84,SGD
PAY0002796,ORD0002796,2026-01-07T00:25:06Z,wallet,success,14356.16,SGD
PAY0002797,ORD0002797,2026-01-28T18:31:10Z,bank_transfer,success,8633.48,SGD
PAY0002798,ORD0002798,2026-01-04T13:58:27Z,bank_transfer,success,12908.83,SGD
PAY0002799,ORD0002799,2026-03-06T09:38:48Z,paypal,success,2161.25,SGD
PAY0002800,ORD0002800,2026-04-08T17:27:55Z,wallet,refunded,3607.26,SGD
PAY0002801,ORD0002801,2026-02-22T16:00:48Z,paypal,refunded,5929.35,SGD
PAY0002802,ORD0002802,2026-03-08T00:19:24Z,bank_transfer,success,2276.9,SGD
PAY0002803,ORD0002803,2026-01-31T23:34:37Z,paypal,success,7609.34,SGD
PAY0002804,ORD0002804,2026-01-08T21:07:10Z,paypal,success,607.64,SGD
PAY0002805,ORD0002805,2026-02-16T05:49:23Z,bank_transfer,success,10363.24,SGD
PAY0002806,ORD0002806,2026-03-02T04:16:59Z,wallet,success,6857.53,SGD
PAY0002807,ORD0002807,2026-05-22T22:11:56Z,paypal,success,16961.93,SGD
PAY0002808,ORD0002808,2026-05-13T04:17:59Z,paypal,success,12569.3,SGD
PAY0002809,ORD0002809,2026-02-18T13:45:58Z,paypal,success,-3943.84,SGD
PAY0002810,ORD0002810,2026-04-14T01:03:26Z,paypal,success,7403.32,SGD
PAY0002811,ORD0002811,2026-05-18T18:07:13Z,paypal,failed,10488.77,SGD
PAY0002812,ORD0002812,2026-04-09T15:04:41Z,paypal,refunded,10173.1,SGD
PAY0002813,ORD0002813,2026-02-17T22:02:07Z,card,failed,8517.67,SGD
PAY0002814,ORD0002814,2026-03-18T13:11:38Z,paypal,success,8465.12,SGD
PAY0002815,ORD0002815,2026-01-29T08:02:12Z,paypal,success,13246.77,SGD
PAY0002816,ORD0002816,2026-02-20T03:34:41Z,card,success,15420.56,SGD
PAY0002817,ORD0002817,2026-02-25T07:42:44Z,paypal,failed,13421.19,SGD
PAY0002818,ORD0002818,2026-01-22T10:32:31Z,paypal,success,11882.92,SGD
PAY0002819,ORD0002819,2026-05-08T01:07:23Z,card,success,11173.21,SGD
PAY0002820,ORD0002820,2026-03-08T04:50:40Z,bank_transfer,success,21899.85,SGD
PAY0002821,ORD0002821,2026-04-09T07:46:35Z,wallet,success,16752.61,SGD
PAY0002822,ORD0002822,2026-04-03T15:35:15Z,paypal,refunded,4871.63,SGD
PAY0002823,ORD0002823,2026-05-11T03:09:19Z,paypal,success,13937.99,SGD
PAY0002824,ORD0002824,2026-04-09T16:33:14Z,wallet,success,3000.08,SGD
PAY0002825,ORD0002825,2026-01-03T17:17:56Z,wallet,success,11180.67,SGD
PAY0002826,ORD0002826,2026-01-09T09:25:38Z,paypal,success,7256.32,SGD
PAY0002827,ORD0002827,2026-01-31T19:35:55Z,bank_transfer,failed,4668.03,SGD
PAY0002828,ORD0002828,2026-05-02T00:12:42Z,card,success,7269.2,SGD
PAY0002829,ORD0002829,2026-02-22T01:34:01Z,card,success,4395.72,SGD
PAY0002830,ORD0002830,2026-03-09T00:01:31Z,card,failed,6370.16,SGD
PAY0002831,ORD0002831,2026-03-12T00:24:27Z,wallet,failed,4003.94,SGD
PAY0002832,ORD0002832,2026-05-04T08:24:51Z,paypal,success,10045.95,SGD
PAY0002833,ORD0002833,2026-01-30T21:14:34Z,paypal,success,1399.65,SGD
PAY0002834,ORD0002834,2026-03-17T00:43:16Z,bank_transfer,success,-3149.96,SGD
PAY0002835,ORD0002835,2026-03-13T19:32:19Z,card,refunded,7662.89,SGD
PAY0002836,ORD0002836,2026-04-08T02:21:30Z,bank_transfer,success,11386.73,SGD
PAY0002837,ORD0002837,2026-02-07T05:34:20Z,bank_transfer,refunded,14094.36,SGD
PAY0002838,ORD0002838,2026-03-15T05:17:08Z,paypal,refunded,2364.42,SGD
PAY0002839,ORD0002839,2026-01-13T01:49:42Z,card,pending,6635.04,SGD
PAY0002840,ORD0002840,2026-05-21T03:28:41Z,paypal,success,3549.82,SGD
PAY0002841,ORD0002841,2026-03-02T02:45:22Z,bank_transfer,success,2818.66,SGD
PAY0002842,ORD0002842,2026-01-23T06:20:58Z,card,refunded,2410.8,SGD
PAY0002843,ORD0002843,2026-05-14T06:51:33Z,card,success,19440.41,SGD
PAY0002844,ORD0002844,2026-03-07T12:54:58Z,card,success,250.81,SGD
PAY0002845,ORD0002845,2026-01-11T21:18:47Z,paypal,success,4461.2,SGD
PAY0002846,ORD0002846,2026-03-30T04:20:59Z,wallet,success,6880.86,SGD
PAY0002847,ORD0002847,2026-02-02T09:56:57Z,paypal,success,2997.3,SGD
PAY0002848,ORD0002848,2026-01-16T09:22:01Z,paypal,success,10238.23,SGD
PAY0002849,ORD0002849,2026-05-24T20:24:12Z,wallet,success,17789.26,SGD
PAY0002850,ORD0002850,2026-01-31T06:39:43Z,card,success,2359.0,SGD
PAY0002851,ORD0002851,2026-04-07T02:21:09Z,paypal,refunded,14862.61,SGD
PAY0002852,ORD0002852,2026-01-11T08:03:05Z,paypal,refunded,5739.27,SGD
PAY0002853,ORD0002853,2026-01-30T18:10:43Z,bank_transfer,success,7524.68,SGD
PAY0002854,ORD0002854,2026-03-19T22:12:44Z,wallet,success,1668.45,SGD
PAY0002855,ORD0002855,2026-03-26T23:09:57Z,wallet,success,676.63,SGD
PAY0002856,ORD0002856,2026-04-11T04:34:56Z,card,success,4262.36,SGD
PAY0002857,ORD0002857,2026-04-11T03:12:24Z,wallet,pending,4297.88,SGD
PAY0002858,ORD0002858,2026-04-23T02:33:47Z,bank_transfer,success,3826.18,SGD
PAY0002859,ORD0002859,2026-01-24T23:28:12Z,paypal,success,5674.17,SGD
PAY0002860,ORD0002860,2026-03-19T12:07:11Z,bank_transfer,success,2605.41,SGD
PAY0002861,ORD0002861,2026-01-04T20:11:15Z,card,refunded,18850.72,SGD
PAY0002862,ORD0002862,2026-01-21T00:02:03Z,wallet,success,895.29,SGD
PAY0002863,ORD0002863,2026-02-25T11:02:37Z,card,success,12109.63,SGD
PAY0002864,ORD0002864,2026-05-16T21:15:02Z,bank_transfer,success,4524.54,SGD
PAY0002865,ORD0002865,2026-05-12T08:17:09Z,card,success,3408.6,SGD
PAY0002866,ORD0002866,2026-05-22T02:38:41Z,bank_transfer,success,1531.42,SGD
PAY0002867,ORD0002867,2026-04-02T23:45:40Z,card,success,6551.92,SGD
PAY0002868,ORD0002868,2026-02-03T11:31:14Z,card,success,11951.92,SGD
PAY0002869,ORD0002869,2026-02-14T16:59:43Z,wallet,refunded,11556.2,SGD
PAY0002870,ORD0002870,2026-05-12T17:40:50Z,bank_transfer,refunded,7945.88,SGD
PAY0002871,ORD0002871,2026-05-20T14:04:41Z,wallet,success,2140.73,SGD
PAY0002872,ORD0002872,2026-03-28T06:13:08Z,wallet,failed,19054.64,SGD
PAY0002873,ORD0002873,2026-01-01T23:31:45Z,card,refunded,4537.27,SGD
PAY0002874,ORD0002874,2026-03-12T13:05:43Z,paypal,success,9810.06,SGD
PAY0002875,ORD0002875,2026-01-12T08:05:14Z,wallet,pending,7283.23,SGD
PAY0002876,ORD0002876,2026-02-21T15:07:29Z,bank_transfer,success,5268.36,SGD
PAY0002877,ORD0002877,2026-02-05T12:20:41Z,card,success,4961.48,SGD
PAY0002878,ORD0002878,2026-01-23T15:37:32Z,wallet,success,5929.35,SGD
PAY0002879,ORD0002879,2026-04-14T19:12:07Z,card,success,6049.69,SGD
PAY0002880,ORD0002880,2026-02-17T03:46:25Z,bank_transfer,success,20537.16,SGD
PAY0002881,ORD0002881,2026-04-14T08:18:33Z,wallet,success,1077.13,SGD
PAY0002882,ORD0002882,2026-01-31T02:16:54Z,bank_transfer,success,15532.99,SGD
PAY0002883,ORD0002883,2026-04-17T10:41:55Z,bank_transfer,success,18098.17,SGD
PAY0002884,ORD0002884,2026-01-02T00:36:41Z,card,success,4436.64,SGD
PAY0002885,ORD0002885,2026-04-03T04:52:57Z,paypal,success,3598.34,SGD
PAY0002886,ORD0002886,2026-03-07T07:26:09Z,paypal,failed,1006.06,SGD
PAY0002887,ORD0002887,2026-03-28T16:28:37Z,card,refunded,8837.89,SGD
PAY0002888,ORD0002888,2026-04-10T13:29:11Z,bank_transfer,success,5568.3,SGD
PAY0002889,ORD0002889,2026-04-23T22:12:46Z,card,success,8980.82,SGD
PAY0002890,ORD0002890,2026-05-16T02:11:11Z,paypal,failed,5593.61,SGD
PAY0002891,ORD0002891,2026-04-28T03:13:03Z,wallet,success,2154.26,SGD
PAY0002892,ORD0002892,2026-02-27T06:01:47Z,card,failed,9267.51,SGD
PAY0002893,ORD0002893,2026-05-17T23:06:28Z,paypal,success,3030.84,SGD
PAY0002894,ORD0002894,2026-01-06T21:05:11Z,bank_transfer,success,2304.26,SGD
PAY0002895,ORD0002895,2026-02-28T04:29:48Z,bank_transfer,success,9056.98,SGD
PAY0002896,ORD0002896,2026-04-15T07:25:55Z,card,success,3089.98,SGD
PAY0002897,ORD0002897,2026-01-21T10:37:13Z,card,success,5460.3,SGD
PAY0002898,ORD0002898,2026-02-06T02:57:37Z,wallet,refunded,12458.21,SGD
PAY0002899,ORD0002899,2026-04-10T05:35:03Z,paypal,success,15959.88,SGD
PAY0002900,ORD0002900,2026-04-18T00:52:52Z,wallet,refunded,10620.72,SGD
PAY0002901,ORD0002901,2026-03-03T10:36:38Z,paypal,success,6163.14,SGD
PAY0002902,ORD0002902,2026-04-14T11:14:07Z,paypal,success,6587.73,SGD
PAY0002903,ORD0002903,2026-04-30T19:08:00Z,card,pending,9615.0,SGD
PAY0002904,ORD0002904,2026-03-26T18:11:18Z,wallet,success,7479.14,SGD
PAY0002905,ORD0002905,2026-04-16T04:25:20Z,card,pending,14730.13,SGD
PAY0002906,ORD0002906,2026-02-17T05:54:54Z,paypal,success,2293.92,SGD
PAY0002907,ORD0002907,2026-02-22T04:57:31Z,paypal,success,1708.92,SGD
PAY0002908,ORD0002908,2026-02-13T02:21:44Z,card,success,9761.15,SGD
PAY0002909,ORD0002909,2026-02-07T12:51:32Z,paypal,success,5031.72,SGD
PAY0002910,ORD0002910,2026-03-06T05:02:07Z,paypal,success,11096.14,SGD
PAY0002911,ORD0002911,2026-03-31T19:44:27Z,card,success,7969.82,SGD
PAY0002912,ORD0002912,2026-05-18T17:41:43Z,card,success,1410.73,SGD
PAY0002913,ORD0002913,2026-04-28T05:12:30Z,card,success,6362.69,SGD
PAY0002914,ORD0002914,2026-03-22T17:18:31Z,bank_transfer,refunded,10808.99,SGD
PAY0002915,ORD0002915,2026-03-08T16:51:09Z,paypal,refunded,19728.81,SGD
PAY0002916,ORD0002916,2026-05-19T05:04:53Z,wallet,refunded,9696.89,SGD
PAY0002917,ORD0002917,2026-01-03T03:01:52Z,wallet,success,7968.35,SGD
PAY0002918,ORD0002918,2026-02-01T00:43:08Z,paypal,refunded,10775.55,SGD
PAY0002919,ORD0002919,2026-01-17T13:45:46Z,bank_transfer,success,1340.56,SGD
PAY0002920,ORD0002920,2026-01-23T20:01:21Z,paypal,success,8576.8,SGD
PAY0002921,ORD0002921,2026-04-17T10:33:54Z,card,success,2920.23,SGD
PAY0002922,ORD0002922,2026-02-12T10:29:45Z,card,success,10469.57,SGD
PAY0002923,ORD0002923,2026-04-10T09:37:01Z,paypal,success,886.72,SGD
PAY0002924,ORD0002924,2026-05-01T15:15:46Z,wallet,success,7843.88,SGD
PAY0002925,ORD0002925,2026-03-13T12:06:47Z,paypal,success,3254.51,SGD
PAY0002926,ORD0002926,2026-01-23T08:37:39Z,bank_transfer,success,11104.99,SGD
PAY0002927,ORD0002927,2026-01-13T00:16:24Z,card,pending,6828.13,SGD
PAY0002928,ORD0002928,2026-02-28T03:31:45Z,wallet,refunded,5847.15,SGD
PAY0002929,ORD0002929,2026-05-02T00:55:33Z,card,success,13969.85,SGD
PAY0002930,ORD0002930,2026-02-17T01:35:23Z,wallet,success,5083.38,SGD
PAY0002931,ORD0002931,2026-05-24T02:44:54Z,card,success,4597.07,SGD
PAY0002932,ORD0002932,2026-02-18T16:40:55Z,card,success,6056.0,SGD
PAY0002933,ORD0002933,2026-04-03T21:34:04Z,wallet,success,8604.44,SGD
PAY0002934,ORD0002934,2026-02-19T03:05:33Z,bank_transfer,success,2147.54,SGD
PAY0002935,ORD0002935,2026-04-18T12:33:25Z,card,pending,2480.93,SGD
PAY0002936,ORD0002936,2026-04-08T13:41:18Z,paypal,refunded,8572.36,SGD
PAY0002937,ORD0002937,2026-03-31T17:04:17Z,paypal,success,10651.6,SGD
PAY0002938,ORD0002938,2026-01-17T18:45:41Z,paypal,success,1202.27,SGD
PAY0002939,ORD0002939,2026-01-07T17:30:29Z,card,success,11552.91,SGD
PAY0002940,ORD0002940,2026-03-12T01:13:56Z,card,success,4072.73,SGD
PAY0002941,ORD0002941,2026-01-30T23:01:49Z,bank_transfer,success,6637.93,SGD
PAY0002942,ORD0002942,2026-03-27T21:51:16Z,bank_transfer,success,10114.3,SGD
PAY0002943,ORD0002943,2026-05-19T05:49:45Z,paypal,success,858.66,SGD
PAY0002944,ORD0002944,2026-04-17T10:26:35Z,card,pending,162.59,SGD
PAY0002945,ORD0002945,2026-01-07T23:43:32Z,wallet,success,142.72,SGD
PAY0002946,ORD0002946,2026-02-18T09:04:45Z,paypal,success,5670.96,SGD
PAY0002947,ORD0002947,2026-03-17T22:44:56Z,bank_transfer,success,2722.72,SGD
PAY0002948,ORD0002948,2026-05-18T09:25:29Z,bank_transfer,success,6770.58,SGD
PAY0002949,ORD0002949,2026-04-07T15:25:46Z,paypal,pending,6303.43,SGD
PAY0002950,ORD0002950,2026-02-06T12:15:21Z,card,failed,13032.02,SGD
PAY0002951,ORD0002951,2026-04-27T00:43:05Z,wallet,refunded,8230.73,SGD
PAY0002952,ORD0002952,2026-01-22T00:14:32Z,paypal,success,9315.15,SGD
PAY0002953,ORD0002953,2026-03-23T19:04:55Z,wallet,success,3871.49,SGD
PAY0002954,ORD0002954,2026-04-14T20:28:42Z,paypal,success,8493.42,SGD
PAY0002955,ORD0002955,2026-04-01T21:52:55Z,paypal,success,16937.57,SGD
PAY0002956,ORD0002956,2026-03-07T14:56:58Z,wallet,success,4696.64,SGD
PAY0002957,ORD0002957,2026-01-05T16:19:15Z,wallet,success,9450.43,SGD
PAY0002958,ORD0002958,2026-05-18T23:12:56Z,bank_transfer,success,8307.73,SGD
PAY0002959,ORD0002959,2026-01-04T08:38:51Z,card,success,4597.86,SGD
PAY0002960,ORD0002960,2026-02-23T04:13:45Z,paypal,failed,2938.75,SGD
PAY0002961,ORD0002961,2026-03-19T17:56:54Z,paypal,success,2818.66,SGD
PAY0002962,ORD0002962,2026-03-27T21:54:14Z,card,refunded,9261.02,SGD
PAY0002963,ORD0002963,2026-01-16T10:57:44Z,wallet,success,13300.04,SGD
PAY0002964,ORD0002964,2026-03-22T09:59:44Z,wallet,success,9421.02,SGD
PAY0002965,ORD0002965,2026-01-05T08:58:28Z,wallet,success,7252.5,SGD
PAY0002966,ORD0002966,2026-03-19T08:29:00Z,wallet,success,5750.22,SGD
PAY0002967,ORD0002967,2026-01-06T08:56:21Z,wallet,success,5676.12,SGD
PAY0002968,ORD0002968,2026-03-21T16:24:12Z,wallet,refunded,1621.18,SGD
PAY0002969,ORD0002969,2026-04-27T18:07:25Z,bank_transfer,failed,2180.97,SGD
PAY0002970,ORD0002970,2026-04-25T01:10:39Z,bank_transfer,failed,6254.71,SGD
PAY0002971,ORD0002971,2026-02-10T09:42:46Z,bank_transfer,success,19163.57,SGD
PAY0002972,ORD0002972,2026-01-06T17:44:18Z,paypal,pending,6314.29,SGD
PAY0002973,ORD0002973,2026-01-04T17:49:37Z,paypal,success,12146.28,SGD
PAY0002974,ORD0002974,2026-04-01T00:22:29Z,bank_transfer,success,2340.2,SGD
PAY0002975,ORD0002975,2026-04-21T18:46:53Z,wallet,success,17145.91,SGD
PAY0002976,ORD0002976,2026-03-05T23:48:49Z,wallet,success,7204.13,SGD
PAY0002977,ORD0002977,2026-03-26T13:31:16Z,wallet,success,3777.77,SGD
PAY0002978,ORD0002978,2026-03-28T18:25:27Z,card,success,12144.41,SGD
PAY0002979,ORD0002979,2026-03-02T20:31:35Z,paypal,success,6296.61,SGD
PAY0002980,ORD0002980,2026-02-01T13:22:06Z,wallet,success,11212.95,SGD
PAY0002981,ORD0002981,2026-01-18T13:56:54Z,paypal,success,1690.53,SGD
PAY0002982,ORD0002982,2026-05-13T17:02:16Z,card,failed,10829.43,SGD
PAY0002983,ORD0002983,2026-04-21T00:08:57Z,card,success,7890.24,SGD
PAY0002984,ORD0002984,2026-04-16T05:38:21Z,card,success,7659.36,SGD
PAY0002985,ORD0002985,2026-03-20T17:48:25Z,card,success,3603.66,SGD
PAY0002986,ORD0002986,2026-05-04T18:29:51Z,wallet,refunded,16001.7,SGD
PAY0002987,ORD0002987,2026-01-08T07:21:07Z,paypal,failed,11964.09,SGD
PAY0002988,ORD0002988,2026-02-28T09:42:54Z,bank_transfer,refunded,6393.36,SGD
PAY0002989,ORD0002989,2026-04-23T00:30:31Z,card,success,10281.19,SGD
PAY0002990,ORD0002990,2026-05-18T23:22:44Z,wallet,success,3682.49,SGD
PAY0002991,ORD0002991,2026-01-01T22:18:07Z,paypal,success,10533.96,SGD
PAY0002992,ORD0002992,2026-05-07T04:22:38Z,wallet,success,16888.66,SGD
PAY0002993,ORD0002993,2026-05-22T10:10:09Z,wallet,success,8079.48,SGD
PAY0002994,ORD0002994,2026-04-21T22:23:34Z,bank_transfer,success,10918.01,SGD
PAY0002995,ORD0002995,2026-05-20T08:44:47Z,wallet,success,3432.51,SGD
PAY0002996,ORD0002996,2026-04-26T07:56:13Z,card,success,14281.78,SGD
PAY0002997,ORD0002997,2026-05-19T15:00:25Z,bank_transfer,success,9819.2,SGD
PAY0002998,ORD0002998,2026-04-08T23:54:21Z,paypal,success,15933.34,SGD
PAY0002999,ORD0002999,2026-03-21T15:05:12Z,bank_transfer,success,3291.32,SGD
PAY0003000,ORD0003000,2026-03-08T03:56:38Z,wallet,refunded,3455.32,SGD
PAY0003001,ORD0003001,2026-04-27T05:02:03Z,paypal,success,7291.15,SGD
PAY0003002,ORD0003002,2026-03-10T00:35:04Z,bank_transfer,success,4441.66,SGD
PAY0003003,ORD0003003,2026-01-29T23:47:41Z,paypal,success,3217.74,SGD
PAY0003004,ORD0003004,2026-02-12T02:53:34Z,wallet,success,9291.09,SGD
PAY0003005,ORD0003005,2026-02-20T03:02:58Z,wallet,success,19827.16,SGD
PAY0003006,ORD0003006,2026-04-03T23:12:14Z,wallet,success,418.76,SGD
PAY0003007,ORD0003007,2026-05-03T22:14:12Z,card,refunded,14061.49,SGD
PAY0003008,ORD0003008,2026-02-14T20:18:56Z,card,success,13460.18,SGD
PAY0003009,ORD0003009,2026-01-28T04:12:30Z,paypal,success,10508.75,SGD
PAY0003010,ORD0003010,2026-04-02T15:25:46Z,paypal,success,788.88,SGD
PAY0003011,ORD0003011,2026-05-08T04:49:41Z,card,success,8461.35,SGD
PAY0003012,ORD0003012,2026-02-08T05:25:08Z,bank_transfer,pending,6513.42,SGD
PAY0003013,ORD0003013,2026-02-24T14:06:56Z,bank_transfer,success,9522.01,SGD
PAY0003014,ORD0003014,2026-04-01T06:00:43Z,paypal,success,11822.46,SGD
PAY0003015,ORD0003015,2026-03-23T19:31:45Z,paypal,success,12857.39,SGD
PAY0003016,ORD0003016,2026-05-15T05:49:34Z,paypal,success,2421.66,SGD
PAY0003017,ORD0003017,2026-05-01T14:02:01Z,bank_transfer,refunded,2299.7,SGD
PAY0003018,ORD0003018,2026-03-29T10:43:37Z,card,success,16712.05,SGD
PAY0003019,ORD0003019,2026-04-22T04:22:14Z,bank_transfer,success,1523.49,SGD
PAY0003020,ORD0003020,2026-02-11T00:47:19Z,wallet,success,7390.07,SGD
PAY0003021,ORD0003021,2026-03-09T02:20:31Z,card,success,1999.47,SGD
PAY0003022,ORD0003022,2026-01-03T08:26:53Z,wallet,success,7699.86,SGD
PAY0003023,ORD0003023,2026-02-27T20:23:58Z,card,success,14188.3,SGD
PAY0003024,ORD0003024,2026-04-30T13:23:48Z,paypal,success,6274.83,SGD
PAY0003025,ORD0003025,2026-04-02T06:23:24Z,paypal,refunded,6603.16,SGD
PAY0003026,ORD0003026,2026-05-12T11:07:12Z,paypal,pending,2884.88,SGD
PAY0003027,ORD0003027,2026-04-26T19:55:20Z,wallet,success,5631.87,SGD
PAY0003028,ORD0003028,2026-02-25T13:18:27Z,card,pending,8251.08,SGD
PAY0003029,ORD0003029,2026-04-06T06:39:47Z,paypal,success,1772.51,SGD
PAY0003030,ORD0003030,2026-05-09T15:42:47Z,wallet,success,11377.3,SGD
PAY0003031,ORD0003031,2026-03-31T14:35:04Z,paypal,success,2799.2,SGD
PAY0003032,ORD0003032,2026-04-20T14:14:11Z,card,success,9490.43,SGD
PAY0003033,ORD0003033,2026-05-20T19:57:53Z,card,refunded,4581.0,SGD
PAY0003034,ORD0003034,2026-03-02T03:52:09Z,paypal,success,7107.66,SGD
PAY0003035,ORD0003035,2026-03-12T12:55:58Z,bank_transfer,refunded,9365.95,SGD
PAY0003036,ORD0003036,2026-01-19T19:23:57Z,card,success,10110.41,SGD
PAY0003037,ORD0003037,2026-02-25T11:28:31Z,wallet,success,9364.24,SGD
PAY0003038,ORD0003038,2026-02-15T09:51:48Z,bank_transfer,failed,15392.11,SGD
PAY0003039,ORD0003039,2026-03-06T11:07:25Z,bank_transfer,success,15425.03,SGD
PAY0003040,ORD0003040,2026-04-13T16:17:29Z,paypal,pending,11798.69,SGD
PAY0003041,ORD0003041,2026-01-08T22:18:05Z,bank_transfer,refunded,3022.59,SGD
PAY0003042,ORD0003042,2026-03-18T09:12:24Z,bank_transfer,failed,5790.69,SGD
PAY0003043,ORD0003043,2026-03-06T01:56:09Z,wallet,success,2061.02,SGD
PAY0003044,ORD0003044,2026-02-15T17:16:22Z,card,pending,8526.35,SGD
PAY0003045,ORD0003045,2026-03-24T23:42:25Z,card,success,6946.44,SGD
PAY0003046,ORD0003046,2026-05-23T16:45:30Z,paypal,success,1710.21,SGD
PAY0003047,ORD0003047,2026-02-06T05:47:49Z,paypal,success,898.96,SGD
PAY0003048,ORD0003048,2026-04-22T15:32:38Z,paypal,failed,9783.09,SGD
PAY0003049,ORD0003049,2026-04-20T09:25:18Z,card,pending,142.86,SGD
PAY0003050,ORD0003050,2026-02-12T03:38:43Z,card,success,12983.25,SGD
PAY0003051,ORD0003051,2026-02-13T09:17:01Z,paypal,failed,7371.77,SGD
PAY0003052,ORD0003052,2026-04-11T18:53:21Z,card,success,381.62,SGD
PAY0003053,ORD0003053,2026-03-10T18:08:27Z,wallet,pending,973.41,SGD
PAY0003054,ORD0003054,2026-05-08T01:03:47Z,card,success,16230.3,SGD
PAY0003055,ORD0003055,2026-01-24T11:56:04Z,bank_transfer,success,3379.35,SGD
PAY0003056,ORD0003056,2026-04-22T23:47:51Z,card,failed,13619.82,SGD
PAY0003057,ORD0003057,2026-01-29T16:08:49Z,paypal,refunded,4481.76,SGD
PAY0003058,ORD0003058,2026-04-06T06:16:34Z,bank_transfer,success,2121.18,SGD
PAY0003059,ORD0003059,2026-01-28T07:06:51Z,wallet,success,4390.39,SGD
PAY0003060,ORD0003060,2026-02-21T13:32:30Z,paypal,success,3674.64,SGD
PAY0003061,ORD0003061,2026-04-02T13:35:46Z,bank_transfer,failed,7109.87,SGD
PAY0003062,ORD0003062,2026-03-19T15:07:45Z,paypal,success,1170.1,SGD
PAY0003063,ORD0003063,2026-01-07T10:11:31Z,wallet,success,7301.31,SGD
PAY0003064,ORD0003064,2026-04-06T05:31:02Z,paypal,success,1694.46,SGD
PAY0003065,ORD0003065,2026-05-05T22:55:23Z,wallet,success,22534.6,SGD
PAY0003066,ORD0003066,2026-01-12T13:01:55Z,paypal,success,11023.48,SGD
PAY0003067,ORD0003067,2026-03-25T08:54:30Z,wallet,success,7655.19,SGD
PAY0003068,ORD0003068,2026-01-04T23:45:13Z,card,success,9119.3,SGD
PAY0003069,ORD0003069,2026-01-18T07:49:13Z,card,success,4230.21,SGD
PAY0003070,ORD0003070,2026-02-23T06:28:46Z,bank_transfer,success,13665.58,SGD
PAY0003071,ORD0003071,2026-01-20T20:26:06Z,bank_transfer,success,513.48,SGD
PAY0003072,ORD0003072,2026-04-20T12:44:17Z,card,success,7363.79,SGD
PAY0003073,ORD0003073,2026-04-08T09:15:11Z,paypal,success,11582.01,SGD
PAY0003074,ORD0003074,2026-05-08T00:38:51Z,bank_transfer,success,8034.55,SGD
PAY0003075,ORD0003075,2026-05-01T11:58:54Z,card,success,7708.54,SGD
PAY0003076,ORD0003076,2026-03-17T20:22:20Z,card,refunded,2121.18,SGD
PAY0003077,ORD0003077,2026-02-25T12:19:00Z,card,success,2208.76,SGD
PAY0003078,ORD0003078,2026-05-19T07:11:29Z,bank_transfer,success,11924.97,SGD
PAY0003079,ORD0003079,2026-01-27T16:43:29Z,bank_transfer,refunded,15099.25,SGD
PAY0003080,ORD0003080,2026-04-17T12:53:24Z,paypal,pending,4106.89,SGD
PAY0003081,ORD0003081,2026-05-13T20:09:45Z,wallet,success,19.64,SGD
PAY0003082,ORD0003082,2026-01-26T16:44:08Z,card,success,1361.36,SGD
PAY0003083,ORD0003083,2026-02-09T11:42:01Z,wallet,success,-3062.18,SGD
PAY0003084,ORD0003084,2026-04-12T11:19:08Z,paypal,success,4662.74,SGD
PAY0003085,ORD0003085,2026-01-30T05:22:37Z,bank_transfer,success,6444.81,SGD
PAY0003086,ORD0003086,2026-03-22T08:53:23Z,wallet,success,9491.24,SGD
PAY0003087,ORD0003087,2026-05-20T09:47:23Z,paypal,failed,788.88,SGD
PAY0003088,ORD0003088,2026-04-23T09:19:53Z,card,success,6895.19,SGD
PAY0003089,ORD0003089,2026-01-07T01:52:31Z,card,success,15073.77,SGD
PAY0003090,ORD0003090,2026-04-16T16:34:03Z,wallet,success,6012.1,SGD
PAY0003091,ORD0003091,2026-01-19T01:02:03Z,card,success,11122.39,SGD
PAY0003092,ORD0003092,2026-05-13T07:47:57Z,paypal,failed,13356.58,SGD
PAY0003093,ORD0003093,2026-02-12T04:57:00Z,paypal,success,6261.68,SGD
PAY0003094,ORD0003094,2026-05-17T09:22:20Z,paypal,success,20291.39,SGD
PAY0003095,ORD0003095,2026-05-05T04:23:40Z,paypal,success,6810.3,SGD
PAY0003096,ORD0003096,2026-01-05T21:39:15Z,card,success,3433.72,SGD
PAY0003097,ORD0003097,2026-05-23T23:23:06Z,bank_transfer,success,2254.03,SGD
PAY0003098,ORD0003098,2026-04-02T20:57:41Z,bank_transfer,success,7620.65,SGD
PAY0003099,ORD0003099,2026-05-21T10:46:58Z,card,success,7710.22,SGD
PAY0003100,ORD0003100,2026-03-17T19:19:09Z,paypal,refunded,6203.6,SGD
PAY0003101,ORD0003101,2026-05-08T04:49:28Z,bank_transfer,success,5444.7,SGD
PAY0003102,ORD0003102,2026-03-17T07:09:54Z,card,success,12172.12,SGD
PAY0003103,ORD0003103,2026-03-31T14:22:50Z,paypal,success,9414.93,SGD
PAY0003104,ORD0003104,2026-03-12T10:07:15Z,card,success,6597.94,SGD
PAY0003105,ORD0003105,2026-04-30T12:26:18Z,bank_transfer,refunded,657.31,SGD
PAY0003106,ORD0003106,2026-05-03T23:21:09Z,paypal,success,7811.46,SGD
PAY0003107,ORD0003107,2026-04-18T02:47:07Z,card,refunded,14142.69,SGD
PAY0003108,ORD0003108,2026-05-19T01:04:29Z,paypal,success,1215.63,SGD
PAY0003109,ORD0003109,2026-02-19T13:17:40Z,paypal,success,13775.37,SGD
PAY0003110,ORD0003110,2026-01-23T21:06:20Z,card,success,11156.54,SGD
PAY0003111,ORD0003111,2026-03-27T07:32:26Z,wallet,success,9410.86,SGD
PAY0003112,ORD0003112,2026-03-18T23:52:29Z,wallet,success,7060.76,SGD
PAY0003113,ORD0003113,2026-03-21T21:12:18Z,wallet,success,10785.45,SGD
PAY0003114,ORD0003114,2026-02-05T03:46:11Z,bank_transfer,pending,14052.36,SGD
PAY0003115,ORD0003115,2026-03-24T21:25:15Z,card,success,2073.84,SGD
PAY0003116,ORD0003116,2026-04-24T21:31:39Z,wallet,success,16346.53,SGD
PAY0003117,ORD0003117,2026-02-05T08:00:03Z,bank_transfer,success,11546.14,SGD
PAY0003118,ORD0003118,2026-04-12T03:41:32Z,wallet,success,6224.75,SGD
PAY0003119,ORD0003119,2026-02-15T16:51:39Z,paypal,refunded,18052.91,SGD
PAY0003120,ORD0003120,2026-05-02T13:53:39Z,card,refunded,2680.11,SGD
PAY0003121,ORD0003121,2026-03-09T22:24:49Z,paypal,success,11873.54,SGD
PAY0003122,ORD0003122,2026-01-21T07:53:42Z,card,success,12972.49,SGD
PAY0003123,ORD0003123,2026-04-06T14:58:52Z,paypal,pending,7062.25,SGD
PAY0003124,ORD0003124,2026-04-05T08:11:59Z,card,success,15320.78,SGD
PAY0003125,ORD0003125,2026-04-06T11:51:16Z,bank_transfer,success,5772.11,SGD
PAY0003126,ORD0003126,2026-03-20T21:10:39Z,bank_transfer,success,4525.98,SGD
PAY0003127,ORD0003127,2026-04-13T02:42:31Z,wallet,success,7637.14,SGD
PAY0003128,ORD0003128,2026-01-15T13:07:41Z,paypal,success,10499.96,SGD
PAY0003129,ORD0003129,2026-05-03T03:04:33Z,wallet,success,12582.63,SGD
PAY0003130,ORD0003130,2026-05-10T09:39:51Z,paypal,success,8220.89,SGD
PAY0003131,ORD0003131,2026-02-05T05:52:23Z,wallet,failed,11362.32,SGD
PAY0003132,ORD0003132,2026-02-21T22:03:41Z,bank_transfer,success,17133.25,SGD
PAY0003133,ORD0003133,2026-01-02T09:19:56Z,wallet,success,1332.98,SGD
PAY0003134,ORD0003134,2026-04-01T14:45:22Z,wallet,success,9592.7,SGD
PAY0003135,ORD0003135,2026-04-18T05:39:21Z,card,failed,18329.07,SGD
PAY0003136,ORD0003136,2026-03-09T08:52:36Z,bank_transfer,failed,6091.75,SGD
PAY0003137,ORD0003137,2026-02-02T16:51:39Z,bank_transfer,success,7564.6,SGD
PAY0003138,ORD0003138,2026-03-18T12:02:45Z,bank_transfer,success,10407.27,SGD
PAY0003139,ORD0003139,2026-03-28T00:12:09Z,bank_transfer,pending,2013.48,SGD
PAY0003140,ORD0003140,2026-03-28T03:20:19Z,paypal,success,6665.37,SGD
PAY0003141,ORD0003141,2026-03-27T23:18:17Z,paypal,success,4198.83,SGD
PAY0003142,ORD0003142,2026-02-14T03:11:11Z,bank_transfer,success,17929.28,SGD
PAY0003143,ORD0003143,2026-04-14T08:11:45Z,card,success,5013.66,SGD
PAY0003144,ORD0003144,2026-04-28T21:42:57Z,card,success,6318.92,SGD
PAY0003145,ORD0003145,2026-02-23T18:51:53Z,bank_transfer,failed,11252.79,SGD
PAY0003146,ORD0003146,2026-02-04T09:00:43Z,card,pending,6101.01,SGD
PAY0003147,ORD0003147,2026-04-14T13:04:15Z,wallet,success,17299.33,SGD
PAY0003148,ORD0003148,2026-03-25T20:47:24Z,wallet,failed,1716.86,SGD
PAY0003149,ORD0003149,2026-04-05T09:08:26Z,bank_transfer,success,10754.3,SGD
PAY0003150,ORD0003150,2026-01-18T07:32:54Z,wallet,success,6316.12,SGD
PAY0003151,ORD0003151,2026-04-26T19:50:24Z,wallet,success,4343.76,SGD
PAY0003152,ORD0003152,2026-03-31T15:12:14Z,bank_transfer,pending,13990.11,SGD
PAY0003153,ORD0003153,2026-05-08T07:30:22Z,card,success,12208.67,SGD
PAY0003154,ORD0003154,2026-05-05T14:07:02Z,wallet,refunded,6129.13,SGD
PAY0003155,ORD0003155,2026-04-13T13:37:36Z,bank_transfer,pending,8006.22,SGD
PAY0003156,ORD0003156,2026-02-01T02:16:02Z,card,refunded,1510.71,SGD
PAY0003157,ORD0003157,2026-02-06T11:28:40Z,bank_transfer,success,9645.48,SGD
PAY0003158,ORD0003158,2026-02-18T07:22:35Z,card,success,11718.87,SGD
PAY0003159,ORD0003159,2026-03-20T14:00:54Z,paypal,success,7860.32,SGD
PAY0003160,ORD0003160,2026-02-09T20:15:56Z,paypal,refunded,13362.24,SGD
PAY0003161,ORD0003161,2026-04-11T13:00:57Z,paypal,success,16069.69,SGD
PAY0003162,ORD0003162,2026-01-26T04:14:50Z,paypal,failed,8770.01,SGD
PAY0003163,ORD0003163,2026-04-09T07:50:51Z,paypal,success,15589.48,SGD
PAY0003164,ORD0003164,2026-02-20T17:07:44Z,bank_transfer,success,2998.47,SGD
PAY0003165,ORD0003165,2026-04-25T03:41:29Z,paypal,success,1877.29,SGD
PAY0003166,ORD0003166,2026-05-02T16:36:29Z,card,success,4166.64,SGD
PAY0003167,ORD0003167,2026-02-10T04:20:50Z,card,success,7400.13,SGD
PAY0003168,ORD0003168,2026-02-08T01:55:03Z,card,success,1060.59,SGD
PAY0003169,ORD0003169,2026-03-19T14:31:26Z,wallet,success,9026.9,SGD
PAY0003170,ORD0003170,2026-01-12T17:21:09Z,card,success,14498.72,SGD
PAY0003171,ORD0003171,2026-01-05T06:36:18Z,wallet,success,12381.21,SGD
PAY0003172,ORD0003172,2026-05-15T14:19:53Z,bank_transfer,success,12703.98,SGD
PAY0003173,ORD0003173,2026-04-14T01:54:44Z,paypal,success,10955.63,SGD
PAY0003174,ORD0003174,2026-05-20T05:41:04Z,paypal,success,7285.26,SGD
PAY0003175,ORD0003175,2026-05-12T18:55:54Z,card,success,9393.63,SGD
PAY0003176,ORD0003176,2026-04-01T17:17:16Z,card,success,5838.41,SGD
PAY0003177,ORD0003177,2026-04-10T17:24:38Z,card,success,11904.4,SGD
PAY0003178,ORD0003178,2026-05-18T15:46:59Z,paypal,success,16995.34,SGD
PAY0003179,ORD0003179,2026-03-21T03:30:29Z,wallet,success,4926.89,SGD
PAY0003180,ORD0003180,2026-03-10T10:25:19Z,bank_transfer,failed,10026.03,SGD
PAY0003181,ORD0003181,2026-05-19T06:35:16Z,paypal,success,7557.66,SGD
PAY0003182,ORD0003182,2026-04-07T10:46:12Z,paypal,failed,9224.69,SGD
PAY0003183,ORD0003183,2026-03-28T22:01:46Z,paypal,success,7670.47,SGD
PAY0003184,ORD0003184,2026-01-13T03:21:11Z,wallet,pending,7131.69,SGD
PAY0003185,ORD0003185,2026-02-21T11:51:45Z,card,success,2229.84,SGD
PAY0003186,ORD0003186,2026-03-23T22:51:25Z,bank_transfer,success,12681.46,SGD
PAY0003187,ORD0003187,2026-03-28T19:11:46Z,bank_transfer,success,7801.8,SGD
PAY0003188,ORD0003188,2026-01-13T06:26:12Z,bank_transfer,success,2961.33,SGD
PAY0003189,ORD0003189,2026-03-07T20:33:01Z,bank_transfer,success,4702.9,SGD
PAY0003190,ORD0003190,2026-03-12T15:49:30Z,bank_transfer,pending,4214.19,SGD
PAY0003191,ORD0003191,2026-05-08T19:36:43Z,paypal,refunded,11915.85,SGD
PAY0003192,ORD0003192,2026-04-08T16:07:52Z,card,pending,229.8,SGD
PAY0003193,ORD0003193,2026-03-06T01:35:56Z,bank_transfer,success,7157.64,SGD
PAY0003194,ORD0003194,2026-03-17T22:41:52Z,bank_transfer,success,9503.02,SGD
PAY0003195,ORD0003195,2026-05-12T21:25:46Z,card,success,4030.26,SGD
PAY0003196,ORD0003196,2026-01-16T06:44:21Z,wallet,success,1210.83,SGD
PAY0003197,ORD0003197,2026-02-25T10:11:41Z,bank_transfer,success,2019.93,SGD
PAY0003198,ORD0003198,2026-02-12T04:41:55Z,bank_transfer,refunded,3499.81,SGD
PAY0003199,ORD0003199,2026-02-02T23:01:19Z,wallet,failed,3109.68,SGD
PAY0003200,ORD0003200,2026-03-29T09:29:42Z,paypal,success,1294.84,SGD
PAY0003201,ORD0003201,2026-02-18T06:00:05Z,card,success,5962.08,SGD
PAY0003202,ORD0003202,2026-02-27T03:08:18Z,bank_transfer,success,8131.33,SGD
PAY0003203,ORD0003203,2026-03-31T23:26:09Z,bank_transfer,success,14668.71,SGD
PAY0003204,ORD0003204,2026-01-19T01:36:32Z,card,success,13014.83,SGD
PAY0003205,ORD0003205,2026-02-19T23:37:35Z,bank_transfer,failed,14373.7,SGD
PAY0003206,ORD0003206,2026-04-30T11:07:27Z,card,success,3231.39,SGD
PAY0003207,ORD0003207,2026-04-18T22:13:27Z,card,failed,8968.84,SGD
PAY0003208,ORD0003208,2026-04-15T11:59:38Z,paypal,success,6600.9,SGD
PAY0003209,ORD0003209,2026-03-16T12:42:43Z,card,refunded,7574.21,SGD
PAY0003210,ORD0003210,2026-03-17T03:03:49Z,card,refunded,3039.75,SGD
PAY0003211,ORD0003211,2026-04-12T03:19:40Z,card,success,13047.79,SGD
PAY0003212,ORD0003212,2026-03-29T07:43:56Z,paypal,success,-12877.47,SGD
PAY0003213,ORD0003213,2026-01-14T01:46:35Z,wallet,failed,9114.05,SGD
PAY0003214,ORD0003214,2026-02-19T16:08:30Z,paypal,success,7424.52,SGD
PAY0003215,ORD0003215,2026-03-26T08:42:06Z,bank_transfer,success,1386.11,SGD
PAY0003216,ORD0003216,2026-04-10T01:50:44Z,paypal,success,5876.54,SGD
PAY0003217,ORD0003217,2026-04-13T12:13:23Z,paypal,success,1353.26,SGD
PAY0003218,ORD0003218,2026-02-13T11:28:29Z,card,success,12148.3,SGD
PAY0003219,ORD0003219,2026-03-24T06:17:14Z,wallet,success,12912.12,SGD
PAY0003220,ORD0003220,2026-02-24T06:21:46Z,card,success,3303.7,SGD
PAY0003221,ORD0003221,2026-04-06T10:31:52Z,paypal,success,405.21,SGD
PAY0003222,ORD0003222,2026-02-21T22:13:27Z,wallet,success,12114.4,SGD
PAY0003223,ORD0003223,2026-01-04T17:21:33Z,wallet,pending,6442.24,SGD
PAY0003224,ORD0003224,2026-02-26T07:52:48Z,wallet,success,4802.1,SGD
PAY0003225,ORD0003225,2026-02-12T22:30:13Z,wallet,success,5440.27,SGD
PAY0003226,ORD0003226,2026-03-07T21:13:50Z,bank_transfer,success,3837.34,SGD
PAY0003227,ORD0003227,2026-02-24T20:13:59Z,wallet,success,658.6,SGD
PAY0003228,ORD0003228,2026-01-09T10:30:35Z,wallet,success,5191.27,SGD
PAY0003229,ORD0003229,2026-01-05T07:22:21Z,card,pending,2582.64,SGD
PAY0003230,ORD0003230,2026-01-27T23:56:07Z,wallet,success,8252.64,SGD
PAY0003231,ORD0003231,2026-03-03T01:29:39Z,bank_transfer,success,525.92,SGD
PAY0003232,ORD0003232,2026-04-05T16:59:48Z,paypal,success,4290.26,SGD
PAY0003233,ORD0003233,2026-03-16T10:43:33Z,card,refunded,9604.22,SGD
PAY0003234,ORD0003234,2026-04-13T22:18:53Z,card,success,13951.27,SGD
PAY0003235,ORD0003235,2026-04-13T14:40:08Z,bank_transfer,success,3821.62,SGD
PAY0003236,ORD0003236,2026-04-13T14:52:08Z,card,success,3996.53,SGD
PAY0003237,ORD0003237,2026-05-07T16:58:00Z,card,success,7888.46,SGD
PAY0003238,ORD0003238,2026-02-25T06:31:17Z,bank_transfer,refunded,4727.52,SGD
PAY0003239,ORD0003239,2026-03-13T14:23:24Z,bank_transfer,success,8713.69,SGD
PAY0003240,ORD0003240,2026-03-20T19:48:41Z,wallet,success,5944.18,SGD
PAY0003241,ORD0003241,2026-03-31T20:13:35Z,wallet,success,5251.4,SGD
PAY0003242,ORD0003242,2026-05-13T00:58:00Z,wallet,success,9621.89,SGD
PAY0003243,ORD0003243,2026-04-13T18:57:09Z,wallet,success,3069.33,SGD
PAY0003244,ORD0003244,2026-05-14T21:41:25Z,wallet,pending,1262.14,SGD
PAY0003245,ORD0003245,2026-03-12T12:44:33Z,paypal,refunded,342.32,SGD
PAY0003246,ORD0003246,2026-05-20T08:01:23Z,bank_transfer,success,3926.37,SGD
PAY0003247,ORD0003247,2026-05-06T01:00:53Z,card,pending,6690.75,SGD
PAY0003248,ORD0003248,2026-02-28T07:55:47Z,wallet,success,13811.88,SGD
PAY0003249,ORD0003249,2026-03-13T15:36:21Z,paypal,pending,2948.52,SGD
PAY0003250,ORD0003250,2026-03-13T14:56:56Z,bank_transfer,success,20530.57,SGD
PAY0003251,ORD0003251,2026-01-22T12:42:37Z,bank_transfer,success,6540.5,SGD
PAY0003252,ORD0003252,2026-04-19T23:06:34Z,card,pending,13160.21,SGD
PAY0003253,ORD0003253,2026-04-22T01:31:51Z,paypal,success,14653.32,SGD
PAY0003254,ORD0003254,2026-05-10T20:02:48Z,paypal,pending,16888.75,SGD
PAY0003255,ORD0003255,2026-01-26T03:45:39Z,wallet,success,3512.24,SGD
PAY0003256,ORD0003256,2026-03-26T07:35:08Z,bank_transfer,success,11432.55,SGD
PAY0003257,ORD0003257,2026-02-02T12:15:18Z,paypal,success,2090.59,SGD
PAY0003258,ORD0003258,2026-02-16T16:33:04Z,bank_transfer,pending,19664.26,SGD
PAY0003259,ORD0003259,2026-01-21T15:00:11Z,bank_transfer,success,7233.59,SGD
PAY0003260,ORD0003260,2026-01-26T09:18:19Z,bank_transfer,failed,6729.06,SGD
PAY0003261,ORD0003261,2026-02-24T20:20:41Z,card,pending,9385.0,SGD
PAY0003262,ORD0003262,2026-04-15T07:07:13Z,wallet,success,5493.23,SGD
PAY0003263,ORD0003263,2026-01-08T01:00:19Z,wallet,success,11785.94,SGD
PAY0003264,ORD0003264,2026-04-23T04:30:21Z,paypal,success,7769.95,SGD
PAY0003265,ORD0003265,2026-04-18T19:13:51Z,paypal,success,16539.75,SGD
PAY0003266,ORD0003266,2026-02-15T17:16:41Z,paypal,success,2107.7,SGD
PAY0003267,ORD0003267,2026-04-17T15:48:32Z,paypal,pending,3787.06,SGD
PAY0003268,ORD0003268,2026-03-13T14:23:15Z,wallet,success,5786.85,SGD
PAY0003269,ORD0003269,2026-03-25T20:18:33Z,paypal,success,5271.18,SGD
PAY0003270,ORD0003270,2026-05-06T03:32:03Z,card,success,2329.96,SGD
PAY0003271,ORD0003271,2026-04-04T16:58:13Z,wallet,failed,2818.66,SGD
PAY0003272,ORD0003272,2026-02-28T12:45:40Z,paypal,success,6810.95,SGD
PAY0003273,ORD0003273,2026-05-14T23:23:34Z,paypal,success,12231.17,SGD
PAY0003274,ORD0003274,2026-02-06T14:17:13Z,card,success,14009.4,SGD
PAY0003275,ORD0003275,2026-04-15T01:47:58Z,paypal,success,8396.96,SGD
PAY0003276,ORD0003276,2026-04-23T12:13:46Z,wallet,pending,3920.97,SGD
PAY0003277,ORD0003277,2026-04-26T04:52:06Z,bank_transfer,success,11441.15,SGD
PAY0003278,ORD0003278,2026-04-12T21:27:49Z,wallet,success,14964.59,SGD
PAY0003279,ORD0003279,2026-03-29T01:51:15Z,wallet,success,12449.82,SGD
PAY0003280,ORD0003280,2026-05-20T05:22:56Z,card,success,2288.34,SGD
PAY0003281,ORD0003281,2026-05-05T21:35:00Z,bank_transfer,success,10043.46,SGD
PAY0003282,ORD0003282,2026-02-04T13:59:41Z,bank_transfer,success,2465.56,SGD
PAY0003283,ORD0003283,2026-05-09T21:00:10Z,bank_transfer,success,9638.58,SGD
PAY0003284,ORD0003284,2026-01-13T02:44:55Z,card,success,12638.5,SGD
PAY0003285,ORD0003285,2026-02-18T12:58:01Z,card,failed,4896.06,SGD
PAY0003286,ORD0003286,2026-05-24T08:18:42Z,bank_transfer,success,4694.35,SGD
PAY0003287,ORD0003287,2026-03-19T15:01:09Z,wallet,success,6096.84,SGD
PAY0003288,ORD0003288,2026-01-24T16:36:43Z,wallet,success,9793.74,SGD
PAY0003289,ORD0003289,2026-04-11T14:43:08Z,wallet,success,14895.08,SGD
PAY0003290,ORD0003290,2026-04-02T23:45:31Z,card,refunded,7948.98,SGD
PAY0003291,ORD0003291,2026-02-04T15:16:06Z,bank_transfer,success,1359.89,SGD
PAY0003292,ORD0003292,2026-02-25T01:31:46Z,wallet,refunded,4317.7,SGD
PAY0003293,ORD0003293,2026-05-17T15:16:12Z,paypal,success,9813.12,SGD
PAY0003294,ORD0003294,2026-03-29T12:06:55Z,card,success,1539.28,SGD
PAY0003295,ORD0003295,2026-03-01T16:28:57Z,bank_transfer,refunded,17907.66,SGD
PAY0003296,ORD0003296,2026-02-06T06:08:06Z,wallet,success,5150.58,SGD
PAY0003297,ORD0003297,2026-04-28T19:51:30Z,card,success,4318.46,SGD
PAY0003298,ORD0003298,2026-05-08T03:57:13Z,wallet,success,2167.05,SGD
PAY0003299,ORD0003299,2026-01-27T17:15:08Z,card,success,2117.96,SGD
PAY0003300,ORD0003300,2026-02-15T19:52:46Z,bank_transfer,success,7670.1,SGD
PAY0003301,ORD0003301,2026-05-22T03:30:51Z,bank_transfer,success,12619.64,SGD
PAY0003302,ORD0003302,2026-01-28T03:34:34Z,card,success,3335.86,SGD
PAY0003303,ORD0003303,2026-01-08T16:27:19Z,paypal,pending,6432.5,SGD
PAY0003304,ORD0003304,2026-05-18T03:47:03Z,wallet,failed,13478.17,SGD
PAY0003305,ORD0003305,2026-03-07T16:20:12Z,card,success,5397.33,SGD
PAY0003306,ORD0003306,2026-01-15T05:35:11Z,bank_transfer,success,10044.66,SGD
PAY0003307,ORD0003307,2026-05-10T10:20:20Z,wallet,success,13625.13,SGD
PAY0003308,ORD0003308,2026-02-06T01:25:06Z,paypal,success,11867.15,SGD
PAY0003309,ORD0003309,2026-03-31T06:03:08Z,paypal,failed,9142.51,SGD
PAY0003310,ORD0003310,2026-03-30T17:41:55Z,wallet,pending,11179.08,SGD
PAY0003311,ORD0003311,2026-01-16T16:27:34Z,card,refunded,9303.75,SGD
PAY0003312,ORD0003312,2026-04-01T20:26:38Z,paypal,pending,2038.89,SGD
PAY0003313,ORD0003313,2026-04-04T04:20:01Z,paypal,success,2505.15,SGD
PAY0003314,ORD0003314,2026-02-24T21:27:26Z,paypal,pending,17884.04,SGD
PAY0003315,ORD0003315,2026-04-17T06:18:52Z,card,success,7755.71,SGD
PAY0003316,ORD0003316,2026-02-03T08:04:07Z,paypal,success,4390.03,SGD
PAY0003317,ORD0003317,2026-01-14T02:17:17Z,card,success,11847.34,SGD
PAY0003318,ORD0003318,2026-04-26T21:47:31Z,paypal,refunded,8454.59,SGD
PAY0003319,ORD0003319,2026-03-07T02:20:37Z,bank_transfer,success,1056.81,SGD
PAY0003320,ORD0003320,2026-01-28T15:46:26Z,bank_transfer,success,4613.69,SGD
PAY0003321,ORD0003321,2026-01-08T17:04:43Z,bank_transfer,success,5318.04,SGD
PAY0003322,ORD0003322,2026-04-11T04:36:19Z,wallet,success,7755.38,SGD
PAY0003323,ORD0003323,2026-03-28T02:00:24Z,bank_transfer,refunded,6219.63,SGD
PAY0003324,ORD0003324,2026-04-07T18:06:07Z,bank_transfer,success,3943.84,SGD
PAY0003325,ORD0003325,2026-01-21T10:58:31Z,bank_transfer,success,9595.19,SGD
PAY0003326,ORD0003326,2026-02-15T15:50:11Z,paypal,refunded,850.13,SGD
PAY0003327,ORD0003327,2026-04-17T05:59:53Z,bank_transfer,success,109.26,SGD
PAY0003328,ORD0003328,2026-04-08T07:05:46Z,wallet,success,7594.8,SGD
PAY0003329,ORD0003329,2026-02-20T21:45:58Z,paypal,success,1824.9,SGD
PAY0003330,ORD0003330,2026-05-03T20:00:55Z,card,success,6721.35,SGD
PAY0003331,ORD0003331,2026-01-03T03:12:31Z,paypal,success,6101.12,SGD
PAY0003332,ORD0003332,2026-02-11T09:17:44Z,wallet,success,4277.86,SGD
PAY0003333,ORD0003333,2026-01-09T18:20:34Z,card,success,7902.9,SGD
PAY0003334,ORD0003334,2026-03-07T08:02:12Z,bank_transfer,success,4182.95,SGD
PAY0003335,ORD0003335,2026-05-13T06:02:09Z,card,success,6920.32,SGD
PAY0003336,ORD0003336,2026-03-15T08:59:56Z,card,success,14328.34,SGD
PAY0003337,ORD0003337,2026-03-27T01:51:55Z,bank_transfer,success,2764.65,SGD
PAY0003338,ORD0003338,2026-02-11T09:08:21Z,paypal,failed,12293.49,SGD
PAY0003339,ORD0003339,2026-01-08T14:21:00Z,card,success,8723.47,SGD
PAY0003340,ORD0003340,2026-05-24T02:03:46Z,paypal,pending,12725.67,SGD
PAY0003341,ORD0003341,2026-04-23T10:03:08Z,card,success,4284.97,SGD
PAY0003342,ORD0003342,2026-04-05T03:20:49Z,wallet,success,17578.8,SGD
PAY0003343,ORD0003343,2026-03-12T05:56:50Z,wallet,success,5781.73,SGD
PAY0003344,ORD0003344,2026-01-07T01:02:16Z,wallet,refunded,6790.46,SGD
PAY0003345,ORD0003345,2026-04-01T23:41:13Z,paypal,success,2577.26,SGD
PAY0003346,ORD0003346,2026-01-11T17:33:35Z,paypal,failed,4401.59,SGD
PAY0003347,ORD0003347,2026-02-24T20:30:06Z,bank_transfer,success,14008.82,SGD
PAY0003348,ORD0003348,2026-05-20T01:23:13Z,bank_transfer,pending,2056.14,SGD
PAY0003349,ORD0003349,2026-05-10T09:08:38Z,wallet,success,9590.08,SGD
PAY0003350,ORD0003350,2026-02-03T18:41:35Z,card,success,9580.19,SGD
PAY0003351,ORD0003351,2026-01-05T12:31:15Z,bank_transfer,pending,9566.86,SGD
PAY0003352,ORD0003352,2026-03-26T03:54:27Z,paypal,success,9620.68,SGD
PAY0003353,ORD0003353,2026-01-23T08:38:50Z,paypal,success,617.8,SGD
PAY0003354,ORD0003354,2026-02-17T01:27:32Z,wallet,success,6009.41,SGD
PAY0003355,ORD0003355,2026-02-17T10:46:56Z,paypal,success,3774.54,SGD
PAY0003356,ORD0003356,2026-05-12T23:02:39Z,paypal,success,1623.54,SGD
PAY0003357,ORD0003357,2026-01-20T16:08:50Z,card,success,14152.76,SGD
PAY0003358,ORD0003358,2026-04-01T17:29:06Z,card,success,10037.25,SGD
PAY0003359,ORD0003359,2026-02-26T00:46:56Z,wallet,success,5220.46,SGD
PAY0003360,ORD0003360,2026-04-10T01:36:34Z,paypal,success,3951.18,SGD
PAY0003361,ORD0003361,2026-01-05T05:47:30Z,wallet,success,6868.61,SGD
PAY0003362,ORD0003362,2026-03-16T03:08:26Z,paypal,success,5958.02,SGD
PAY0003363,ORD0003363,2026-01-24T23:54:19Z,paypal,success,7625.95,SGD
PAY0003364,ORD0003364,2026-01-27T18:32:12Z,wallet,success,21173.51,SGD
PAY0003365,ORD0003365,2026-01-25T23:40:42Z,paypal,success,4812.98,SGD
PAY0003366,ORD0003366,2026-03-27T01:15:39Z,paypal,pending,6860.05,SGD
PAY0003367,ORD0003367,2026-03-24T11:32:27Z,bank_transfer,success,2098.87,SGD
PAY0003368,ORD0003368,2026-05-01T16:26:47Z,card,refunded,14329.03,SGD
PAY0003369,ORD0003369,2026-03-03T13:26:13Z,bank_transfer,refunded,8673.36,SGD
PAY0003370,ORD0003370,2026-04-14T16:08:23Z,card,success,3544.71,SGD
PAY0003371,ORD0003371,2026-03-09T11:26:35Z,wallet,success,9122.2,SGD
PAY0003372,ORD0003372,2026-05-06T07:02:10Z,bank_transfer,success,15353.37,SGD
PAY0003373,ORD0003373,2026-02-11T04:44:46Z,paypal,success,8340.16,SGD
PAY0003374,ORD0003374,2026-04-04T17:44:26Z,card,success,10027.18,SGD
PAY0003375,ORD0003375,2026-02-24T20:20:04Z,bank_transfer,success,1114.92,SGD
PAY0003376,ORD0003376,2026-02-27T19:25:21Z,bank_transfer,success,8887.89,SGD
PAY0003377,ORD0003377,2026-04-20T07:09:34Z,paypal,refunded,7783.19,SGD
PAY0003378,ORD0003378,2026-04-01T22:01:08Z,wallet,success,11449.84,SGD
PAY0003379,ORD0003379,2026-04-22T10:23:31Z,card,pending,10081.55,SGD
PAY0003380,ORD0003380,2026-01-28T21:11:16Z,wallet,pending,3717.57,SGD
PAY0003381,ORD0003381,2026-05-14T03:40:11Z,bank_transfer,failed,921.55,SGD
PAY0003382,ORD0003382,2026-05-13T02:54:55Z,paypal,success,19392.86,SGD
PAY0003383,ORD0003383,2026-05-14T04:35:45Z,bank_transfer,success,10468.89,SGD
PAY0003384,ORD0003384,2026-05-16T16:37:29Z,card,refunded,12285.45,SGD
PAY0003385,ORD0003385,2026-05-21T21:15:52Z,paypal,success,6168.06,SGD
PAY0003386,ORD0003386,2026-05-22T16:42:20Z,paypal,success,10624.69,SGD
PAY0003387,ORD0003387,2026-03-17T06:44:28Z,bank_transfer,pending,8622.06,SGD
PAY0003388,ORD0003388,2026-05-09T22:18:20Z,card,success,2249.78,SGD
PAY0003389,ORD0003389,2026-01-16T12:11:15Z,paypal,success,1006.74,SGD
PAY0003390,ORD0003390,2026-05-20T13:13:33Z,wallet,success,2914.85,SGD
PAY0003391,ORD0003391,2026-03-11T06:06:37Z,card,success,5771.72,SGD
PAY0003392,ORD0003392,2026-02-21T12:46:54Z,card,success,1984.75,SGD
PAY0003393,ORD0003393,2026-02-11T23:19:36Z,card,success,10699.34,SGD
PAY0003394,ORD0003394,2026-04-06T04:04:49Z,card,failed,4345.44,SGD
PAY0003395,ORD0003395,2026-04-21T14:21:04Z,bank_transfer,failed,4911.35,SGD
PAY0003396,ORD0003396,2026-02-05T06:39:19Z,bank_transfer,success,13059.27,SGD
PAY0003397,ORD0003397,2026-05-01T23:57:38Z,wallet,success,1599.06,SGD
PAY0003398,ORD0003398,2026-02-23T11:33:30Z,bank_transfer,success,9577.67,SGD
PAY0003399,ORD0003399,2026-05-05T01:49:42Z,paypal,refunded,18.81,SGD
PAY0003400,ORD0003400,2026-04-28T23:18:04Z,card,success,11626.42,SGD
PAY0003401,ORD0003401,2026-04-24T11:43:12Z,card,success,13439.47,SGD
PAY0003402,ORD0003402,2026-02-15T13:54:32Z,wallet,success,5545.32,SGD
PAY0003403,ORD0003403,2026-03-10T02:49:05Z,card,success,2518.64,SGD
PAY0003404,ORD0003404,2026-03-26T06:42:52Z,wallet,success,5140.57,SGD
PAY0003405,ORD0003405,2026-04-10T16:15:25Z,bank_transfer,refunded,14925.33,SGD
PAY0003406,ORD0003406,2026-03-07T19:36:37Z,wallet,success,4748.04,SGD
PAY0003407,ORD0003407,2026-02-18T06:04:55Z,wallet,refunded,9695.64,SGD
PAY0003408,ORD0003408,2026-04-15T21:33:21Z,bank_transfer,success,3781.4,SGD
PAY0003409,ORD0003409,2026-05-09T15:35:57Z,wallet,success,1999.47,SGD
PAY0003410,ORD0003410,2026-01-21T14:30:28Z,card,pending,14830.32,SGD
PAY0003411,ORD0003411,2026-02-19T20:50:20Z,paypal,success,13957.14,SGD
PAY0003412,ORD0003412,2026-03-03T03:42:50Z,paypal,refunded,2109.99,SGD
PAY0003413,ORD0003413,2026-05-05T13:44:20Z,bank_transfer,success,10783.99,SGD
PAY0003414,ORD0003414,2026-03-30T07:40:20Z,paypal,failed,251.23,SGD
PAY0003415,ORD0003415,2026-01-22T07:39:31Z,paypal,refunded,4631.17,SGD
PAY0003416,ORD0003416,2026-03-27T04:10:36Z,bank_transfer,success,-1006.06,SGD
PAY0003417,ORD0003417,2026-05-03T00:21:57Z,bank_transfer,failed,7756.86,SGD
PAY0003418,ORD0003418,2026-04-23T15:04:11Z,wallet,success,8856.81,SGD
PAY0003419,ORD0003419,2026-03-08T11:23:05Z,paypal,success,3826.18,SGD
PAY0003420,ORD0003420,2026-01-15T01:35:49Z,bank_transfer,success,4074.98,SGD
PAY0003421,ORD0003421,2026-04-25T00:23:53Z,paypal,success,10019.93,SGD
PAY0003422,ORD0003422,2026-01-02T09:03:23Z,bank_transfer,pending,18018.27,SGD
PAY0003423,ORD0003423,2026-02-09T06:42:55Z,card,success,5271.18,SGD
PAY0003424,ORD0003424,2026-04-25T07:11:30Z,bank_transfer,failed,12761.01,SGD
PAY0003425,ORD0003425,2026-05-20T20:07:10Z,card,failed,3349.98,SGD
PAY0003426,ORD0003426,2026-01-05T20:17:51Z,bank_transfer,pending,5768.78,SGD
PAY0003427,ORD0003427,2026-02-24T00:12:31Z,card,success,13094.92,SGD
PAY0003428,ORD0003428,2026-04-08T19:35:13Z,bank_transfer,success,15030.42,SGD
PAY0003429,ORD0003429,2026-03-14T18:14:29Z,wallet,failed,8066.82,SGD
PAY0003430,ORD0003430,2026-04-06T00:46:29Z,bank_transfer,refunded,8923.88,SGD
PAY0003431,ORD0003431,2026-03-23T06:18:20Z,bank_transfer,success,5444.33,SGD
PAY0003432,ORD0003432,2026-04-24T15:37:30Z,wallet,success,3554.27,SGD
PAY0003433,ORD0003433,2026-01-27T22:46:46Z,wallet,refunded,1777.17,SGD
PAY0003434,ORD0003434,2026-03-10T04:25:28Z,paypal,pending,6813.16,SGD
PAY0003435,ORD0003435,2026-01-02T09:15:53Z,card,success,9290.26,SGD
PAY0003436,ORD0003436,2026-05-24T10:06:09Z,paypal,success,12262.54,SGD
PAY0003437,ORD0003437,2026-03-14T08:37:32Z,paypal,failed,8757.12,SGD
PAY0003438,ORD0003438,2026-05-05T11:42:39Z,card,success,10932.03,SGD
PAY0003439,ORD0003439,2026-01-27T02:27:43Z,paypal,success,-9272.08,SGD
PAY0003440,ORD0003440,2026-05-16T22:06:05Z,paypal,failed,7614.48,SGD
PAY0003441,ORD0003441,2026-05-12T23:25:47Z,card,success,15695.24,SGD
PAY0003442,ORD0003442,2026-04-24T12:07:55Z,card,success,3847.46,SGD
PAY0003443,ORD0003443,2026-05-16T06:49:56Z,wallet,refunded,11323.56,SGD
PAY0003444,ORD0003444,2026-04-12T13:54:01Z,wallet,refunded,3502.71,SGD
PAY0003445,ORD0003445,2026-01-15T13:57:06Z,card,success,3503.18,SGD
PAY0003446,ORD0003446,2026-01-15T04:34:33Z,bank_transfer,pending,9694.74,SGD
PAY0003447,ORD0003447,2026-03-24T10:34:49Z,paypal,refunded,11807.52,SGD
PAY0003448,ORD0003448,2026-02-18T16:10:01Z,wallet,success,16030.65,SGD
PAY0003449,ORD0003449,2026-05-23T18:50:01Z,paypal,success,6614.11,SGD
PAY0003450,ORD0003450,2026-02-02T17:02:56Z,wallet,pending,10748.18,SGD
PAY0003451,ORD0003451,2026-01-23T17:53:56Z,wallet,failed,11390.2,SGD
PAY0003452,ORD0003452,2026-01-16T00:34:39Z,wallet,failed,327.78,SGD
PAY0003453,ORD0003453,2026-01-02T18:51:30Z,bank_transfer,success,4797.39,SGD
PAY0003454,ORD0003454,2026-03-10T08:37:24Z,bank_transfer,failed,10160.45,SGD
PAY0003455,ORD0003455,2026-03-24T14:15:01Z,bank_transfer,success,6809.97,SGD
PAY0003456,ORD0003456,2026-04-12T10:14:27Z,bank_transfer,success,9282.39,SGD
PAY0003457,ORD0003457,2026-02-23T17:23:16Z,wallet,success,6872.86,SGD
PAY0003458,ORD0003458,2026-05-11T14:50:07Z,paypal,success,8419.89,SGD
PAY0003459,ORD0003459,2026-04-05T19:30:18Z,paypal,success,12276.06,SGD
PAY0003460,ORD0003460,2026-01-11T13:21:41Z,bank_transfer,success,6459.04,SGD
PAY0003461,ORD0003461,2026-04-05T01:35:44Z,wallet,success,13362.37,SGD
PAY0003462,ORD0003462,2026-03-26T18:30:37Z,card,success,7773.72,SGD
PAY0003463,ORD0003463,2026-02-13T19:35:12Z,paypal,success,5145.38,SGD
PAY0003464,ORD0003464,2026-03-25T03:48:52Z,paypal,success,10701.13,SGD
PAY0003465,ORD0003465,2026-03-31T20:35:16Z,bank_transfer,refunded,529.78,SGD
PAY0003466,ORD0003466,2026-02-19T12:08:37Z,wallet,success,4663.88,SGD
PAY0003467,ORD0003467,2026-02-05T04:11:15Z,card,success,12888.13,SGD
PAY0003468,ORD0003468,2026-03-29T09:56:22Z,card,success,12985.57,SGD
PAY0003469,ORD0003469,2026-02-25T21:45:15Z,paypal,success,2262.01,SGD
PAY0003470,ORD0003470,2026-01-07T13:48:14Z,card,success,9796.96,SGD
PAY0003471,ORD0003471,2026-03-18T13:28:09Z,paypal,success,4928.0,SGD
PAY0003472,ORD0003472,2026-04-20T10:43:38Z,card,failed,11121.01,SGD
PAY0003473,ORD0003473,2026-03-27T17:36:38Z,card,pending,6082.29,SGD
PAY0003474,ORD0003474,2026-01-12T00:12:29Z,paypal,success,3261.75,SGD
PAY0003475,ORD0003475,2026-01-09T11:48:00Z,wallet,success,13463.27,SGD
PAY0003476,ORD0003476,2026-03-06T06:46:59Z,paypal,success,15659.44,SGD
PAY0003477,ORD0003477,2026-01-06T10:42:13Z,wallet,success,2364.79,SGD
PAY0003478,ORD0003478,2026-05-06T23:14:45Z,card,pending,13980.62,SGD
PAY0003479,ORD0003479,2026-04-01T10:35:14Z,paypal,success,8943.59,SGD
PAY0003480,ORD0003480,2026-04-21T12:38:46Z,bank_transfer,success,11289.24,SGD
PAY0003481,ORD0003481,2026-02-12T13:03:40Z,card,success,10267.47,SGD
PAY0003482,ORD0003482,2026-01-02T17:29:01Z,wallet,pending,4331.42,SGD
PAY0003483,ORD0003483,2026-04-04T05:47:44Z,wallet,refunded,5361.02,SGD
PAY0003484,ORD0003484,2026-02-23T01:23:45Z,paypal,success,4995.51,SGD
PAY0003485,ORD0003485,2026-04-16T20:44:30Z,bank_transfer,success,4540.18,SGD
PAY0003486,ORD0003486,2026-05-01T11:02:00Z,wallet,success,10938.87,SGD
PAY0003487,ORD0003487,2026-05-04T21:28:55Z,paypal,success,5915.76,SGD
PAY0003488,ORD0003488,2026-03-18T14:13:47Z,paypal,success,19588.81,SGD
PAY0003489,ORD0003489,2026-02-11T06:27:16Z,wallet,refunded,5828.74,SGD
PAY0003490,ORD0003490,2026-01-31T06:21:57Z,card,success,13790.4,SGD
PAY0003491,ORD0003491,2026-05-13T21:50:38Z,bank_transfer,success,21794.7,SGD
PAY0003492,ORD0003492,2026-03-05T13:07:01Z,bank_transfer,success,16638.55,SGD
PAY0003493,ORD0003493,2026-01-28T18:27:45Z,card,success,12504.74,SGD
PAY0003494,ORD0003494,2026-01-11T16:44:47Z,wallet,success,4899.26,SGD
PAY0003495,ORD0003495,2026-03-25T14:25:10Z,card,success,19185.29,SGD
PAY0003496,ORD0003496,2026-04-10T17:41:39Z,card,pending,7489.15,SGD
PAY0003497,ORD0003497,2026-04-30T16:29:45Z,card,success,5243.96,SGD
PAY0003498,ORD0003498,2026-04-12T00:35:05Z,bank_transfer,pending,16811.41,SGD
PAY0003499,ORD0003499,2026-05-08T09:43:41Z,wallet,success,2204.43,SGD
PAY0003500,ORD0003500,2026-04-23T11:47:37Z,card,failed,4795.94,SGD
PAY0003501,ORD0003501,2026-02-09T14:04:13Z,bank_transfer,success,6727.89,SGD
PAY0003502,ORD0003502,2026-01-06T11:05:16Z,wallet,success,4398.51,SGD
PAY0003503,ORD0003503,2026-01-20T08:20:58Z,card,success,1172.78,SGD
PAY0003504,ORD0003504,2026-05-14T05:03:55Z,bank_transfer,success,592.39,SGD
PAY0003505,ORD0003505,2026-02-02T15:06:27Z,card,success,1474.97,SGD
PAY0003506,ORD0003506,2026-02-06T09:41:14Z,bank_transfer,success,4424.91,SGD
PAY0003507,ORD0003507,2026-02-17T15:02:46Z,wallet,success,11775.3,SGD
PAY0003508,ORD0003508,2026-01-21T10:44:43Z,wallet,refunded,10224.46,SGD
PAY0003509,ORD0003509,2026-02-12T11:20:07Z,wallet,refunded,12388.54,SGD
PAY0003510,ORD0003510,2026-04-01T09:12:15Z,paypal,success,4084.08,SGD
PAY0003511,ORD0003511,2026-04-04T18:53:53Z,bank_transfer,success,19393.02,SGD
PAY0003512,ORD0003512,2026-05-02T18:53:43Z,bank_transfer,success,12547.49,SGD
PAY0003513,ORD0003513,2026-02-21T14:12:52Z,wallet,success,2204.43,SGD
PAY0003514,ORD0003514,2026-05-19T04:27:32Z,card,success,4741.24,SGD
PAY0003515,ORD0003515,2026-04-20T12:45:41Z,card,success,7650.69,SGD
PAY0003516,ORD0003516,2026-01-17T04:57:51Z,wallet,refunded,9648.01,SGD
PAY0003517,ORD0003517,2026-03-04T04:37:57Z,wallet,success,7803.04,SGD
PAY0003518,ORD0003518,2026-02-03T05:48:38Z,bank_transfer,success,10271.3,SGD
PAY0003519,ORD0003519,2026-02-08T08:04:13Z,wallet,success,13653.43,SGD
PAY0003520,ORD0003520,2026-02-20T09:28:39Z,card,pending,7641.22,SGD
PAY0003521,ORD0003521,2026-02-18T16:09:48Z,paypal,success,16511.0,SGD
PAY0003522,ORD0003522,2026-03-29T07:30:00Z,card,success,1900.97,SGD
PAY0003523,ORD0003523,2026-04-07T14:52:14Z,card,success,10886.08,SGD
PAY0003524,ORD0003524,2026-05-14T22:49:28Z,wallet,success,6554.6,SGD
PAY0003525,ORD0003525,2026-02-07T12:57:18Z,wallet,success,1271.27,SGD
PAY0003526,ORD0003526,2026-05-01T00:06:36Z,wallet,failed,405.21,SGD
PAY0003527,ORD0003527,2026-03-03T04:34:55Z,bank_transfer,success,4812.98,SGD
PAY0003528,ORD0003528,2026-04-03T04:22:59Z,card,success,1409.33,SGD
PAY0003529,ORD0003529,2026-03-10T08:32:42Z,paypal,success,12342.91,SGD
PAY0003530,ORD0003530,2026-05-09T06:41:41Z,wallet,success,5433.45,SGD
PAY0003531,ORD0003531,2026-02-17T21:37:08Z,bank_transfer,failed,16620.99,SGD
PAY0003532,ORD0003532,2026-03-27T06:52:10Z,wallet,success,2719.78,SGD
PAY0003533,ORD0003533,2026-01-06T16:20:28Z,bank_transfer,success,11709.84,SGD
PAY0003534,ORD0003534,2026-04-01T15:33:07Z,bank_transfer,success,-6520.6,SGD
PAY0003535,ORD0003535,2026-02-14T17:49:29Z,wallet,success,10073.22,SGD
PAY0003536,ORD0003536,2026-03-10T16:04:33Z,paypal,pending,17128.01,SGD
PAY0003537,ORD0003537,2026-03-31T02:41:09Z,card,success,14170.89,SGD
PAY0003538,ORD0003538,2026-04-29T22:41:22Z,card,success,17538.5,SGD
PAY0003539,ORD0003539,2026-01-27T06:54:51Z,wallet,success,16061.2,SGD
PAY0003540,ORD0003540,2026-01-16T02:06:00Z,wallet,pending,8939.63,SGD
PAY0003541,ORD0003541,2026-01-01T15:35:18Z,bank_transfer,success,8086.02,SGD
PAY0003542,ORD0003542,2026-01-12T12:33:44Z,wallet,success,4617.27,SGD
PAY0003543,ORD0003543,2026-03-22T17:08:50Z,wallet,success,6010.12,SGD
PAY0003544,ORD0003544,2026-02-21T18:23:19Z,bank_transfer,success,11282.25,SGD
PAY0003545,ORD0003545,2026-01-29T14:36:33Z,card,success,4448.9,SGD
PAY0003546,ORD0003546,2026-04-21T05:32:35Z,bank_transfer,success,12866.94,SGD
PAY0003547,ORD0003547,2026-05-02T10:58:16Z,paypal,success,2276.88,SGD
PAY0003548,ORD0003548,2026-04-06T09:28:52Z,card,refunded,17696.04,SGD
PAY0003549,ORD0003549,2026-02-09T17:26:42Z,wallet,success,6084.12,SGD
PAY0003550,ORD0003550,2026-05-06T08:10:15Z,wallet,pending,338.22,SGD
PAY0003551,ORD0003551,2026-03-03T10:10:36Z,wallet,success,5079.69,SGD
PAY0003552,ORD0003552,2026-05-14T12:26:56Z,bank_transfer,success,1797.92,SGD
PAY0003553,ORD0003553,2026-03-04T23:44:46Z,bank_transfer,refunded,6886.83,SGD
PAY0003554,ORD0003554,2026-02-28T06:08:57Z,wallet,success,8501.96,SGD
PAY0003555,ORD0003555,2026-02-22T04:03:17Z,bank_transfer,refunded,9480.95,SGD
PAY0003556,ORD0003556,2026-04-26T14:35:18Z,paypal,pending,9781.94,SGD
PAY0003557,ORD0003557,2026-05-16T22:55:09Z,paypal,pending,2212.38,SGD
PAY0003558,ORD0003558,2026-02-21T16:53:43Z,paypal,pending,3020.22,SGD
PAY0003559,ORD0003559,2026-02-02T00:24:38Z,card,success,1589.34,SGD
PAY0003560,ORD0003560,2026-01-09T14:29:14Z,paypal,success,11972.81,SGD
PAY0003561,ORD0003561,2026-04-10T08:24:16Z,bank_transfer,success,5351.5,SGD
PAY0003562,ORD0003562,2026-05-17T07:41:57Z,wallet,success,12732.0,SGD
PAY0003563,ORD0003563,2026-02-20T19:03:58Z,paypal,success,4020.93,SGD
PAY0003564,ORD0003564,2026-02-22T09:28:47Z,card,success,9385.16,SGD
PAY0003565,ORD0003565,2026-05-20T12:53:00Z,paypal,success,22756.23,SGD
PAY0003566,ORD0003566,2026-04-02T10:18:57Z,paypal,success,15626.59,SGD
PAY0003567,ORD0003567,2026-04-07T22:34:02Z,paypal,success,9947.52,SGD
PAY0003568,ORD0003568,2026-03-13T16:54:59Z,wallet,success,2329.05,SGD
PAY0003569,ORD0003569,2026-02-24T14:18:59Z,card,success,13160.87,SGD
PAY0003570,ORD0003570,2026-05-20T05:58:17Z,paypal,success,9414.82,SGD
PAY0003571,ORD0003571,2026-01-12T02:18:42Z,wallet,success,17436.89,SGD
PAY0003572,ORD0003572,2026-01-26T10:43:59Z,bank_transfer,success,8560.2,SGD
PAY0003573,ORD0003573,2026-03-14T12:49:27Z,paypal,success,4674.24,SGD
PAY0003574,ORD0003574,2026-03-28T20:55:35Z,paypal,failed,3477.7,SGD
PAY0003575,ORD0003575,2026-01-31T01:32:58Z,paypal,success,1694.46,SGD
PAY0003576,ORD0003576,2026-03-30T22:53:20Z,paypal,success,2680.11,SGD
PAY0003577,ORD0003577,2026-02-03T00:48:45Z,wallet,success,12252.25,SGD
PAY0003578,ORD0003578,2026-02-01T11:48:49Z,paypal,success,11250.44,SGD
PAY0003579,ORD0003579,2026-01-08T10:46:50Z,wallet,success,4020.93,SGD
PAY0003580,ORD0003580,2026-04-21T19:31:25Z,paypal,success,418.76,SGD
PAY0003581,ORD0003581,2026-03-04T06:04:12Z,paypal,success,12043.77,SGD
PAY0003582,ORD0003582,2026-01-14T17:00:45Z,paypal,success,3620.07,SGD
PAY0003583,ORD0003583,2026-03-10T19:49:17Z,bank_transfer,success,2183.87,SGD
PAY0003584,ORD0003584,2026-01-14T10:46:12Z,bank_transfer,success,9459.07,SGD
PAY0003585,ORD0003585,2026-02-12T11:16:23Z,card,success,6770.99,SGD
PAY0003586,ORD0003586,2026-05-24T07:44:35Z,paypal,pending,4974.54,SGD
PAY0003587,ORD0003587,2026-03-23T12:29:37Z,card,success,11750.15,SGD
PAY0003588,ORD0003588,2026-04-18T12:24:55Z,bank_transfer,failed,2060.63,SGD
PAY0003589,ORD0003589,2026-04-23T17:45:08Z,wallet,success,8152.07,SGD
PAY0003590,ORD0003590,2026-03-30T14:16:03Z,card,pending,6576.97,SGD
PAY0003591,ORD0003591,2026-03-06T07:29:59Z,paypal,refunded,11238.11,SGD
PAY0003592,ORD0003592,2026-03-16T04:46:14Z,bank_transfer,success,2226.18,SGD
PAY0003593,ORD0003593,2026-05-01T02:26:29Z,wallet,success,3390.93,SGD
PAY0003594,ORD0003594,2026-03-12T22:36:52Z,paypal,success,1752.15,SGD
PAY0003595,ORD0003595,2026-01-06T13:22:54Z,card,success,3826.18,SGD
PAY0003596,ORD0003596,2026-03-24T02:07:39Z,bank_transfer,success,11078.1,SGD
PAY0003597,ORD0003597,2026-04-09T12:03:03Z,wallet,success,6469.79,SGD
PAY0003598,ORD0003598,2026-04-23T11:04:51Z,paypal,success,8790.05,SGD
PAY0003599,ORD0003599,2026-04-03T20:34:31Z,wallet,success,9753.94,SGD
PAY0003600,ORD0003600,2026-05-01T10:45:40Z,bank_transfer,success,8648.82,SGD
PAY0003601,ORD0003601,2026-05-11T02:18:45Z,wallet,refunded,13252.97,SGD
PAY0003602,ORD0003602,2026-03-18T10:20:59Z,paypal,refunded,5978.61,SGD
PAY0003603,ORD0003603,2026-02-20T02:54:48Z,card,success,14359.7,SGD
PAY0003604,ORD0003604,2026-02-19T16:22:46Z,paypal,failed,1294.83,SGD
PAY0003605,ORD0003605,2026-05-14T12:44:06Z,wallet,success,2389.29,SGD
PAY0003606,ORD0003606,2026-01-09T12:02:07Z,wallet,failed,14362.36,SGD
PAY0003607,ORD0003607,2026-05-15T06:57:22Z,bank_transfer,success,1826.9,SGD
PAY0003608,ORD0003608,2026-05-04T09:27:34Z,card,failed,2982.51,SGD
PAY0003609,ORD0003609,2026-01-20T01:15:14Z,wallet,success,13320.97,SGD
PAY0003610,ORD0003610,2026-02-22T03:18:38Z,paypal,success,9877.54,SGD
PAY0003611,ORD0003611,2026-01-25T10:19:55Z,wallet,refunded,8301.22,SGD
PAY0003612,ORD0003612,2026-04-09T16:35:20Z,card,success,7312.76,SGD
PAY0003613,ORD0003613,2026-03-22T22:29:54Z,paypal,success,11340.93,SGD
PAY0003614,ORD0003614,2026-02-18T17:57:18Z,paypal,success,2029.89,SGD
PAY0003615,ORD0003615,2026-05-16T03:03:32Z,card,failed,251.23,SGD
PAY0003616,ORD0003616,2026-02-06T11:48:58Z,bank_transfer,success,6672.25,SGD
PAY0003617,ORD0003617,2026-03-20T12:09:59Z,wallet,success,17093.78,SGD
PAY0003618,ORD0003618,2026-04-05T10:11:57Z,wallet,refunded,4224.21,SGD
PAY0003619,ORD0003619,2026-04-22T01:12:54Z,bank_transfer,success,5896.34,SGD
PAY0003620,ORD0003620,2026-02-09T20:31:36Z,paypal,success,-9604.06,SGD
PAY0003621,ORD0003621,2026-04-04T18:30:13Z,paypal,success,7216.75,SGD
PAY0003622,ORD0003622,2026-04-08T14:54:53Z,card,success,2357.02,SGD
PAY0003623,ORD0003623,2026-03-09T04:33:14Z,paypal,success,5497.97,SGD
PAY0003624,ORD0003624,2026-05-05T13:15:01Z,bank_transfer,failed,9783.83,SGD
PAY0003625,ORD0003625,2026-01-13T15:25:55Z,card,success,4094.04,SGD
PAY0003626,ORD0003626,2026-01-25T18:50:40Z,paypal,success,10079.2,SGD
PAY0003627,ORD0003627,2026-03-08T08:27:41Z,wallet,success,7442.79,SGD
PAY0003628,ORD0003628,2026-02-17T05:03:32Z,paypal,success,4232.54,SGD
PAY0003629,ORD0003629,2026-05-10T09:57:02Z,paypal,pending,5286.0,SGD
PAY0003630,ORD0003630,2026-01-21T00:10:49Z,card,success,543.46,SGD
PAY0003631,ORD0003631,2026-02-10T15:08:00Z,bank_transfer,pending,18511.03,SGD
PAY0003632,ORD0003632,2026-01-15T08:39:35Z,paypal,success,6409.24,SGD
PAY0003633,ORD0003633,2026-02-07T09:41:24Z,wallet,success,12503.27,SGD
PAY0003634,ORD0003634,2026-02-13T16:11:45Z,bank_transfer,refunded,9665.4,SGD
PAY0003635,ORD0003635,2026-05-18T23:24:28Z,bank_transfer,success,6240.76,SGD
PAY0003636,ORD0003636,2026-05-03T14:34:53Z,wallet,success,2060.63,SGD
PAY0003637,ORD0003637,2026-03-30T07:30:15Z,card,success,234.51,SGD
PAY0003638,ORD0003638,2026-01-30T12:09:56Z,wallet,success,4658.54,SGD
PAY0003639,ORD0003639,2026-01-01T20:01:15Z,wallet,success,1848.44,SGD
PAY0003640,ORD0003640,2026-04-07T11:39:53Z,bank_transfer,success,9409.76,SGD
PAY0003641,ORD0003641,2026-03-22T09:06:28Z,bank_transfer,success,6532.31,SGD
PAY0003642,ORD0003642,2026-04-21T05:23:36Z,card,success,3142.72,SGD
PAY0003643,ORD0003643,2026-03-01T05:17:09Z,wallet,refunded,7465.51,SGD
PAY0003644,ORD0003644,2026-04-04T07:13:51Z,paypal,success,7228.43,SGD
PAY0003645,ORD0003645,2026-04-24T04:56:30Z,paypal,success,11617.47,SGD
PAY0003646,ORD0003646,2026-02-10T10:53:16Z,wallet,failed,6907.35,SGD
PAY0003647,ORD0003647,2026-01-30T23:31:01Z,wallet,success,10414.37,SGD
PAY0003648,ORD0003648,2026-01-09T02:54:53Z,bank_transfer,failed,2431.88,SGD
PAY0003649,ORD0003649,2026-05-04T03:28:33Z,bank_transfer,failed,4457.5,SGD
PAY0003650,ORD0003650,2026-04-03T15:42:58Z,card,pending,1241.59,SGD
PAY0003651,ORD0003651,2026-02-18T15:29:48Z,wallet,success,-836.06,SGD
PAY0003652,ORD0003652,2026-05-03T03:51:36Z,bank_transfer,pending,4077.78,SGD
PAY0003653,ORD0003653,2026-02-25T18:50:40Z,card,success,12530.61,SGD
PAY0003654,ORD0003654,2026-05-22T00:23:16Z,bank_transfer,refunded,3615.24,SGD
PAY0003655,ORD0003655,2026-04-17T18:51:37Z,paypal,success,14617.62,SGD
PAY0003656,ORD0003656,2026-02-01T06:11:45Z,card,failed,6540.26,SGD
PAY0003657,ORD0003657,2026-03-03T10:44:09Z,bank_transfer,success,12566.39,SGD
PAY0003658,ORD0003658,2026-01-18T15:33:10Z,paypal,success,4258.02,SGD
PAY0003659,ORD0003659,2026-01-07T19:26:56Z,bank_transfer,success,6754.42,SGD
PAY0003660,ORD0003660,2026-03-02T01:11:06Z,card,pending,8988.89,SGD
PAY0003661,ORD0003661,2026-02-10T22:39:00Z,paypal,success,5258.84,SGD
PAY0003662,ORD0003662,2026-02-27T01:53:29Z,bank_transfer,success,9579.72,SGD
PAY0003663,ORD0003663,2026-03-10T15:57:11Z,card,success,8899.97,SGD
PAY0003664,ORD0003664,2026-02-05T07:34:39Z,bank_transfer,success,13928.52,SGD
PAY0003665,ORD0003665,2026-03-23T07:54:32Z,wallet,success,15891.44,SGD
PAY0003666,ORD0003666,2026-02-09T06:16:47Z,bank_transfer,success,1046.08,SGD
PAY0003667,ORD0003667,2026-02-12T07:32:09Z,bank_transfer,failed,12817.19,SGD
PAY0003668,ORD0003668,2026-02-16T10:42:25Z,paypal,success,14407.85,SGD
PAY0003669,ORD0003669,2026-02-02T10:32:59Z,paypal,success,6021.31,SGD
PAY0003670,ORD0003670,2026-04-02T06:40:40Z,wallet,success,10911.83,SGD
PAY0003671,ORD0003671,2026-01-07T13:01:46Z,wallet,success,3231.39,SGD
PAY0003672,ORD0003672,2026-03-27T01:44:40Z,paypal,success,3176.94,SGD
PAY0003673,ORD0003673,2026-05-13T00:19:05Z,bank_transfer,success,7673.76,SGD
PAY0003674,ORD0003674,2026-04-26T13:06:34Z,card,pending,4893.6,SGD
PAY0003675,ORD0003675,2026-03-04T20:51:16Z,bank_transfer,success,6944.07,SGD
PAY0003676,ORD0003676,2026-03-02T01:32:34Z,paypal,success,3153.51,SGD
PAY0003677,ORD0003677,2026-02-27T17:57:02Z,bank_transfer,success,14305.67,SGD
PAY0003678,ORD0003678,2026-01-21T06:05:23Z,bank_transfer,success,3494.94,SGD
PAY0003679,ORD0003679,2026-02-15T02:24:23Z,card,success,6419.83,SGD
PAY0003680,ORD0003680,2026-03-13T13:56:34Z,card,success,9180.98,SGD
PAY0003681,ORD0003681,2026-04-24T06:10:35Z,card,success,5799.91,SGD
PAY0003682,ORD0003682,2026-02-18T08:29:20Z,card,refunded,12406.59,SGD
PAY0003683,ORD0003683,2026-04-15T22:57:11Z,wallet,success,8148.76,SGD
PAY0003684,ORD0003684,2026-01-11T11:28:40Z,paypal,success,886.72,SGD
PAY0003685,ORD0003685,2026-02-07T08:43:55Z,card,success,10590.07,SGD
PAY0003686,ORD0003686,2026-02-01T05:11:18Z,bank_transfer,success,12173.28,SGD
PAY0003687,ORD0003687,2026-04-02T05:09:46Z,wallet,success,7642.01,SGD
PAY0003688,ORD0003688,2026-03-28T05:42:33Z,card,failed,1667.78,SGD
PAY0003689,ORD0003689,2026-01-24T20:42:04Z,paypal,refunded,2658.0,SGD
PAY0003690,ORD0003690,2026-05-17T06:37:55Z,card,success,3197.81,SGD
PAY0003691,ORD0003691,2026-03-09T16:46:34Z,wallet,success,11449.36,SGD
PAY0003692,ORD0003692,2026-04-15T14:53:38Z,wallet,success,2971.36,SGD
PAY0003693,ORD0003693,2026-02-13T16:52:55Z,wallet,success,2313.56,SGD
PAY0003694,ORD0003694,2026-02-28T19:31:06Z,paypal,success,3622.3,SGD
PAY0003695,ORD0003695,2026-03-28T01:31:50Z,card,success,3579.41,SGD
PAY0003696,ORD0003696,2026-04-12T21:11:21Z,bank_transfer,success,7117.97,SGD
PAY0003697,ORD0003697,2026-03-27T03:13:41Z,paypal,success,6348.81,SGD
PAY0003698,ORD0003698,2026-01-05T00:07:01Z,wallet,pending,2880.87,SGD
PAY0003699,ORD0003699,2026-04-01T16:18:19Z,bank_transfer,success,5812.08,SGD
PAY0003700,ORD0003700,2026-04-18T16:16:09Z,wallet,success,6126.01,SGD
PAY0003701,ORD0003701,2026-02-10T07:15:56Z,card,pending,8174.28,SGD
PAY0003702,ORD0003702,2026-02-16T13:14:52Z,bank_transfer,success,2681.62,SGD
PAY0003703,ORD0003703,2026-03-22T01:31:08Z,card,success,11912.28,SGD
PAY0003704,ORD0003704,2026-01-01T13:13:56Z,wallet,pending,2184.95,SGD
PAY0003705,ORD0003705,2026-01-01T09:26:29Z,paypal,success,9310.69,SGD
PAY0003706,ORD0003706,2026-01-09T13:05:02Z,bank_transfer,success,2949.94,SGD
PAY0003707,ORD0003707,2026-04-25T20:35:06Z,card,success,607.64,SGD
PAY0003708,ORD0003708,2026-04-10T06:18:22Z,bank_transfer,pending,8062.18,SGD
PAY0003709,ORD0003709,2026-04-02T09:25:00Z,paypal,success,3349.34,SGD
PAY0003710,ORD0003710,2026-02-11T03:08:19Z,card,success,12213.48,SGD
PAY0003711,ORD0003711,2026-02-03T09:07:03Z,paypal,success,19320.19,SGD
PAY0003712,ORD0003712,2026-03-28T08:21:02Z,card,success,5761.9,SGD
PAY0003713,ORD0003713,2026-01-16T16:11:30Z,bank_transfer,success,9265.14,SGD
PAY0003714,ORD0003714,2026-04-23T11:10:16Z,bank_transfer,success,5213.79,SGD
PAY0003715,ORD0003715,2026-05-07T23:06:56Z,paypal,success,2550.39,SGD
PAY0003716,ORD0003716,2026-01-22T12:26:31Z,wallet,success,13452.99,SGD
PAY0003717,ORD0003717,2026-03-05T15:23:19Z,bank_transfer,success,11496.47,SGD
PAY0003718,ORD0003718,2026-01-11T14:21:58Z,paypal,success,1870.12,SGD
PAY0003719,ORD0003719,2026-01-30T13:59:59Z,bank_transfer,success,11460.14,SGD
PAY0003720,ORD0003720,2026-04-24T10:43:10Z,bank_transfer,success,11445.83,SGD
PAY0003721,ORD0003721,2026-04-12T13:10:49Z,card,refunded,10563.95,SGD
PAY0003722,ORD0003722,2026-03-04T01:12:17Z,card,success,13298.89,SGD
PAY0003723,ORD0003723,2026-01-06T10:14:21Z,paypal,success,1136.49,SGD
PAY0003724,ORD0003724,2026-02-03T03:48:01Z,wallet,success,1711.01,SGD
PAY0003725,ORD0003725,2026-04-02T09:00:00Z,card,pending,7236.75,SGD
PAY0003726,ORD0003726,2026-02-18T20:31:21Z,bank_transfer,success,381.62,SGD
PAY0003727,ORD0003727,2026-04-13T13:20:04Z,wallet,success,15338.47,SGD
PAY0003728,ORD0003728,2026-03-15T05:26:13Z,card,success,7153.44,SGD
PAY0003729,ORD0003729,2026-04-19T10:24:04Z,bank_transfer,success,17286.31,SGD
PAY0003730,ORD0003730,2026-04-14T16:07:22Z,bank_transfer,pending,10396.02,SGD
PAY0003731,ORD0003731,2026-05-18T14:48:23Z,paypal,success,17088.41,SGD
PAY0003732,ORD0003732,2026-05-10T09:52:57Z,card,success,1271.27,SGD
PAY0003733,ORD0003733,2026-03-03T05:41:02Z,wallet,success,3476.67,SGD
PAY0003734,ORD0003734,2026-04-29T10:21:23Z,wallet,failed,2952.36,SGD
PAY0003735,ORD0003735,2026-04-27T11:13:44Z,card,success,4658.75,SGD
PAY0003736,ORD0003736,2026-02-05T03:30:39Z,bank_transfer,pending,9075.13,SGD
PAY0003737,ORD0003737,2026-03-05T22:15:07Z,card,success,12376.6,SGD
PAY0003738,ORD0003738,2026-03-23T00:17:43Z,card,success,5301.89,SGD
PAY0003739,ORD0003739,2026-01-07T02:08:26Z,bank_transfer,failed,6974.87,SGD
PAY0003740,ORD0003740,2026-03-20T00:16:58Z,paypal,refunded,19484.96,SGD
PAY0003741,ORD0003741,2026-05-02T09:22:34Z,paypal,success,9172.75,SGD
PAY0003742,ORD0003742,2026-03-30T03:47:09Z,wallet,success,8598.0,SGD
PAY0003743,ORD0003743,2026-01-14T16:48:46Z,bank_transfer,success,5397.51,SGD
PAY0003744,ORD0003744,2026-05-19T15:40:17Z,wallet,success,12669.38,SGD
PAY0003745,ORD0003745,2026-04-24T23:09:11Z,bank_transfer,success,12754.92,SGD
PAY0003746,ORD0003746,2026-05-06T23:45:18Z,card,success,10807.72,SGD
PAY0003747,ORD0003747,2026-05-20T16:13:54Z,card,failed,4007.67,SGD
PAY0003748,ORD0003748,2026-05-18T03:07:52Z,card,success,2357.83,SGD
PAY0003749,ORD0003749,2026-03-20T10:14:25Z,card,pending,2056.02,SGD
PAY0003750,ORD0003750,2026-04-17T08:52:22Z,bank_transfer,refunded,1509.09,SGD
PAY0003751,ORD0003751,2026-05-23T14:12:57Z,card,success,607.64,SGD
PAY0003752,ORD0003752,2026-01-24T23:19:43Z,card,success,3077.36,SGD
PAY0003753,ORD0003753,2026-05-23T09:41:04Z,wallet,pending,17494.02,SGD
PAY0003754,ORD0003754,2026-05-24T21:47:06Z,paypal,failed,12037.05,SGD
PAY0003755,ORD0003755,2026-03-21T20:49:14Z,paypal,refunded,10356.65,SGD
PAY0003756,ORD0003756,2026-05-10T13:00:47Z,wallet,success,4020.93,SGD
PAY0003757,ORD0003757,2026-05-06T18:27:44Z,wallet,failed,15017.29,SGD
PAY0003758,ORD0003758,2026-02-26T06:23:17Z,paypal,success,1304.61,SGD
PAY0003759,ORD0003759,2026-03-15T06:33:36Z,wallet,success,229.8,SGD
PAY0003760,ORD0003760,2026-05-13T12:26:39Z,card,failed,6906.31,SGD
PAY0003761,ORD0003761,2026-03-27T06:30:15Z,wallet,refunded,5958.89,SGD
PAY0003762,ORD0003762,2026-05-16T06:15:46Z,wallet,refunded,6411.16,SGD
PAY0003763,ORD0003763,2026-04-17T08:59:14Z,wallet,failed,3926.37,SGD
PAY0003764,ORD0003764,2026-02-02T15:38:13Z,wallet,failed,5739.27,SGD
PAY0003765,ORD0003765,2026-01-15T00:23:14Z,bank_transfer,success,3031.77,SGD
PAY0003766,ORD0003766,2026-04-04T18:28:36Z,card,success,4704.0,SGD
PAY0003767,ORD0003767,2026-02-09T17:12:30Z,wallet,pending,12786.8,SGD
PAY0003768,ORD0003768,2026-01-13T13:38:09Z,paypal,success,4625.65,SGD
PAY0003769,ORD0003769,2026-05-11T11:55:00Z,paypal,success,10711.99,SGD
PAY0003770,ORD0003770,2026-01-31T11:39:41Z,wallet,success,782.06,SGD
PAY0003771,ORD0003771,2026-03-07T01:38:01Z,wallet,success,2326.72,SGD
PAY0003772,ORD0003772,2026-04-18T14:06:22Z,card,success,8490.76,SGD
PAY0003773,ORD0003773,2026-03-15T10:43:18Z,wallet,success,11305.89,SGD
PAY0003774,ORD0003774,2026-03-27T14:43:37Z,bank_transfer,success,3266.6,SGD
PAY0003775,ORD0003775,2026-04-20T05:13:42Z,wallet,failed,7017.5,SGD
PAY0003776,ORD0003776,2026-02-03T17:44:56Z,bank_transfer,success,14741.11,SGD
PAY0003777,ORD0003777,2026-03-09T03:58:26Z,bank_transfer,success,13658.94,SGD
PAY0003778,ORD0003778,2026-04-24T14:38:18Z,wallet,success,7091.34,SGD
PAY0003779,ORD0003779,2026-02-18T19:03:29Z,paypal,success,9895.32,SGD
PAY0003780,ORD0003780,2026-01-18T07:46:26Z,wallet,success,3370.47,SGD
PAY0003781,ORD0003781,2026-03-07T04:20:48Z,paypal,success,6158.03,SGD
PAY0003782,ORD0003782,2026-05-25T01:21:48Z,card,success,17922.88,SGD
PAY0003783,ORD0003783,2026-04-18T22:07:50Z,paypal,failed,12208.24,SGD
PAY0003784,ORD0003784,2026-01-27T10:26:12Z,bank_transfer,success,11246.77,SGD
PAY0003785,ORD0003785,2026-05-08T02:24:09Z,paypal,failed,2204.43,SGD
PAY0003786,ORD0003786,2026-02-24T21:55:10Z,paypal,pending,676.63,SGD
PAY0003787,ORD0003787,2026-05-21T03:58:28Z,bank_transfer,success,8405.12,SGD
PAY0003788,ORD0003788,2026-04-25T20:14:57Z,paypal,success,1620.62,SGD
PAY0003789,ORD0003789,2026-01-19T21:29:49Z,wallet,success,10204.64,SGD
PAY0003790,ORD0003790,2026-03-25T14:36:42Z,card,failed,11429.3,SGD
PAY0003791,ORD0003791,2026-04-12T16:55:03Z,paypal,success,9946.76,SGD
PAY0003792,ORD0003792,2026-05-15T02:35:44Z,wallet,failed,7982.52,SGD
PAY0003793,ORD0003793,2026-01-16T08:28:46Z,paypal,success,11972.16,SGD
PAY0003794,ORD0003794,2026-03-23T12:02:12Z,paypal,success,6731.31,SGD
PAY0003795,ORD0003795,2026-01-12T04:34:31Z,card,success,4615.0,SGD
PAY0003796,ORD0003796,2026-02-22T14:41:49Z,paypal,success,4677.58,SGD
PAY0003797,ORD0003797,2026-01-26T08:31:57Z,card,success,3626.04,SGD
PAY0003798,ORD0003798,2026-02-19T11:06:46Z,paypal,success,8112.5,SGD
PAY0003799,ORD0003799,2026-03-12T13:31:59Z,paypal,refunded,13896.99,SGD
PAY0003800,ORD0003800,2026-04-08T22:39:24Z,bank_transfer,success,13748.3,SGD
PAY0003801,ORD0003801,2026-04-14T01:01:46Z,wallet,success,10357.68,SGD
PAY0003802,ORD0003802,2026-03-13T22:52:58Z,card,failed,11185.88,SGD
PAY0003803,ORD0003803,2026-03-08T02:39:27Z,card,success,11292.42,SGD
PAY0003804,ORD0003804,2026-03-07T21:06:13Z,wallet,pending,10490.28,SGD
PAY0003805,ORD0003805,2026-01-16T16:14:46Z,wallet,success,420.19,SGD
PAY0003806,ORD0003806,2026-01-04T12:32:42Z,card,success,10942.36,SGD
PAY0003807,ORD0003807,2026-05-05T19:56:45Z,bank_transfer,success,2639.65,SGD
PAY0003808,ORD0003808,2026-05-16T23:30:09Z,wallet,success,16515.5,SGD
PAY0003809,ORD0003809,2026-04-04T16:18:38Z,wallet,failed,3714.77,SGD
PAY0003810,ORD0003810,2026-01-01T08:01:43Z,bank_transfer,failed,4020.56,SGD
PAY0003811,ORD0003811,2026-01-04T12:23:27Z,card,success,9795.45,SGD
PAY0003812,ORD0003812,2026-03-05T00:45:27Z,bank_transfer,success,13599.48,SGD
PAY0003813,ORD0003813,2026-02-19T01:17:21Z,paypal,success,13712.29,SGD
PAY0003814,ORD0003814,2026-01-20T10:07:12Z,paypal,success,12278.15,SGD
PAY0003815,ORD0003815,2026-04-09T04:05:30Z,wallet,success,8563.92,SGD
PAY0003816,ORD0003816,2026-05-14T15:29:51Z,paypal,refunded,19201.48,SGD
PAY0003817,ORD0003817,2026-05-17T07:24:06Z,wallet,success,1553.26,SGD
PAY0003818,ORD0003818,2026-05-05T02:57:39Z,wallet,success,1470.77,SGD
PAY0003819,ORD0003819,2026-02-26T07:00:04Z,bank_transfer,success,9652.63,SGD
PAY0003820,ORD0003820,2026-03-22T11:26:52Z,card,success,4021.68,SGD
PAY0003821,ORD0003821,2026-05-04T17:40:51Z,bank_transfer,success,12225.2,SGD
PAY0003822,ORD0003822,2026-05-03T09:44:42Z,paypal,success,325.18,SGD
PAY0003823,ORD0003823,2026-04-21T21:33:26Z,wallet,refunded,8876.46,SGD
PAY0003824,ORD0003824,2026-03-10T13:50:06Z,wallet,success,16545.34,SGD
PAY0003825,ORD0003825,2026-01-09T14:01:11Z,bank_transfer,failed,818.24,SGD
PAY0003826,ORD0003826,2026-04-09T00:22:06Z,bank_transfer,failed,12879.62,SGD
PAY0003827,ORD0003827,2026-02-19T06:11:03Z,wallet,pending,5268.36,SGD
PAY0003828,ORD0003828,2026-05-16T11:12:20Z,paypal,success,4422.78,SGD
PAY0003829,ORD0003829,2026-03-10T14:57:30Z,paypal,refunded,4250.16,SGD
PAY0003830,ORD0003830,2026-03-09T21:52:07Z,paypal,failed,1926.56,SGD
PAY0003831,ORD0003831,2026-03-30T17:42:18Z,paypal,success,10550.01,SGD
PAY0003832,ORD0003832,2026-02-15T02:12:44Z,bank_transfer,pending,11814.73,SGD
PAY0003833,ORD0003833,2026-03-07T00:40:39Z,paypal,success,9177.64,SGD
PAY0003834,ORD0003834,2026-01-18T22:22:05Z,wallet,success,2807.8,SGD
PAY0003835,ORD0003835,2026-04-10T02:47:38Z,wallet,success,9322.21,SGD
PAY0003836,ORD0003836,2026-04-07T16:29:10Z,bank_transfer,success,7014.72,SGD
PAY0003837,ORD0003837,2026-02-14T17:07:18Z,paypal,success,4460.93,SGD
PAY0003838,ORD0003838,2026-04-22T07:23:32Z,card,success,4711.54,SGD
PAY0003839,ORD0003839,2026-02-10T05:11:55Z,wallet,success,4936.98,SGD
PAY0003840,ORD0003840,2026-04-08T00:27:47Z,card,success,16622.85,SGD
PAY0003841,ORD0003841,2026-05-13T01:14:56Z,wallet,success,6233.97,SGD
PAY0003842,ORD0003842,2026-03-20T15:17:41Z,card,success,9971.5,SGD
PAY0003843,ORD0003843,2026-03-18T15:03:47Z,wallet,refunded,8582.33,SGD
PAY0003844,ORD0003844,2026-03-19T22:07:18Z,card,success,4020.93,SGD
PAY0003845,ORD0003845,2026-05-19T02:17:48Z,card,success,3176.94,SGD
PAY0003846,ORD0003846,2026-03-28T12:47:10Z,wallet,success,7922.36,SGD
PAY0003847,ORD0003847,2026-02-07T23:27:58Z,paypal,success,15183.54,SGD
PAY0003848,ORD0003848,2026-04-26T17:43:57Z,paypal,success,20470.07,SGD
PAY0003849,ORD0003849,2026-01-18T08:55:13Z,paypal,success,6299.79,SGD
PAY0003850,ORD0003850,2026-01-10T16:53:25Z,card,success,5681.18,SGD
PAY0003851,ORD0003851,2026-03-17T22:42:03Z,wallet,success,8719.0,SGD
PAY0003852,ORD0003852,2026-03-11T22:05:07Z,bank_transfer,refunded,8052.87,SGD
PAY0003853,ORD0003853,2026-05-21T07:12:56Z,wallet,success,7197.65,SGD
PAY0003854,ORD0003854,2026-04-19T09:39:07Z,bank_transfer,refunded,7616.09,SGD
PAY0003855,ORD0003855,2026-04-17T05:43:06Z,paypal,success,15042.83,SGD
PAY0003856,ORD0003856,2026-02-13T07:50:32Z,paypal,success,16637.8,SGD
PAY0003857,ORD0003857,2026-04-27T06:12:11Z,card,success,13116.07,SGD
PAY0003858,ORD0003858,2026-05-12T07:27:02Z,bank_transfer,success,4834.93,SGD
PAY0003859,ORD0003859,2026-01-24T22:28:23Z,card,success,9829.54,SGD
PAY0003860,ORD0003860,2026-03-20T08:24:52Z,bank_transfer,success,8248.58,SGD
PAY0003861,ORD0003861,2026-04-13T21:16:14Z,bank_transfer,success,3916.29,SGD
PAY0003862,ORD0003862,2026-04-26T12:31:38Z,bank_transfer,success,4096.8,SGD
PAY0003863,ORD0003863,2026-02-07T16:23:35Z,card,success,3654.91,SGD
PAY0003864,ORD0003864,2026-02-23T17:40:36Z,bank_transfer,failed,13426.84,SGD
PAY0003865,ORD0003865,2026-01-01T02:41:59Z,bank_transfer,success,3085.96,SGD
PAY0003866,ORD0003866,2026-02-26T00:25:21Z,wallet,failed,732.09,SGD
PAY0003867,ORD0003867,2026-03-04T02:33:10Z,card,success,2113.62,SGD
PAY0003868,ORD0003868,2026-05-02T07:19:45Z,paypal,success,10907.38,SGD
PAY0003869,ORD0003869,2026-01-04T04:05:49Z,card,success,17389.55,SGD
PAY0003870,ORD0003870,2026-03-26T16:27:53Z,wallet,success,11560.89,SGD
PAY0003871,ORD0003871,2026-02-28T04:14:10Z,wallet,failed,8381.13,SGD
PAY0003872,ORD0003872,2026-05-21T09:02:59Z,card,success,9944.02,SGD
PAY0003873,ORD0003873,2026-02-23T22:18:34Z,bank_transfer,success,11578.97,SGD
PAY0003874,ORD0003874,2026-01-15T03:47:35Z,paypal,success,6871.35,SGD
PAY0003875,ORD0003875,2026-03-14T13:35:49Z,paypal,success,10356.85,SGD
PAY0003876,ORD0003876,2026-01-03T10:25:00Z,wallet,success,9237.35,SGD
PAY0003877,ORD0003877,2026-01-07T08:02:27Z,paypal,success,11959.37,SGD
PAY0003878,ORD0003878,2026-01-27T05:09:32Z,card,success,9841.22,SGD
PAY0003879,ORD0003879,2026-05-19T14:50:37Z,card,success,11665.3,SGD
PAY0003880,ORD0003880,2026-03-20T08:09:51Z,bank_transfer,success,21212.76,SGD
PAY0003881,ORD0003881,2026-04-01T08:05:51Z,wallet,success,2542.34,SGD
PAY0003882,ORD0003882,2026-03-26T22:11:27Z,card,pending,11682.66,SGD
PAY0003883,ORD0003883,2026-01-11T18:15:40Z,paypal,pending,6994.16,SGD
PAY0003884,ORD0003884,2026-04-29T10:00:41Z,bank_transfer,failed,2116.27,SGD
PAY0003885,ORD0003885,2026-02-14T23:20:32Z,paypal,refunded,6161.82,SGD
PAY0003886,ORD0003886,2026-02-26T07:24:45Z,card,failed,6800.42,SGD
PAY0003887,ORD0003887,2026-04-08T02:43:14Z,wallet,success,2818.66,SGD
PAY0003888,ORD0003888,2026-02-24T00:40:28Z,card,success,7693.12,SGD
PAY0003889,ORD0003889,2026-04-07T03:16:27Z,bank_transfer,success,4569.33,SGD
PAY0003890,ORD0003890,2026-05-01T04:25:38Z,bank_transfer,success,11288.79,SGD
PAY0003891,ORD0003891,2026-01-16T23:32:46Z,paypal,success,6296.61,SGD
PAY0003892,ORD0003892,2026-01-25T23:01:53Z,wallet,pending,886.72,SGD
PAY0003893,ORD0003893,2026-01-06T12:50:32Z,card,success,13199.39,SGD
PAY0003894,ORD0003894,2026-01-17T11:05:50Z,paypal,success,9433.62,SGD
PAY0003895,ORD0003895,2026-02-11T21:44:18Z,bank_transfer,success,7500.91,SGD
PAY0003896,ORD0003896,2026-04-15T00:53:01Z,bank_transfer,pending,9958.58,SGD
PAY0003897,ORD0003897,2026-03-11T02:55:19Z,paypal,success,4644.82,SGD
PAY0003898,ORD0003898,2026-05-05T02:03:33Z,card,pending,6556.1,SGD
PAY0003899,ORD0003899,2026-05-03T00:43:36Z,bank_transfer,success,7459.65,SGD
PAY0003900,ORD0003900,2026-03-11T21:40:16Z,bank_transfer,failed,673.3,SGD
PAY0003901,ORD0003901,2026-02-25T14:27:38Z,wallet,success,6046.14,SGD
PAY0003902,ORD0003902,2026-04-12T15:20:32Z,card,success,3813.81,SGD
PAY0003903,ORD0003903,2026-05-04T09:39:08Z,paypal,success,12568.75,SGD
PAY0003904,ORD0003904,2026-01-09T06:05:49Z,card,success,12251.71,SGD
PAY0003905,ORD0003905,2026-04-03T19:32:48Z,paypal,success,9109.93,SGD
PAY0003906,ORD0003906,2026-03-26T21:22:33Z,card,success,7347.0,SGD
PAY0003907,ORD0003907,2026-04-20T05:45:44Z,paypal,success,10544.1,SGD
PAY0003908,ORD0003908,2026-01-08T12:14:14Z,paypal,failed,2310.03,SGD
PAY0003909,ORD0003909,2026-02-22T20:52:48Z,card,success,13769.64,SGD
PAY0003910,ORD0003910,2026-02-11T04:05:52Z,paypal,success,16541.5,SGD
PAY0003911,ORD0003911,2026-02-28T15:20:59Z,bank_transfer,success,13511.37,SGD
PAY0003912,ORD0003912,2026-04-25T14:55:05Z,bank_transfer,failed,4367.74,SGD
PAY0003913,ORD0003913,2026-01-04T11:29:20Z,wallet,success,10925.87,SGD
PAY0003914,ORD0003914,2026-02-20T18:47:22Z,paypal,success,8664.81,SGD
PAY0003915,ORD0003915,2026-03-20T04:59:54Z,bank_transfer,success,21048.12,SGD
PAY0003916,ORD0003916,2026-02-24T11:15:03Z,card,success,1136.49,SGD
PAY0003917,ORD0003917,2026-04-01T13:40:11Z,bank_transfer,success,7961.08,SGD
PAY0003918,ORD0003918,2026-02-23T23:28:08Z,wallet,success,10558.13,SGD
PAY0003919,ORD0003919,2026-01-21T08:25:04Z,paypal,success,8244.42,SGD
PAY0003920,ORD0003920,2026-03-22T09:54:14Z,wallet,success,13735.13,SGD
PAY0003921,ORD0003921,2026-01-09T16:20:20Z,bank_transfer,success,10352.53,SGD
PAY0003922,ORD0003922,2026-03-05T05:28:03Z,card,refunded,6376.88,SGD
PAY0003923,ORD0003923,2026-05-09T03:37:14Z,paypal,success,1168.1,SGD
PAY0003924,ORD0003924,2026-02-03T03:49:15Z,wallet,pending,2288.34,SGD
PAY0003925,ORD0003925,2026-03-10T15:53:57Z,paypal,success,11756.78,SGD
PAY0003926,ORD0003926,2026-01-24T22:22:01Z,card,refunded,10112.72,SGD
PAY0003927,ORD0003927,2026-05-03T02:27:36Z,bank_transfer,success,2656.58,SGD
PAY0003928,ORD0003928,2026-02-23T04:40:42Z,card,success,9625.69,SGD
PAY0003929,ORD0003929,2026-05-09T22:45:24Z,card,success,15267.45,SGD
PAY0003930,ORD0003930,2026-03-21T13:07:54Z,card,success,13128.89,SGD
PAY0003931,ORD0003931,2026-05-04T05:27:29Z,wallet,success,15901.03,SGD
PAY0003932,ORD0003932,2026-04-28T21:27:37Z,bank_transfer,failed,4257.04,SGD
PAY0003933,ORD0003933,2026-05-22T08:40:13Z,card,refunded,8766.55,SGD
PAY0003934,ORD0003934,2026-03-27T06:59:23Z,bank_transfer,success,13593.58,SGD
PAY0003935,ORD0003935,2026-03-29T11:05:42Z,card,refunded,676.63,SGD
PAY0003936,ORD0003936,2026-05-13T04:12:18Z,paypal,success,6776.04,SGD
PAY0003937,ORD0003937,2026-01-04T01:32:47Z,bank_transfer,success,6198.57,SGD
PAY0003938,ORD0003938,2026-04-26T23:53:56Z,wallet,success,11782.45,SGD
PAY0003939,ORD0003939,2026-04-05T00:45:57Z,card,pending,676.44,SGD
PAY0003940,ORD0003940,2026-03-03T15:50:15Z,bank_transfer,pending,2454.72,SGD
PAY0003941,ORD0003941,2026-04-08T04:37:21Z,bank_transfer,failed,3315.82,SGD
PAY0003942,ORD0003942,2026-01-28T11:13:59Z,bank_transfer,success,5578.33,SGD
PAY0003943,ORD0003943,2026-03-07T10:15:28Z,paypal,success,10722.51,SGD
PAY0003944,ORD0003944,2026-01-16T02:33:51Z,card,success,6034.98,SGD
PAY0003945,ORD0003945,2026-04-20T15:49:26Z,bank_transfer,pending,14511.58,SGD
PAY0003946,ORD0003946,2026-04-18T06:57:49Z,bank_transfer,success,9035.94,SGD
PAY0003947,ORD0003947,2026-04-13T02:08:41Z,paypal,refunded,14191.26,SGD
PAY0003948,ORD0003948,2026-01-11T02:58:58Z,bank_transfer,success,9528.32,SGD
PAY0003949,ORD0003949,2026-04-10T19:47:23Z,bank_transfer,success,13403.44,SGD
PAY0003950,ORD0003950,2026-04-14T13:33:27Z,card,success,4685.08,SGD
PAY0003951,ORD0003951,2026-03-05T16:55:06Z,bank_transfer,success,285.44,SGD
PAY0003952,ORD0003952,2026-05-13T20:10:07Z,paypal,success,11165.55,SGD
PAY0003953,ORD0003953,2026-04-27T13:19:13Z,wallet,success,18686.36,SGD
PAY0003954,ORD0003954,2026-03-19T15:22:29Z,paypal,pending,9237.8,SGD
PAY0003955,ORD0003955,2026-02-17T09:28:47Z,bank_transfer,pending,8778.8,SGD
PAY0003956,ORD0003956,2026-02-06T15:01:18Z,paypal,success,14640.37,SGD
PAY0003957,ORD0003957,2026-02-10T18:12:14Z,bank_transfer,success,4558.1,SGD
PAY0003958,ORD0003958,2026-01-04T13:56:14Z,card,success,1786.74,SGD
PAY0003959,ORD0003959,2026-05-01T01:28:27Z,card,failed,3668.54,SGD
PAY0003960,ORD0003960,2026-02-03T19:51:42Z,wallet,success,6348.81,SGD
PAY0003961,ORD0003961,2026-02-23T16:44:47Z,wallet,success,12464.87,SGD
PAY0003962,ORD0003962,2026-01-21T11:54:02Z,wallet,success,1645.66,SGD
PAY0003963,ORD0003963,2026-04-24T02:00:03Z,paypal,success,6144.34,SGD
PAY0003964,ORD0003964,2026-04-18T15:43:53Z,wallet,success,15717.13,SGD
PAY0003965,ORD0003965,2026-03-12T21:54:55Z,wallet,refunded,6823.94,SGD
PAY0003966,ORD0003966,2026-01-06T12:29:55Z,bank_transfer,success,4595.72,SGD
PAY0003967,ORD0003967,2026-03-22T11:50:24Z,bank_transfer,success,6228.34,SGD
PAY0003968,ORD0003968,2026-05-10T01:20:40Z,paypal,success,6742.15,SGD
PAY0003969,ORD0003969,2026-05-12T16:07:44Z,wallet,success,6733.05,SGD
PAY0003970,ORD0003970,2026-05-22T12:47:16Z,wallet,pending,2668.67,SGD
PAY0003971,ORD0003971,2026-01-13T22:53:14Z,wallet,success,2634.22,SGD
PAY0003972,ORD0003972,2026-03-01T07:43:03Z,wallet,success,11741.63,SGD
PAY0003973,ORD0003973,2026-04-22T09:50:17Z,paypal,success,11413.29,SGD
PAY0003974,ORD0003974,2026-02-19T08:50:03Z,wallet,success,142.08,SGD
PAY0003975,ORD0003975,2026-01-18T08:36:57Z,wallet,pending,1640.19,SGD
PAY0003976,ORD0003976,2026-01-21T03:45:43Z,bank_transfer,success,4943.97,SGD
PAY0003977,ORD0003977,2026-02-01T12:47:33Z,bank_transfer,success,4137.88,SGD
PAY0003978,ORD0003978,2026-01-03T09:20:40Z,card,success,1844.15,SGD
PAY0003979,ORD0003979,2026-01-26T07:11:08Z,wallet,failed,1112.3,SGD
PAY0003980,ORD0003980,2026-02-26T13:39:45Z,wallet,success,840.38,SGD
PAY0003981,ORD0003981,2026-05-09T09:25:57Z,card,refunded,1592.86,SGD
PAY0003982,ORD0003982,2026-02-26T15:09:52Z,paypal,pending,6568.65,SGD
PAY0003983,ORD0003983,2026-03-24T15:56:30Z,wallet,success,2211.38,SGD
PAY0003984,ORD0003984,2026-01-11T15:43:08Z,wallet,success,14920.1,SGD
PAY0003985,ORD0003985,2026-03-03T21:01:36Z,bank_transfer,success,1294.84,SGD
PAY0003986,ORD0003986,2026-02-06T14:55:27Z,bank_transfer,success,4088.44,SGD
PAY0003987,ORD0003987,2026-03-25T12:49:08Z,paypal,success,8439.53,SGD
PAY0003988,ORD0003988,2026-02-13T12:33:22Z,card,success,5197.74,SGD
PAY0003989,ORD0003989,2026-04-07T11:05:05Z,card,success,15515.17,SGD
PAY0003990,ORD0003990,2026-01-22T16:04:54Z,card,success,16690.27,SGD
PAY0003991,ORD0003991,2026-04-07T18:54:21Z,card,success,4245.02,SGD
PAY0003992,ORD0003992,2026-03-25T21:34:17Z,bank_transfer,failed,14660.88,SGD
PAY0003993,ORD0003993,2026-05-17T11:17:42Z,paypal,pending,4757.27,SGD
PAY0003994,ORD0003994,2026-03-05T15:16:20Z,wallet,success,8908.14,SGD
PAY0003995,ORD0003995,2026-01-05T03:12:50Z,card,success,8218.77,SGD
PAY0003996,ORD0003996,2026-05-22T18:09:50Z,bank_transfer,success,15958.98,SGD
PAY0003997,ORD0003997,2026-03-24T18:45:02Z,card,refunded,1971.93,SGD
PAY0003998,ORD0003998,2026-05-15T00:41:23Z,card,success,16034.17,SGD
PAY0003999,ORD0003999,2026-04-08T13:30:55Z,paypal,success,117.28,SGD
PAY0004000,ORD0004000,2026-04-24T03:59:48Z,bank_transfer,success,6660.12,SGD
PAY0004001,ORD0004001,2026-03-09T05:54:04Z,paypal,success,6499.39,SGD
PAY0004002,ORD0004002,2026-01-23T13:53:30Z,wallet,success,2288.34,SGD
PAY0004003,ORD0004003,2026-05-18T13:21:49Z,bank_transfer,success,9458.05,SGD
PAY0004004,ORD0004004,2026-02-19T09:37:52Z,card,success,218.52,SGD
PAY0004005,ORD0004005,2026-02-19T02:08:39Z,bank_transfer,success,6427.86,SGD
PAY0004006,ORD0004006,2026-01-22T18:10:49Z,bank_transfer,pending,7384.75,SGD
PAY0004007,ORD0004007,2026-03-06T03:46:45Z,paypal,success,3865.89,SGD
PAY0004008,ORD0004008,2026-04-29T02:11:51Z,bank_transfer,success,11653.88,SGD
PAY0004009,ORD0004009,2026-05-21T03:26:49Z,bank_transfer,pending,1824.9,SGD
PAY0004010,ORD0004010,2026-04-24T06:12:18Z,paypal,failed,632.0,SGD
PAY0004011,ORD0004011,2026-05-08T08:56:49Z,card,success,1704.3,SGD
PAY0004012,ORD0004012,2026-05-12T09:13:15Z,bank_transfer,success,7973.19,SGD
PAY0004013,ORD0004013,2026-05-23T02:07:10Z,wallet,success,6041.74,SGD
PAY0004014,ORD0004014,2026-01-07T12:59:44Z,wallet,success,8031.89,SGD
PAY0004015,ORD0004015,2026-01-21T09:01:41Z,wallet,success,7647.26,SGD
PAY0004016,ORD0004016,2026-01-22T17:48:24Z,bank_transfer,pending,9151.02,SGD
PAY0004017,ORD0004017,2026-05-02T08:27:25Z,wallet,success,4908.63,SGD
PAY0004018,ORD0004018,2026-01-01T15:25:35Z,paypal,success,8173.48,SGD
PAY0004019,ORD0004019,2026-01-12T21:35:46Z,wallet,pending,5820.45,SGD
PAY0004020,ORD0004020,2026-04-05T20:24:19Z,card,success,732.09,SGD
PAY0004021,ORD0004021,2026-04-09T15:00:44Z,wallet,success,8437.26,SGD
PAY0004022,ORD0004022,2026-04-10T07:07:35Z,paypal,success,12625.97,SGD
PAY0004023,ORD0004023,2026-04-04T10:53:47Z,wallet,refunded,10759.68,SGD
PAY0004024,ORD0004024,2026-02-27T06:19:26Z,paypal,success,3848.57,SGD
PAY0004025,ORD0004025,2026-04-06T19:36:40Z,paypal,success,6252.7,SGD
PAY0004026,ORD0004026,2026-04-25T15:03:59Z,paypal,success,10605.21,SGD
PAY0004027,ORD0004027,2026-02-06T23:24:21Z,card,success,4973.48,SGD
PAY0004028,ORD0004028,2026-04-01T15:15:18Z,wallet,success,5518.17,SGD
PAY0004029,ORD0004029,2026-04-15T15:08:09Z,wallet,refunded,6972.14,SGD
PAY0004030,ORD0004030,2026-01-28T23:17:53Z,card,success,7507.45,SGD
PAY0004031,ORD0004031,2026-01-29T16:28:46Z,wallet,success,5794.15,SGD
PAY0004032,ORD0004032,2026-05-20T03:10:08Z,paypal,success,9737.9,SGD
PAY0004033,ORD0004033,2026-03-09T02:35:11Z,card,pending,12465.77,SGD
PAY0004034,ORD0004034,2026-02-21T02:39:09Z,card,success,13660.59,SGD
PAY0004035,ORD0004035,2026-05-22T14:46:50Z,bank_transfer,pending,6596.77,SGD
PAY0004036,ORD0004036,2026-01-17T12:34:35Z,card,success,4757.13,SGD
PAY0004037,ORD0004037,2026-04-07T20:33:47Z,paypal,success,9583.29,SGD
PAY0004038,ORD0004038,2026-05-24T06:34:22Z,bank_transfer,pending,13493.66,SGD
PAY0004039,ORD0004039,2026-01-10T13:14:03Z,paypal,success,229.8,SGD
PAY0004040,ORD0004040,2026-03-11T17:13:35Z,paypal,success,14640.94,SGD
PAY0004041,ORD0004041,2026-04-18T03:01:36Z,wallet,pending,9167.19,SGD
PAY0004042,ORD0004042,2026-04-02T09:17:52Z,card,success,11007.73,SGD
PAY0004043,ORD0004043,2026-03-16T14:24:07Z,paypal,success,1903.05,SGD
PAY0004044,ORD0004044,2026-04-20T23:38:22Z,wallet,success,9963.06,SGD
PAY0004045,ORD0004045,2026-02-23T08:18:07Z,bank_transfer,pending,8230.31,SGD
PAY0004046,ORD0004046,2026-01-31T10:09:23Z,card,refunded,4312.64,SGD
PAY0004047,ORD0004047,2026-03-01T17:09:16Z,card,success,4834.05,SGD
PAY0004048,ORD0004048,2026-03-15T18:48:39Z,paypal,success,6870.69,SGD
PAY0004049,ORD0004049,2026-05-10T01:35:16Z,card,failed,2911.15,SGD
PAY0004050,ORD0004050,2026-03-28T05:41:34Z,paypal,success,6635.85,SGD
PAY0004051,ORD0004051,2026-05-19T09:07:14Z,paypal,success,8316.12,SGD
PAY0004052,ORD0004052,2026-02-21T18:07:15Z,bank_transfer,success,10733.12,SGD
PAY0004053,ORD0004053,2026-04-23T15:37:46Z,paypal,success,9168.05,SGD
PAY0004054,ORD0004054,2026-02-17T09:18:45Z,card,success,13912.51,SGD
PAY0004055,ORD0004055,2026-01-09T20:55:03Z,card,success,3237.57,SGD
PAY0004056,ORD0004056,2026-03-24T06:36:27Z,card,success,11097.22,SGD
PAY0004057,ORD0004057,2026-01-24T11:10:49Z,card,success,2685.96,SGD
PAY0004058,ORD0004058,2026-03-29T02:38:36Z,bank_transfer,pending,14237.65,SGD
PAY0004059,ORD0004059,2026-02-11T08:20:16Z,paypal,failed,10852.34,SGD
PAY0004060,ORD0004060,2026-01-07T15:24:00Z,bank_transfer,success,4372.01,SGD
PAY0004061,ORD0004061,2026-04-30T23:16:00Z,bank_transfer,success,3843.66,SGD
PAY0004062,ORD0004062,2026-03-04T22:38:26Z,card,success,9465.76,SGD
PAY0004063,ORD0004063,2026-03-07T10:09:09Z,bank_transfer,success,8028.52,SGD
PAY0004064,ORD0004064,2026-03-07T17:10:27Z,card,pending,7095.92,SGD
PAY0004065,ORD0004065,2026-01-02T23:03:16Z,bank_transfer,pending,20607.03,SGD
PAY0004066,ORD0004066,2026-04-22T01:14:33Z,bank_transfer,success,14275.72,SGD
PAY0004067,ORD0004067,2026-03-21T14:06:56Z,bank_transfer,refunded,15126.02,SGD
PAY0004068,ORD0004068,2026-05-15T09:59:06Z,card,success,3637.12,SGD
PAY0004069,ORD0004069,2026-01-20T23:57:58Z,wallet,success,9601.61,SGD
PAY0004070,ORD0004070,2026-01-21T15:04:32Z,bank_transfer,failed,3854.45,SGD
PAY0004071,ORD0004071,2026-03-06T20:58:42Z,card,success,4947.99,SGD
PAY0004072,ORD0004072,2026-04-30T01:53:56Z,wallet,pending,9826.52,SGD
PAY0004073,ORD0004073,2026-02-11T21:32:33Z,bank_transfer,refunded,4995.05,SGD
PAY0004074,ORD0004074,2026-03-25T22:23:46Z,card,success,9165.33,SGD
PAY0004075,ORD0004075,2026-05-16T08:29:32Z,bank_transfer,success,14982.5,SGD
PAY0004076,ORD0004076,2026-01-14T07:06:04Z,wallet,success,13420.37,SGD
PAY0004077,ORD0004077,2026-01-29T04:48:45Z,paypal,success,8030.95,SGD
PAY0004078,ORD0004078,2026-05-13T02:48:06Z,bank_transfer,success,9360.62,SGD
PAY0004079,ORD0004079,2026-01-31T22:01:32Z,bank_transfer,success,15071.0,SGD
PAY0004080,ORD0004080,2026-05-23T19:08:08Z,paypal,success,2060.63,SGD
PAY0004081,ORD0004081,2026-01-27T14:28:48Z,card,success,703.53,SGD
PAY0004082,ORD0004082,2026-01-31T18:10:14Z,paypal,success,3794.88,SGD
PAY0004083,ORD0004083,2026-04-30T22:39:32Z,wallet,refunded,8391.76,SGD
PAY0004084,ORD0004084,2026-04-01T11:44:53Z,bank_transfer,success,8989.82,SGD
PAY0004085,ORD0004085,2026-04-26T12:16:56Z,bank_transfer,success,1152.54,SGD
PAY0004086,ORD0004086,2026-04-07T17:20:42Z,wallet,success,7732.17,SGD
PAY0004087,ORD0004087,2026-03-15T06:22:02Z,paypal,success,10383.29,SGD
PAY0004088,ORD0004088,2026-01-04T14:41:57Z,paypal,success,1799.17,SGD
PAY0004089,ORD0004089,2026-01-20T21:09:49Z,wallet,refunded,457.71,SGD
PAY0004090,ORD0004090,2026-05-14T18:03:56Z,paypal,success,9480.75,SGD
PAY0004091,ORD0004091,2026-03-11T11:33:28Z,card,success,6749.34,SGD
PAY0004092,ORD0004092,2026-01-13T08:02:05Z,paypal,pending,381.62,SGD
PAY0004093,ORD0004093,2026-03-18T20:52:31Z,bank_transfer,pending,3506.97,SGD
PAY0004094,ORD0004094,2026-05-15T14:57:07Z,bank_transfer,refunded,7291.26,SGD
PAY0004095,ORD0004095,2026-01-02T07:57:42Z,paypal,success,5885.43,SGD
PAY0004096,ORD0004096,2026-03-30T00:29:18Z,wallet,success,8191.05,SGD
PAY0004097,ORD0004097,2026-05-09T08:04:15Z,wallet,success,11670.52,SGD
PAY0004098,ORD0004098,2026-03-22T18:32:01Z,card,success,4640.88,SGD
PAY0004099,ORD0004099,2026-03-20T06:45:49Z,card,success,2472.04,SGD
PAY0004100,ORD0004100,2026-02-23T18:03:04Z,bank_transfer,success,2704.11,SGD
PAY0004101,ORD0004101,2026-01-07T09:38:48Z,wallet,success,7375.88,SGD
PAY0004102,ORD0004102,2026-05-02T20:22:29Z,paypal,pending,3078.56,SGD
PAY0004103,ORD0004103,2026-05-17T11:16:19Z,bank_transfer,success,10189.07,SGD
PAY0004104,ORD0004104,2026-01-30T03:16:31Z,wallet,success,8644.08,SGD
PAY0004105,ORD0004105,2026-02-21T05:12:29Z,wallet,failed,12463.32,SGD
PAY0004106,ORD0004106,2026-04-07T22:41:12Z,card,success,4316.37,SGD
PAY0004107,ORD0004107,2026-01-11T19:14:34Z,bank_transfer,success,10650.94,SGD
PAY0004108,ORD0004108,2026-04-17T12:46:18Z,wallet,success,6064.84,SGD
PAY0004109,ORD0004109,2026-01-27T16:48:30Z,wallet,success,13270.38,SGD
PAY0004110,ORD0004110,2026-03-09T07:44:00Z,card,success,1897.44,SGD
PAY0004111,ORD0004111,2026-02-04T08:58:01Z,paypal,refunded,3684.19,SGD
PAY0004112,ORD0004112,2026-01-30T02:45:01Z,card,success,10013.01,SGD
PAY0004113,ORD0004113,2026-02-21T10:22:35Z,card,success,9326.22,SGD
PAY0004114,ORD0004114,2026-03-21T21:12:28Z,bank_transfer,success,666.49,SGD
PAY0004115,ORD0004115,2026-03-31T04:25:53Z,paypal,failed,4046.46,SGD
PAY0004116,ORD0004116,2026-01-22T13:24:50Z,bank_transfer,failed,12575.51,SGD
PAY0004117,ORD0004117,2026-05-02T11:12:35Z,card,pending,9775.74,SGD
PAY0004118,ORD0004118,2026-02-04T09:09:16Z,wallet,success,2029.97,SGD
PAY0004119,ORD0004119,2026-03-12T09:09:53Z,wallet,success,8076.53,SGD
PAY0004120,ORD0004120,2026-02-24T12:36:12Z,paypal,success,56.43,SGD
PAY0004121,ORD0004121,2026-01-09T19:07:48Z,paypal,success,15033.74,SGD
PAY0004122,ORD0004122,2026-02-04T07:03:32Z,wallet,success,3632.31,SGD
PAY0004123,ORD0004123,2026-01-19T16:27:45Z,card,pending,3109.68,SGD
PAY0004124,ORD0004124,2026-05-08T20:17:28Z,wallet,success,2608.83,SGD
PAY0004125,ORD0004125,2026-05-08T00:43:31Z,wallet,success,4089.95,SGD
PAY0004126,ORD0004126,2026-05-01T23:00:59Z,wallet,success,8049.98,SGD
PAY0004127,ORD0004127,2026-03-20T20:46:18Z,card,success,16515.61,SGD
PAY0004128,ORD0004128,2026-01-12T18:48:41Z,paypal,success,4355.48,SGD
PAY0004129,ORD0004129,2026-04-30T07:50:06Z,paypal,success,1346.62,SGD
PAY0004130,ORD0004130,2026-02-09T17:39:37Z,paypal,pending,-11601.52,SGD
PAY0004131,ORD0004131,2026-04-15T22:09:33Z,card,success,10287.24,SGD
PAY0004132,ORD0004132,2026-05-07T07:09:04Z,card,failed,9633.9,SGD
PAY0004133,ORD0004133,2026-03-14T10:48:00Z,card,pending,212.4,SGD
PAY0004134,ORD0004134,2026-03-03T05:20:07Z,wallet,success,20144.07,SGD
PAY0004135,ORD0004135,2026-02-21T02:00:04Z,bank_transfer,success,1144.17,SGD
PAY0004136,ORD0004136,2026-05-03T11:23:11Z,wallet,success,5657.88,SGD
PAY0004137,ORD0004137,2026-04-06T08:49:23Z,card,success,7316.31,SGD
PAY0004138,ORD0004138,2026-01-05T18:51:01Z,bank_transfer,failed,6338.51,SGD
PAY0004139,ORD0004139,2026-03-08T21:28:00Z,bank_transfer,success,9262.72,SGD
PAY0004140,ORD0004140,2026-03-04T03:06:26Z,card,success,2480.93,SGD
PAY0004141,ORD0004141,2026-01-16T16:39:10Z,card,success,12599.07,SGD
PAY0004142,ORD0004142,2026-04-14T02:29:03Z,wallet,failed,12538.34,SGD
PAY0004143,ORD0004143,2026-01-05T08:36:01Z,paypal,pending,4112.04,SGD
PAY0004144,ORD0004144,2026-05-23T17:31:17Z,card,success,3794.88,SGD
PAY0004145,ORD0004145,2026-01-30T22:24:27Z,wallet,success,15856.69,SGD
PAY0004146,ORD0004146,2026-04-01T09:25:15Z,paypal,success,5603.88,SGD
PAY0004147,ORD0004147,2026-01-10T11:04:58Z,bank_transfer,success,810.42,SGD
PAY0004148,ORD0004148,2026-01-16T18:47:16Z,card,success,4337.8,SGD
PAY0004149,ORD0004149,2026-03-02T20:13:44Z,paypal,refunded,1844.15,SGD
PAY0004150,ORD0004150,2026-02-25T20:14:02Z,wallet,success,12054.68,SGD
PAY0004151,ORD0004151,2026-04-26T19:21:10Z,card,success,4427.79,SGD
PAY0004152,ORD0004152,2026-02-27T00:22:28Z,bank_transfer,failed,8071.92,SGD
PAY0004153,ORD0004153,2026-03-21T18:46:23Z,bank_transfer,success,4415.11,SGD
PAY0004154,ORD0004154,2026-02-10T20:11:41Z,paypal,success,7863.84,SGD
PAY0004155,ORD0004155,2026-04-21T16:36:48Z,paypal,success,1288.63,SGD
PAY0004156,ORD0004156,2026-01-04T03:59:10Z,bank_transfer,success,3286.1,SGD
PAY0004157,ORD0004157,2026-03-15T18:29:29Z,card,success,5639.62,SGD
PAY0004158,ORD0004158,2026-04-09T09:10:49Z,wallet,pending,7255.0,SGD
PAY0004159,ORD0004159,2026-04-18T17:42:17Z,paypal,failed,5309.8,SGD
PAY0004160,ORD0004160,2026-04-23T18:53:22Z,paypal,failed,1373.05,SGD
PAY0004161,ORD0004161,2026-01-20T08:09:28Z,paypal,failed,17447.34,SGD
PAY0004162,ORD0004162,2026-02-06T12:44:41Z,bank_transfer,failed,17395.36,SGD
PAY0004163,ORD0004163,2026-01-03T17:33:49Z,card,success,3437.74,SGD
PAY0004164,ORD0004164,2026-02-03T10:52:03Z,bank_transfer,refunded,2470.69,SGD
PAY0004165,ORD0004165,2026-01-27T02:30:06Z,paypal,success,12150.06,SGD
PAY0004166,ORD0004166,2026-01-09T01:29:51Z,paypal,failed,2338.79,SGD
PAY0004167,ORD0004167,2026-04-17T01:46:47Z,card,success,11164.71,SGD
PAY0004168,ORD0004168,2026-04-14T16:53:47Z,paypal,success,8979.18,SGD
PAY0004169,ORD0004169,2026-05-24T00:49:42Z,wallet,pending,2980.5,SGD
PAY0004170,ORD0004170,2026-05-17T14:19:07Z,paypal,refunded,14502.43,SGD
PAY0004171,ORD0004171,2026-01-05T19:13:48Z,paypal,success,9948.02,SGD
PAY0004172,ORD0004172,2026-02-16T21:32:24Z,paypal,pending,418.76,SGD
PAY0004173,ORD0004173,2026-02-25T19:18:36Z,wallet,success,3612.28,SGD
PAY0004174,ORD0004174,2026-05-19T19:09:12Z,card,success,11119.96,SGD
PAY0004175,ORD0004175,2026-04-26T11:00:28Z,bank_transfer,refunded,5369.24,SGD
PAY0004176,ORD0004176,2026-02-13T22:11:04Z,paypal,success,6271.77,SGD
PAY0004177,ORD0004177,2026-03-26T11:32:02Z,bank_transfer,success,4677.58,SGD
PAY0004178,ORD0004178,2026-02-23T07:43:33Z,paypal,success,10737.16,SGD
PAY0004179,ORD0004179,2026-01-23T18:12:00Z,wallet,success,7798.41,SGD
PAY0004180,ORD0004180,2026-02-21T02:46:24Z,bank_transfer,success,9365.68,SGD
PAY0004181,ORD0004181,2026-04-30T15:14:48Z,bank_transfer,success,6132.66,SGD
PAY0004182,ORD0004182,2026-02-20T12:11:57Z,paypal,success,7273.81,SGD
PAY0004183,ORD0004183,2026-03-21T01:57:40Z,wallet,success,9263.85,SGD
PAY0004184,ORD0004184,2026-05-06T16:04:05Z,card,success,6433.18,SGD
PAY0004185,ORD0004185,2026-03-12T01:15:47Z,paypal,success,7208.95,SGD
PAY0004186,ORD0004186,2026-05-07T15:07:58Z,paypal,success,8362.16,SGD
PAY0004187,ORD0004187,2026-05-06T18:45:42Z,card,success,5317.53,SGD
PAY0004188,ORD0004188,2026-02-25T11:51:50Z,card,refunded,2719.78,SGD
PAY0004189,ORD0004189,2026-01-17T06:42:46Z,wallet,success,1871.69,SGD
PAY0004190,ORD0004190,2026-05-10T09:19:00Z,paypal,success,2361.72,SGD
PAY0004191,ORD0004191,2026-03-19T18:41:42Z,bank_transfer,success,5530.76,SGD
PAY0004192,ORD0004192,2026-05-10T05:41:19Z,paypal,refunded,8840.5,SGD
PAY0004193,ORD0004193,2026-03-19T16:10:58Z,bank_transfer,pending,1963.47,SGD
PAY0004194,ORD0004194,2026-01-13T18:34:05Z,card,success,9409.34,SGD
PAY0004195,ORD0004195,2026-02-22T10:31:13Z,wallet,success,3238.85,SGD
PAY0004196,ORD0004196,2026-05-11T10:26:08Z,card,refunded,8084.27,SGD
PAY0004197,ORD0004197,2026-04-07T22:09:57Z,bank_transfer,success,10510.95,SGD
PAY0004198,ORD0004198,2026-05-20T06:55:21Z,card,success,11214.19,SGD
PAY0004199,ORD0004199,2026-02-20T14:59:22Z,paypal,failed,4812.98,SGD
PAY0004200,ORD0004200,2026-04-13T20:45:51Z,card,success,2604.02,SGD
PAY0004201,ORD0004201,2026-02-14T21:22:01Z,bank_transfer,success,6414.79,SGD
PAY0004202,ORD0004202,2026-05-05T23:54:38Z,bank_transfer,success,7631.38,SGD
PAY0004203,ORD0004203,2026-05-12T21:30:35Z,paypal,pending,12307.74,SGD
PAY0004204,ORD0004204,2026-05-04T13:22:40Z,wallet,refunded,4215.28,SGD
PAY0004205,ORD0004205,2026-04-20T08:09:57Z,bank_transfer,success,6739.99,SGD
PAY0004206,ORD0004206,2026-02-03T18:49:37Z,bank_transfer,refunded,14978.71,SGD
PAY0004207,ORD0004207,2026-03-11T02:08:51Z,bank_transfer,pending,2019.54,SGD
PAY0004208,ORD0004208,2026-03-08T12:51:26Z,paypal,success,7029.02,SGD
PAY0004209,ORD0004209,2026-02-21T08:55:18Z,wallet,success,3727.1,SGD
PAY0004210,ORD0004210,2026-01-11T20:26:27Z,paypal,success,13057.88,SGD
PAY0004211,ORD0004211,2026-03-05T21:01:12Z,bank_transfer,success,6250.92,SGD
PAY0004212,ORD0004212,2026-01-05T00:55:08Z,card,failed,6679.2,SGD
PAY0004213,ORD0004213,2026-03-18T11:08:31Z,wallet,success,6957.76,SGD
PAY0004214,ORD0004214,2026-04-07T07:38:49Z,paypal,failed,10373.28,SGD
PAY0004215,ORD0004215,2026-05-01T18:51:24Z,paypal,success,2562.44,SGD
PAY0004216,ORD0004216,2026-02-12T05:27:05Z,card,success,4598.54,SGD
PAY0004217,ORD0004217,2026-04-07T08:18:41Z,card,refunded,21188.23,SGD
PAY0004218,ORD0004218,2026-05-09T21:44:47Z,wallet,success,2402.69,SGD
PAY0004219,ORD0004219,2026-02-07T23:21:54Z,card,success,12960.02,SGD
PAY0004220,ORD0004220,2026-05-20T11:17:36Z,paypal,refunded,1931.68,SGD
PAY0004221,ORD0004221,2026-03-23T12:20:25Z,bank_transfer,success,3494.94,SGD
PAY0004222,ORD0004222,2026-04-04T13:13:36Z,bank_transfer,success,21808.08,SGD
PAY0004223,ORD0004223,2026-05-06T19:33:52Z,card,failed,13293.04,SGD
PAY0004224,ORD0004224,2026-01-19T10:04:03Z,card,success,5398.03,SGD
PAY0004225,ORD0004225,2026-05-09T17:30:34Z,wallet,success,9807.86,SGD
PAY0004226,ORD0004226,2026-04-10T15:04:20Z,bank_transfer,success,284.16,SGD
PAY0004227,ORD0004227,2026-02-11T22:28:28Z,wallet,failed,13562.46,SGD
PAY0004228,ORD0004228,2026-04-07T17:19:57Z,bank_transfer,success,12052.18,SGD
PAY0004229,ORD0004229,2026-03-09T13:25:36Z,card,success,9379.77,SGD
PAY0004230,ORD0004230,2026-04-28T02:06:54Z,wallet,success,1752.15,SGD
PAY0004231,ORD0004231,2026-01-23T09:55:01Z,paypal,refunded,4448.46,SGD
PAY0004232,ORD0004232,2026-02-24T00:18:28Z,wallet,success,14322.68,SGD
PAY0004233,ORD0004233,2026-03-06T08:57:51Z,bank_transfer,success,9708.72,SGD
PAY0004234,ORD0004234,2026-01-06T23:32:25Z,bank_transfer,success,4663.32,SGD
PAY0004235,ORD0004235,2026-04-03T14:52:16Z,card,success,17385.49,SGD
PAY0004236,ORD0004236,2026-03-15T03:13:38Z,bank_transfer,pending,1757.42,SGD
PAY0004237,ORD0004237,2026-02-22T21:05:40Z,bank_transfer,success,1305.43,SGD
PAY0004238,ORD0004238,2026-03-30T03:46:16Z,bank_transfer,success,6002.39,SGD
PAY0004239,ORD0004239,2026-01-28T02:11:05Z,wallet,refunded,6126.78,SGD
PAY0004240,ORD0004240,2026-05-22T02:56:01Z,bank_transfer,success,8816.2,SGD
PAY0004241,ORD0004241,2026-05-17T12:02:38Z,card,success,1752.15,SGD
PAY0004242,ORD0004242,2026-03-23T05:09:46Z,paypal,success,9995.17,SGD
PAY0004243,ORD0004243,2026-04-06T07:13:05Z,card,success,16296.07,SGD
PAY0004244,ORD0004244,2026-01-22T16:28:31Z,wallet,success,6095.88,SGD
PAY0004245,ORD0004245,2026-01-24T01:22:48Z,wallet,success,7377.98,SGD
PAY0004246,ORD0004246,2026-04-22T17:35:11Z,wallet,success,14155.06,SGD
PAY0004247,ORD0004247,2026-01-14T11:11:07Z,paypal,success,1123.45,SGD
PAY0004248,ORD0004248,2026-04-11T10:04:59Z,card,success,7659.72,SGD
PAY0004249,ORD0004249,2026-05-24T22:19:04Z,bank_transfer,refunded,12073.95,SGD
PAY0004250,ORD0004250,2026-05-19T11:31:30Z,wallet,success,3696.88,SGD
PAY0004251,ORD0004251,2026-03-10T23:18:23Z,wallet,success,2220.83,SGD
PAY0004252,ORD0004252,2026-05-08T18:28:09Z,wallet,success,3696.88,SGD
PAY0004253,ORD0004253,2026-01-04T12:40:59Z,wallet,success,6858.86,SGD
PAY0004254,ORD0004254,2026-02-16T16:16:06Z,wallet,failed,840.38,SGD
PAY0004255,ORD0004255,2026-05-05T06:23:01Z,card,success,8061.42,SGD
PAY0004256,ORD0004256,2026-04-15T16:04:04Z,bank_transfer,success,8958.68,SGD
PAY0004257,ORD0004257,2026-02-16T21:40:51Z,paypal,failed,15602.34,SGD
PAY0004258,ORD0004258,2026-03-09T11:13:51Z,paypal,pending,15218.35,SGD
PAY0004259,ORD0004259,2026-05-17T15:28:21Z,wallet,success,5657.88,SGD
PAY0004260,ORD0004260,2026-05-02T03:21:50Z,wallet,success,5082.4,SGD
PAY0004261,ORD0004261,2026-05-05T01:15:37Z,wallet,refunded,17208.48,SGD
PAY0004262,ORD0004262,2026-04-02T01:42:06Z,bank_transfer,success,14642.4,SGD
PAY0004263,ORD0004263,2026-05-19T06:30:34Z,bank_transfer,failed,4002.7,SGD
PAY0004264,ORD0004264,2026-04-11T23:05:36Z,paypal,pending,3272.42,SGD
PAY0004265,ORD0004265,2026-01-30T15:40:48Z,wallet,success,9335.9,SGD
PAY0004266,ORD0004266,2026-02-22T14:31:53Z,card,success,8556.15,SGD
PAY0004267,ORD0004267,2026-01-27T12:04:11Z,wallet,success,7311.13,SGD
PAY0004268,ORD0004268,2026-04-05T10:31:52Z,paypal,success,13085.88,SGD
PAY0004269,ORD0004269,2026-05-08T22:04:38Z,paypal,success,9492.84,SGD
PAY0004270,ORD0004270,2026-02-16T19:44:09Z,paypal,failed,2468.08,SGD
PAY0004271,ORD0004271,2026-03-20T17:42:00Z,card,success,8005.6,SGD
PAY0004272,ORD0004272,2026-02-18T07:13:50Z,bank_transfer,success,2418.56,SGD
PAY0004273,ORD0004273,2026-01-23T20:47:13Z,card,refunded,8551.54,SGD
PAY0004274,ORD0004274,2026-05-16T16:31:02Z,paypal,success,2262.01,SGD
PAY0004275,ORD0004275,2026-04-22T21:54:37Z,wallet,failed,5902.53,SGD
PAY0004276,ORD0004276,2026-01-03T10:48:44Z,bank_transfer,failed,15173.42,SGD
PAY0004277,ORD0004277,2026-04-11T18:26:51Z,wallet,success,6154.08,SGD
PAY0004278,ORD0004278,2026-02-04T21:29:41Z,card,failed,6411.76,SGD
PAY0004279,ORD0004279,2026-05-05T06:56:33Z,paypal,success,12559.82,SGD
PAY0004280,ORD0004280,2026-01-28T22:30:59Z,wallet,success,4197.74,SGD
PAY0004281,ORD0004281,2026-01-17T09:43:58Z,paypal,success,5167.0,SGD
PAY0004282,ORD0004282,2026-02-28T11:00:12Z,paypal,success,4056.95,SGD
PAY0004283,ORD0004283,2026-05-23T23:22:23Z,wallet,failed,593.1,SGD
PAY0004284,ORD0004284,2026-04-13T00:35:28Z,bank_transfer,success,14774.52,SGD
PAY0004285,ORD0004285,2026-02-04T03:33:27Z,bank_transfer,pending,2067.92,SGD
PAY0004286,ORD0004286,2026-03-06T02:27:14Z,wallet,success,10551.06,SGD
PAY0004287,ORD0004287,2026-01-31T19:24:52Z,card,refunded,7266.7,SGD
PAY0004288,ORD0004288,2026-02-24T13:44:09Z,wallet,pending,8604.27,SGD
PAY0004289,ORD0004289,2026-04-11T14:55:16Z,paypal,success,4220.19,SGD
PAY0004290,ORD0004290,2026-04-27T07:52:30Z,wallet,failed,5477.1,SGD
PAY0004291,ORD0004291,2026-01-28T10:01:34Z,card,success,15823.9,SGD
PAY0004292,ORD0004292,2026-04-07T05:19:04Z,card,success,3514.12,SGD
PAY0004293,ORD0004293,2026-03-15T03:59:05Z,bank_transfer,refunded,11070.14,SGD
PAY0004294,ORD0004294,2026-02-28T06:51:09Z,paypal,success,3167.4,SGD
PAY0004295,ORD0004295,2026-04-17T13:33:29Z,card,success,2868.74,SGD
PAY0004296,ORD0004296,2026-02-09T17:27:55Z,card,success,16668.35,SGD
PAY0004297,ORD0004297,2026-02-22T20:27:20Z,card,success,11483.93,SGD
PAY0004298,ORD0004298,2026-03-22T23:10:35Z,bank_transfer,success,4560.27,SGD
PAY0004299,ORD0004299,2026-02-16T19:28:01Z,wallet,success,18490.8,SGD
PAY0004300,ORD0004300,2026-01-07T09:34:41Z,paypal,success,18192.69,SGD
PAY0004301,ORD0004301,2026-03-17T02:35:16Z,paypal,success,8301.23,SGD
PAY0004302,ORD0004302,2026-04-13T12:10:24Z,bank_transfer,success,5258.03,SGD
PAY0004303,ORD0004303,2026-01-16T11:03:19Z,paypal,failed,4883.73,SGD
PAY0004304,ORD0004304,2026-03-08T21:28:51Z,card,success,12836.44,SGD
PAY0004305,ORD0004305,2026-01-09T07:16:04Z,paypal,success,4227.99,SGD
PAY0004306,ORD0004306,2026-03-04T21:49:09Z,wallet,success,3465.09,SGD
PAY0004307,ORD0004307,2026-02-11T19:36:22Z,card,pending,12683.27,SGD
PAY0004308,ORD0004308,2026-02-23T22:04:21Z,paypal,success,9386.32,SGD
PAY0004309,ORD0004309,2026-01-10T11:38:54Z,wallet,pending,8705.43,SGD
PAY0004310,ORD0004310,2026-01-22T20:07:15Z,paypal,success,3307.09,SGD
PAY0004311,ORD0004311,2026-01-24T05:04:24Z,bank_transfer,success,2751.45,SGD
PAY0004312,ORD0004312,2026-02-10T06:01:40Z,bank_transfer,success,3173.4,SGD
PAY0004313,ORD0004313,2026-01-01T00:57:42Z,paypal,success,10790.15,SGD
PAY0004314,ORD0004314,2026-02-16T09:15:59Z,wallet,success,13679.2,SGD
PAY0004315,ORD0004315,2026-03-04T04:47:07Z,paypal,refunded,1976.45,SGD
PAY0004316,ORD0004316,2026-03-18T02:24:43Z,card,success,7883.72,SGD
PAY0004317,ORD0004317,2026-03-17T23:51:25Z,paypal,success,846.02,SGD
PAY0004318,ORD0004318,2026-03-12T01:41:13Z,card,success,8352.49,SGD
PAY0004319,ORD0004319,2026-05-06T10:26:12Z,card,success,529.78,SGD
PAY0004320,ORD0004320,2026-03-09T15:08:49Z,card,failed,9542.33,SGD
PAY0004321,ORD0004321,2026-03-08T18:20:20Z,bank_transfer,success,10254.57,SGD
PAY0004322,ORD0004322,2026-01-29T06:42:35Z,paypal,success,16244.03,SGD
PAY0004323,ORD0004323,2026-02-02T01:01:25Z,wallet,success,6525.51,SGD
PAY0004324,ORD0004324,2026-02-14T05:26:50Z,card,success,6494.67,SGD
PAY0004325,ORD0004325,2026-05-19T02:02:38Z,paypal,refunded,12696.91,SGD
PAY0004326,ORD0004326,2026-03-13T12:17:59Z,paypal,success,1036.56,SGD
PAY0004327,ORD0004327,2026-05-20T15:02:45Z,card,failed,11410.86,SGD
PAY0004328,ORD0004328,2026-01-27T23:52:41Z,paypal,success,9138.02,SGD
PAY0004329,ORD0004329,2026-03-04T20:03:38Z,paypal,success,12975.06,SGD
PAY0004330,ORD0004330,2026-01-22T21:18:08Z,paypal,success,1271.27,SGD
PAY0004331,ORD0004331,2026-03-07T04:58:51Z,bank_transfer,success,2044.33,SGD
PAY0004332,ORD0004332,2026-03-23T20:35:16Z,paypal,failed,7376.53,SGD
PAY0004333,ORD0004333,2026-03-13T20:52:51Z,wallet,success,4258.46,SGD
PAY0004334,ORD0004334,2026-01-08T01:39:28Z,bank_transfer,success,12574.21,SGD
PAY0004335,ORD0004335,2026-04-16T12:14:58Z,paypal,success,8635.66,SGD
PAY0004336,ORD0004336,2026-04-04T03:52:33Z,bank_transfer,failed,5081.35,SGD
PAY0004337,ORD0004337,2026-03-10T14:18:35Z,wallet,success,284.16,SGD
PAY0004338,ORD0004338,2026-04-02T01:15:04Z,card,success,21766.61,SGD
PAY0004339,ORD0004339,2026-02-16T08:02:17Z,paypal,failed,2130.67,SGD
PAY0004340,ORD0004340,2026-05-11T15:07:38Z,bank_transfer,success,18558.05,SGD
PAY0004341,ORD0004341,2026-02-09T20:29:15Z,card,success,898.96,SGD
PAY0004342,ORD0004342,2026-02-12T14:19:34Z,paypal,success,10087.67,SGD
PAY0004343,ORD0004343,2026-03-20T01:54:49Z,paypal,pending,3645.03,SGD
PAY0004344,ORD0004344,2026-01-04T09:11:12Z,card,success,2243.02,SGD
PAY0004345,ORD0004345,2026-03-10T17:56:19Z,card,pending,10654.9,SGD
PAY0004346,ORD0004346,2026-03-02T03:10:00Z,paypal,success,9155.84,SGD
PAY0004347,ORD0004347,2026-03-14T09:56:51Z,paypal,success,5984.07,SGD
PAY0004348,ORD0004348,2026-02-01T21:13:52Z,paypal,success,12996.55,SGD
PAY0004349,ORD0004349,2026-05-10T11:40:10Z,card,success,6923.85,SGD
PAY0004350,ORD0004350,2026-05-14T02:18:37Z,bank_transfer,success,9651.69,SGD
PAY0004351,ORD0004351,2026-04-23T03:45:39Z,paypal,refunded,13149.75,SGD
PAY0004352,ORD0004352,2026-05-21T01:39:46Z,paypal,success,1359.89,SGD
PAY0004353,ORD0004353,2026-05-13T05:55:47Z,card,success,2160.92,SGD
PAY0004354,ORD0004354,2026-02-18T11:56:44Z,paypal,refunded,431.61,SGD
PAY0004355,ORD0004355,2026-02-25T18:45:54Z,wallet,success,11297.25,SGD
PAY0004356,ORD0004356,2026-04-20T02:36:20Z,bank_transfer,success,9066.21,SGD
PAY0004357,ORD0004357,2026-03-31T14:15:33Z,paypal,failed,11980.62,SGD
PAY0004358,ORD0004358,2026-03-01T07:41:21Z,wallet,pending,1185.53,SGD
PAY0004359,ORD0004359,2026-02-04T06:13:40Z,card,success,10086.08,SGD
PAY0004360,ORD0004360,2026-04-17T13:56:52Z,card,success,1592.86,SGD
PAY0004361,ORD0004361,2026-04-09T12:19:07Z,card,refunded,1739.22,SGD
PAY0004362,ORD0004362,2026-04-13T20:21:08Z,bank_transfer,success,8493.77,SGD
PAY0004363,ORD0004363,2026-03-20T02:59:22Z,paypal,success,1174.11,SGD
PAY0004364,ORD0004364,2026-05-15T11:56:52Z,bank_transfer,success,4408.86,SGD
PAY0004365,ORD0004365,2026-02-09T05:22:12Z,paypal,success,9588.71,SGD
PAY0004366,ORD0004366,2026-01-30T11:43:34Z,paypal,failed,4894.42,SGD
PAY0004367,ORD0004367,2026-05-05T16:54:54Z,card,refunded,6195.83,SGD
PAY0004368,ORD0004368,2026-03-22T02:37:45Z,bank_transfer,success,12132.53,SGD
PAY0004369,ORD0004369,2026-01-26T13:02:10Z,bank_transfer,failed,8788.23,SGD
PAY0004370,ORD0004370,2026-03-09T02:47:20Z,wallet,success,5899.69,SGD
PAY0004371,ORD0004371,2026-01-11T00:13:21Z,bank_transfer,failed,3823.02,SGD
PAY0004372,ORD0004372,2026-04-12T05:27:14Z,bank_transfer,pending,11620.68,SGD
PAY0004373,ORD0004373,2026-04-09T20:13:10Z,card,success,2696.88,SGD
PAY0004374,ORD0004374,2026-04-04T09:25:37Z,bank_transfer,success,5208.78,SGD
PAY0004375,ORD0004375,2026-04-29T10:23:43Z,bank_transfer,success,2912.12,SGD
PAY0004376,ORD0004376,2026-01-12T06:26:44Z,paypal,pending,11091.69,SGD
PAY0004377,ORD0004377,2026-03-09T17:06:51Z,card,success,8397.69,SGD
PAY0004378,ORD0004378,2026-02-28T09:49:16Z,bank_transfer,success,6231.88,SGD
PAY0004379,ORD0004379,2026-04-18T09:01:32Z,paypal,success,327.78,SGD
PAY0004380,ORD0004380,2026-01-17T11:03:29Z,card,success,4617.84,SGD
PAY0004381,ORD0004381,2026-02-27T07:42:09Z,wallet,success,19.64,SGD
PAY0004382,ORD0004382,2026-03-23T12:37:33Z,paypal,success,13766.07,SGD
PAY0004383,ORD0004383,2026-05-06T13:59:46Z,bank_transfer,success,7725.99,SGD
PAY0004384,ORD0004384,2026-02-06T14:04:20Z,paypal,success,8969.39,SGD
PAY0004385,ORD0004385,2026-03-11T21:58:51Z,bank_transfer,failed,5584.57,SGD
PAY0004386,ORD0004386,2026-05-18T13:55:12Z,bank_transfer,success,7815.34,SGD
PAY0004387,ORD0004387,2026-02-13T01:15:53Z,bank_transfer,success,7413.69,SGD
PAY0004388,ORD0004388,2026-03-07T22:42:53Z,paypal,success,5587.74,SGD
PAY0004389,ORD0004389,2026-02-26T15:45:39Z,bank_transfer,success,10028.44,SGD
PAY0004390,ORD0004390,2026-03-10T07:20:37Z,card,refunded,15064.74,SGD
PAY0004391,ORD0004391,2026-03-19T07:49:40Z,bank_transfer,success,4183.22,SGD
PAY0004392,ORD0004392,2026-02-01T11:37:05Z,card,refunded,6957.11,SGD
PAY0004393,ORD0004393,2026-05-02T10:45:44Z,bank_transfer,success,14477.49,SGD
PAY0004394,ORD0004394,2026-03-22T05:49:07Z,card,success,14664.13,SGD
PAY0004395,ORD0004395,2026-05-01T21:19:32Z,wallet,success,5682.18,SGD
PAY0004396,ORD0004396,2026-02-26T12:30:17Z,bank_transfer,success,3684.82,SGD
PAY0004397,ORD0004397,2026-04-12T06:02:36Z,paypal,success,6401.14,SGD
PAY0004398,ORD0004398,2026-01-01T15:05:20Z,card,success,8284.56,SGD
PAY0004399,ORD0004399,2026-01-10T22:35:51Z,card,pending,8920.6,SGD
PAY0004400,ORD0004400,2026-03-08T14:10:06Z,paypal,success,4285.24,SGD
PAY0004401,ORD0004401,2026-02-26T17:42:05Z,bank_transfer,success,4334.65,SGD
PAY0004402,ORD0004402,2026-02-14T16:52:41Z,card,success,9009.82,SGD
PAY0004403,ORD0004403,2026-02-07T00:00:14Z,card,success,5064.88,SGD
PAY0004404,ORD0004404,2026-05-03T07:57:08Z,bank_transfer,success,14736.18,SGD
PAY0004405,ORD0004405,2026-04-01T14:31:43Z,bank_transfer,success,9937.87,SGD
PAY0004406,ORD0004406,2026-03-06T19:27:42Z,paypal,success,6629.49,SGD
PAY0004407,ORD0004407,2026-01-12T00:05:01Z,wallet,success,6372.24,SGD
PAY0004408,ORD0004408,2026-02-11T21:09:47Z,wallet,refunded,9257.88,SGD
PAY0004409,ORD0004409,2026-04-29T14:56:34Z,wallet,success,142.86,SGD
PAY0004410,ORD0004410,2026-04-19T05:43:48Z,wallet,failed,8889.4,SGD
PAY0004411,ORD0004411,2026-03-28T18:59:03Z,wallet,success,708.01,SGD
PAY0004412,ORD0004412,2026-01-11T05:18:43Z,wallet,success,593.1,SGD
PAY0004413,ORD0004413,2026-03-15T18:14:35Z,bank_transfer,pending,8629.36,SGD
PAY0004414,ORD0004414,2026-02-12T08:57:14Z,wallet,failed,591.18,SGD
PAY0004415,ORD0004415,2026-03-29T17:32:57Z,wallet,success,2466.71,SGD
PAY0004416,ORD0004416,2026-02-21T07:51:57Z,wallet,success,2813.31,SGD
PAY0004417,ORD0004417,2026-02-27T22:33:39Z,wallet,success,10072.11,SGD
PAY0004418,ORD0004418,2026-04-05T14:57:19Z,card,success,11453.67,SGD
PAY0004419,ORD0004419,2026-01-16T07:52:40Z,paypal,success,2920.23,SGD
PAY0004420,ORD0004420,2026-05-21T19:31:10Z,wallet,failed,9124.18,SGD
PAY0004421,ORD0004421,2026-01-11T08:56:41Z,bank_transfer,success,3554.02,SGD
PAY0004422,ORD0004422,2026-03-22T01:29:42Z,card,success,546.64,SGD
PAY0004423,ORD0004423,2026-04-03T08:06:33Z,wallet,success,469.02,SGD
PAY0004424,ORD0004424,2026-01-25T01:49:46Z,wallet,success,5051.6,SGD
PAY0004425,ORD0004425,2026-01-04T16:16:48Z,wallet,success,6717.37,SGD
PAY0004426,ORD0004426,2026-02-07T05:06:23Z,wallet,success,15742.72,SGD
PAY0004427,ORD0004427,2026-02-17T13:58:50Z,card,success,9614.44,SGD
PAY0004428,ORD0004428,2026-03-20T10:09:53Z,paypal,success,1271.12,SGD
PAY0004429,ORD0004429,2026-01-03T00:33:15Z,card,success,5906.66,SGD
PAY0004430,ORD0004430,2026-01-06T08:06:54Z,paypal,success,9101.25,SGD
PAY0004431,ORD0004431,2026-03-18T13:02:35Z,wallet,success,11272.04,SGD
PAY0004432,ORD0004432,2026-04-01T09:17:05Z,card,refunded,3900.15,SGD
PAY0004433,ORD0004433,2026-04-14T02:56:46Z,wallet,success,4745.49,SGD
PAY0004434,ORD0004434,2026-05-11T22:39:50Z,paypal,pending,5027.2,SGD
PAY0004435,ORD0004435,2026-03-10T23:27:48Z,bank_transfer,refunded,3826.45,SGD
PAY0004436,ORD0004436,2026-02-28T08:21:33Z,bank_transfer,success,7766.48,SGD
PAY0004437,ORD0004437,2026-03-24T05:27:40Z,bank_transfer,success,7702.07,SGD
PAY0004438,ORD0004438,2026-02-16T09:57:40Z,paypal,success,7253.9,SGD
PAY0004439,ORD0004439,2026-03-15T10:42:00Z,wallet,success,10678.65,SGD
PAY0004440,ORD0004440,2026-02-11T13:56:24Z,card,success,9179.7,SGD
PAY0004441,ORD0004441,2026-02-19T16:31:50Z,paypal,pending,8795.43,SGD
PAY0004442,ORD0004442,2026-04-16T04:59:22Z,wallet,success,11605.7,SGD
PAY0004443,ORD0004443,2026-04-10T01:30:09Z,wallet,pending,4316.37,SGD
PAY0004444,ORD0004444,2026-03-07T23:30:09Z,wallet,failed,7949.31,SGD
PAY0004445,ORD0004445,2026-05-06T14:09:56Z,paypal,success,10754.02,SGD
PAY0004446,ORD0004446,2026-01-15T04:59:47Z,paypal,success,4562.81,SGD
PAY0004447,ORD0004447,2026-03-14T17:52:58Z,bank_transfer,failed,16157.15,SGD
PAY0004448,ORD0004448,2026-01-12T14:55:13Z,wallet,success,15628.83,SGD
PAY0004449,ORD0004449,2026-05-05T04:40:52Z,bank_transfer,success,2213.44,SGD
PAY0004450,ORD0004450,2026-03-02T02:34:44Z,paypal,success,13873.25,SGD
PAY0004451,ORD0004451,2026-05-23T01:47:40Z,card,success,1736.94,SGD
PAY0004452,ORD0004452,2026-04-02T17:06:15Z,paypal,success,9690.64,SGD
PAY0004453,ORD0004453,2026-05-23T01:04:17Z,bank_transfer,failed,7891.98,SGD
PAY0004454,ORD0004454,2026-03-06T05:54:20Z,wallet,success,8610.68,SGD
PAY0004455,ORD0004455,2026-04-09T01:45:21Z,paypal,success,13295.73,SGD
PAY0004456,ORD0004456,2026-01-14T22:11:02Z,wallet,success,13726.66,SGD
PAY0004457,ORD0004457,2026-04-13T20:03:32Z,wallet,success,9557.83,SGD
PAY0004458,ORD0004458,2026-04-28T00:43:03Z,paypal,success,11447.1,SGD
PAY0004459,ORD0004459,2026-03-29T15:11:15Z,bank_transfer,success,4278.65,SGD
PAY0004460,ORD0004460,2026-02-10T16:36:14Z,bank_transfer,refunded,14380.6,SGD
PAY0004461,ORD0004461,2026-04-23T14:57:13Z,paypal,success,1814.49,SGD
PAY0004462,ORD0004462,2026-05-09T19:23:17Z,paypal,success,2113.62,SGD
PAY0004463,ORD0004463,2026-03-31T21:23:19Z,paypal,failed,6520.54,SGD
PAY0004464,ORD0004464,2026-04-07T02:41:43Z,paypal,success,14128.91,SGD
PAY0004465,ORD0004465,2026-04-04T23:05:27Z,bank_transfer,success,9442.82,SGD
PAY0004466,ORD0004466,2026-02-04T22:36:37Z,bank_transfer,success,3349.98,SGD
PAY0004467,ORD0004467,2026-01-25T09:58:29Z,bank_transfer,pending,2562.44,SGD
PAY0004468,ORD0004468,2026-04-04T21:37:54Z,wallet,success,6729.06,SGD
PAY0004469,ORD0004469,2026-03-28T01:53:43Z,bank_transfer,success,3395.52,SGD
PAY0004470,ORD0004470,2026-05-07T12:44:07Z,wallet,success,3349.98,SGD
PAY0004471,ORD0004471,2026-01-18T15:17:45Z,wallet,success,3153.13,SGD
PAY0004472,ORD0004472,2026-03-15T09:05:39Z,paypal,success,9025.51,SGD
PAY0004473,ORD0004473,2026-03-19T07:56:00Z,card,success,8608.06,SGD
PAY0004474,ORD0004474,2026-04-03T02:48:43Z,paypal,success,2301.63,SGD
PAY0004475,ORD0004475,2026-03-30T05:33:27Z,card,pending,7432.59,SGD
PAY0004476,ORD0004476,2026-02-19T17:20:12Z,bank_transfer,success,17600.13,SGD
PAY0004477,ORD0004477,2026-01-21T09:25:19Z,card,pending,234.51,SGD
PAY0004478,ORD0004478,2026-04-01T07:54:36Z,wallet,success,14608.0,SGD
PAY0004479,ORD0004479,2026-05-23T03:00:10Z,card,success,11393.83,SGD
PAY0004480,ORD0004480,2026-01-05T00:43:20Z,bank_transfer,pending,15326.68,SGD
PAY0004481,ORD0004481,2026-02-01T12:45:11Z,bank_transfer,success,1449.76,SGD
PAY0004482,ORD0004482,2026-02-21T09:05:29Z,wallet,success,5397.51,SGD
PAY0004483,ORD0004483,2026-03-31T22:21:36Z,bank_transfer,success,1643.05,SGD
PAY0004484,ORD0004484,2026-03-07T14:15:11Z,card,success,11497.03,SGD
PAY0004485,ORD0004485,2026-04-13T18:32:07Z,wallet,success,10327.03,SGD
PAY0004486,ORD0004486,2026-02-01T20:08:53Z,bank_transfer,success,9514.4,SGD
PAY0004487,ORD0004487,2026-05-04T19:40:25Z,wallet,success,4349.28,SGD
PAY0004488,ORD0004488,2026-05-15T21:35:25Z,wallet,success,3788.12,SGD
PAY0004489,ORD0004489,2026-05-17T08:21:56Z,wallet,success,4367.74,SGD
PAY0004490,ORD0004490,2026-04-05T00:02:33Z,card,success,2167.05,SGD
PAY0004491,ORD0004491,2026-01-21T14:35:41Z,wallet,success,10304.78,SGD
PAY0004492,ORD0004492,2026-02-09T07:03:43Z,card,failed,10195.17,SGD
PAY0004493,ORD0004493,2026-03-23T10:37:27Z,paypal,refunded,8288.81,SGD
PAY0004494,ORD0004494,2026-04-21T14:27:54Z,wallet,success,3804.75,SGD
PAY0004495,ORD0004495,2026-03-28T07:45:30Z,card,success,16951.34,SGD
PAY0004496,ORD0004496,2026-03-16T21:46:29Z,bank_transfer,success,5318.46,SGD
PAY0004497,ORD0004497,2026-01-06T22:18:37Z,paypal,success,4535.94,SGD
PAY0004498,ORD0004498,2026-03-27T10:56:40Z,wallet,success,3020.22,SGD
PAY0004499,ORD0004499,2026-04-29T10:49:16Z,wallet,success,5934.77,SGD
PAY0004500,ORD0004500,2026-03-07T10:57:59Z,wallet,failed,11795.97,SGD
PAY0004501,ORD0004501,2026-04-09T02:05:05Z,card,success,2171.88,SGD
PAY0004502,ORD0004502,2026-02-06T00:33:13Z,card,refunded,7243.29,SGD
PAY0004503,ORD0004503,2026-01-17T07:56:22Z,wallet,success,11412.24,SGD
PAY0004504,ORD0004504,2026-04-30T14:17:46Z,paypal,refunded,2723.78,SGD
PAY0004505,ORD0004505,2026-05-17T17:49:41Z,card,failed,14727.87,SGD
PAY0004506,ORD0004506,2026-04-08T02:56:33Z,bank_transfer,success,1554.54,SGD
PAY0004507,ORD0004507,2026-02-28T15:02:11Z,paypal,success,5501.65,SGD
PAY0004508,ORD0004508,2026-05-18T19:58:30Z,bank_transfer,success,2272.98,SGD
PAY0004509,ORD0004509,2026-01-28T05:45:29Z,card,success,10333.65,SGD
PAY0004510,ORD0004510,2026-03-20T03:53:45Z,card,success,10071.45,SGD
PAY0004511,ORD0004511,2026-03-08T07:25:45Z,wallet,success,7510.68,SGD
PAY0004512,ORD0004512,2026-03-06T07:16:34Z,card,success,3853.49,SGD
PAY0004513,ORD0004513,2026-04-18T11:02:33Z,paypal,success,7773.28,SGD
PAY0004514,ORD0004514,2026-01-05T11:35:43Z,bank_transfer,success,12275.12,SGD
PAY0004515,ORD0004515,2026-02-27T22:01:34Z,paypal,success,4018.92,SGD
PAY0004516,ORD0004516,2026-04-07T05:01:22Z,card,failed,9484.62,SGD
PAY0004517,ORD0004517,2026-02-19T19:05:45Z,card,success,12006.15,SGD
PAY0004518,ORD0004518,2026-02-06T18:25:46Z,bank_transfer,success,4576.7,SGD
PAY0004519,ORD0004519,2026-03-21T04:14:48Z,paypal,success,14220.58,SGD
PAY0004520,ORD0004520,2026-05-11T19:30:24Z,paypal,success,10524.21,SGD
PAY0004521,ORD0004521,2026-04-23T01:54:50Z,paypal,success,5283.12,SGD
PAY0004522,ORD0004522,2026-01-20T07:34:57Z,bank_transfer,success,4805.22,SGD
PAY0004523,ORD0004523,2026-04-27T19:40:20Z,card,success,-9944.32,SGD
PAY0004524,ORD0004524,2026-04-15T12:31:32Z,wallet,refunded,7438.3,SGD
PAY0004525,ORD0004525,2026-01-19T21:18:11Z,card,success,14004.16,SGD
PAY0004526,ORD0004526,2026-03-04T12:40:22Z,bank_transfer,success,4783.34,SGD
PAY0004527,ORD0004527,2026-03-23T13:37:24Z,card,success,11069.31,SGD
PAY0004528,ORD0004528,2026-04-13T03:05:58Z,bank_transfer,pending,9724.22,SGD
PAY0004529,ORD0004529,2026-04-12T18:43:42Z,card,failed,9840.68,SGD
PAY0004530,ORD0004530,2026-04-16T09:16:09Z,wallet,success,14427.07,SGD
PAY0004531,ORD0004531,2026-01-22T22:15:42Z,bank_transfer,success,3856.02,SGD
PAY0004532,ORD0004532,2026-05-12T20:14:19Z,paypal,success,5954.63,SGD
PAY0004533,ORD0004533,2026-04-19T13:01:35Z,bank_transfer,pending,5030.7,SGD
PAY0004534,ORD0004534,2026-04-19T16:37:22Z,bank_transfer,pending,11376.19,SGD
PAY0004535,ORD0004535,2026-02-16T14:15:31Z,bank_transfer,success,4204.8,SGD
PAY0004536,ORD0004536,2026-05-08T05:31:50Z,paypal,success,13702.13,SGD
PAY0004537,ORD0004537,2026-05-16T15:44:00Z,wallet,success,4493.33,SGD
PAY0004538,ORD0004538,2026-05-12T10:22:44Z,bank_transfer,success,6937.18,SGD
PAY0004539,ORD0004539,2026-04-01T03:41:09Z,bank_transfer,success,14515.79,SGD
PAY0004540,ORD0004540,2026-05-02T15:43:47Z,paypal,success,21562.88,SGD
PAY0004541,ORD0004541,2026-02-03T21:17:41Z,card,failed,6430.53,SGD
PAY0004542,ORD0004542,2026-04-06T19:07:34Z,wallet,failed,7910.4,SGD
PAY0004543,ORD0004543,2026-01-05T00:26:48Z,bank_transfer,success,10956.04,SGD
PAY0004544,ORD0004544,2026-03-08T19:43:35Z,card,success,3807.89,SGD
PAY0004545,ORD0004545,2026-04-27T11:42:02Z,card,success,1305.43,SGD
PAY0004546,ORD0004546,2026-02-11T00:06:44Z,wallet,success,4426.65,SGD
PAY0004547,ORD0004547,2026-04-04T21:43:23Z,wallet,success,262.96,SGD
PAY0004548,ORD0004548,2026-04-22T04:04:27Z,paypal,pending,6515.64,SGD
PAY0004549,ORD0004549,2026-05-15T21:33:27Z,wallet,success,10328.2,SGD
PAY0004550,ORD0004550,2026-03-31T00:14:03Z,card,success,7433.8,SGD
PAY0004551,ORD0004551,2026-04-15T06:22:30Z,bank_transfer,success,162.59,SGD
PAY0004552,ORD0004552,2026-05-20T02:49:45Z,card,failed,10711.17,SGD
PAY0004553,ORD0004553,2026-01-27T04:08:59Z,wallet,success,4461.3,SGD
PAY0004554,ORD0004554,2026-03-08T20:45:41Z,card,failed,4188.12,SGD
PAY0004555,ORD0004555,2026-04-08T08:21:40Z,wallet,failed,7591.84,SGD
PAY0004556,ORD0004556,2026-03-16T14:28:47Z,bank_transfer,success,8770.01,SGD
PAY0004557,ORD0004557,2026-03-19T20:39:33Z,card,success,9323.5,SGD
PAY0004558,ORD0004558,2026-02-18T11:47:38Z,wallet,success,5043.99,SGD
PAY0004559,ORD0004559,2026-03-30T09:56:08Z,bank_transfer,success,7411.09,SGD
PAY0004560,ORD0004560,2026-02-08T01:37:49Z,wallet,success,3813.81,SGD
PAY0004561,ORD0004561,2026-01-13T18:14:07Z,paypal,refunded,2410.16,SGD
PAY0004562,ORD0004562,2026-05-06T06:34:46Z,card,success,10255.39,SGD
PAY0004563,ORD0004563,2026-02-07T02:38:12Z,paypal,success,7126.68,SGD
PAY0004564,ORD0004564,2026-01-17T23:46:56Z,card,success,6856.49,SGD
PAY0004565,ORD0004565,2026-05-02T04:26:49Z,wallet,success,13061.41,SGD
PAY0004566,ORD0004566,2026-02-19T04:24:09Z,paypal,success,6863.54,SGD
PAY0004567,ORD0004567,2026-04-09T04:53:16Z,card,success,6515.64,SGD
PAY0004568,ORD0004568,2026-03-31T06:52:14Z,wallet,failed,2878.52,SGD
PAY0004569,ORD0004569,2026-05-01T02:19:27Z,card,success,5778.24,SGD
PAY0004570,ORD0004570,2026-03-04T11:11:03Z,card,success,305.14,SGD
PAY0004571,ORD0004571,2026-04-06T05:42:40Z,wallet,success,1589.34,SGD
PAY0004572,ORD0004572,2026-03-07T06:16:23Z,paypal,success,3859.0,SGD
PAY0004573,ORD0004573,2026-02-03T03:05:49Z,paypal,success,16392.69,SGD
PAY0004574,ORD0004574,2026-04-23T23:06:06Z,paypal,success,5083.38,SGD
PAY0004575,ORD0004575,2026-04-24T05:42:54Z,paypal,success,4742.48,SGD
PAY0004576,ORD0004576,2026-03-09T12:16:06Z,wallet,success,12115.55,SGD
PAY0004577,ORD0004577,2026-02-25T00:22:49Z,card,success,3928.5,SGD
PAY0004578,ORD0004578,2026-02-09T23:19:32Z,card,success,13257.53,SGD
PAY0004579,ORD0004579,2026-05-03T14:38:25Z,card,refunded,-8181.55,SGD
PAY0004580,ORD0004580,2026-02-10T10:00:46Z,bank_transfer,success,10827.22,SGD
PAY0004581,ORD0004581,2026-02-03T06:01:30Z,bank_transfer,success,7402.35,SGD
PAY0004582,ORD0004582,2026-05-05T07:22:06Z,wallet,failed,4142.71,SGD
PAY0004583,ORD0004583,2026-04-09T13:22:41Z,wallet,success,5397.51,SGD
PAY0004584,ORD0004584,2026-03-12T14:49:46Z,bank_transfer,success,12059.17,SGD
PAY0004585,ORD0004585,2026-02-02T17:59:03Z,wallet,success,1330.08,SGD
PAY0004586,ORD0004586,2026-03-20T18:26:44Z,bank_transfer,success,4021.68,SGD
PAY0004587,ORD0004587,2026-05-08T09:55:22Z,paypal,failed,12499.08,SGD
PAY0004588,ORD0004588,2026-04-20T05:22:54Z,bank_transfer,pending,8647.06,SGD
PAY0004589,ORD0004589,2026-04-18T19:06:26Z,bank_transfer,success,22408.55,SGD
PAY0004590,ORD0004590,2026-03-09T02:50:00Z,paypal,success,4596.82,SGD
PAY0004591,ORD0004591,2026-05-03T07:44:39Z,paypal,refunded,2605.41,SGD
PAY0004592,ORD0004592,2026-03-30T13:53:12Z,bank_transfer,success,4448.9,SGD
PAY0004593,ORD0004593,2026-03-22T02:37:12Z,wallet,success,16875.38,SGD
PAY0004594,ORD0004594,2026-03-19T01:55:35Z,bank_transfer,success,3711.31,SGD
PAY0004595,ORD0004595,2026-01-12T22:38:06Z,card,failed,4411.67,SGD
PAY0004596,ORD0004596,2026-04-20T11:14:03Z,paypal,success,2262.01,SGD
PAY0004597,ORD0004597,2026-04-25T23:02:09Z,card,success,7122.06,SGD
PAY0004598,ORD0004598,2026-01-30T22:29:40Z,wallet,failed,8752.84,SGD
PAY0004599,ORD0004599,2026-01-01T09:49:19Z,paypal,refunded,6687.24,SGD
PAY0004600,ORD0004600,2026-04-26T11:32:55Z,bank_transfer,success,2039.0,SGD
PAY0004601,ORD0004601,2026-05-17T11:00:44Z,bank_transfer,success,1643.05,SGD
PAY0004602,ORD0004602,2026-04-28T05:51:38Z,wallet,success,16141.11,SGD
PAY0004603,ORD0004603,2026-02-15T09:21:14Z,card,success,7901.4,SGD
PAY0004604,ORD0004604,2026-04-05T03:29:14Z,wallet,success,6169.65,SGD
PAY0004605,ORD0004605,2026-04-05T20:25:29Z,paypal,failed,10932.46,SGD
PAY0004606,ORD0004606,2026-03-15T00:14:08Z,bank_transfer,success,6592.24,SGD
PAY0004607,ORD0004607,2026-02-17T19:23:04Z,wallet,success,7352.62,SGD
PAY0004608,ORD0004608,2026-01-14T10:11:40Z,wallet,refunded,5874.83,SGD
PAY0004609,ORD0004609,2026-03-29T12:39:20Z,bank_transfer,success,7448.34,SGD
PAY0004610,ORD0004610,2026-04-08T14:14:16Z,paypal,success,3521.92,SGD
PAY0004611,ORD0004611,2026-02-06T03:59:50Z,card,success,15323.68,SGD
PAY0004612,ORD0004612,2026-01-06T10:55:48Z,paypal,success,3308.26,SGD
PAY0004613,ORD0004613,2026-01-09T06:36:38Z,card,success,3521.92,SGD
PAY0004614,ORD0004614,2026-02-01T03:45:46Z,bank_transfer,refunded,13752.72,SGD
PAY0004615,ORD0004615,2026-05-16T11:43:09Z,wallet,success,13667.97,SGD
PAY0004616,ORD0004616,2026-03-31T05:19:15Z,card,success,2090.59,SGD
PAY0004617,ORD0004617,2026-05-20T00:39:31Z,bank_transfer,success,9509.61,SGD
PAY0004618,ORD0004618,2026-01-07T07:06:09Z,paypal,success,6180.26,SGD
PAY0004619,ORD0004619,2026-04-03T15:24:49Z,paypal,success,11210.94,SGD
PAY0004620,ORD0004620,2026-01-01T22:36:16Z,wallet,success,7049.17,SGD
PAY0004621,ORD0004621,2026-05-20T15:49:40Z,paypal,success,5600.07,SGD
PAY0004622,ORD0004622,2026-05-06T12:20:39Z,bank_transfer,failed,4833.55,SGD
PAY0004623,ORD0004623,2026-05-09T06:42:56Z,wallet,success,13793.67,SGD
PAY0004624,ORD0004624,2026-05-02T12:57:25Z,card,success,5126.76,SGD
PAY0004625,ORD0004625,2026-05-24T12:19:26Z,card,success,3928.46,SGD
PAY0004626,ORD0004626,2026-03-23T18:58:49Z,card,success,18103.26,SGD
PAY0004627,ORD0004627,2026-03-24T10:21:42Z,paypal,success,4734.63,SGD
PAY0004628,ORD0004628,2026-03-25T13:52:46Z,bank_transfer,success,8977.99,SGD
PAY0004629,ORD0004629,2026-01-12T11:19:48Z,paypal,success,752.85,SGD
PAY0004630,ORD0004630,2026-01-24T07:18:05Z,paypal,success,18101.6,SGD
PAY0004631,ORD0004631,2026-02-06T05:36:04Z,paypal,success,12513.42,SGD
PAY0004632,ORD0004632,2026-04-01T01:50:50Z,bank_transfer,success,9768.95,SGD
PAY0004633,ORD0004633,2026-04-01T16:22:14Z,card,success,4227.99,SGD
PAY0004634,ORD0004634,2026-01-14T11:29:39Z,card,refunded,1704.3,SGD
PAY0004635,ORD0004635,2026-01-02T19:13:37Z,bank_transfer,success,6365.97,SGD
PAY0004636,ORD0004636,2026-02-24T06:44:13Z,card,success,10529.84,SGD
PAY0004637,ORD0004637,2026-04-21T17:17:54Z,card,success,318.6,SGD
PAY0004638,ORD0004638,2026-03-22T11:02:14Z,bank_transfer,success,1799.17,SGD
PAY0004639,ORD0004639,2026-01-08T20:10:01Z,wallet,success,5447.89,SGD
PAY0004640,ORD0004640,2026-03-12T20:09:40Z,paypal,success,9889.31,SGD
PAY0004641,ORD0004641,2026-01-23T13:07:31Z,bank_transfer,success,5397.51,SGD
PAY0004642,ORD0004642,2026-03-20T07:30:28Z,card,success,12344.6,SGD
PAY0004643,ORD0004643,2026-03-17T11:23:21Z,bank_transfer,success,2131.18,SGD
PAY0004644,ORD0004644,2026-05-21T18:59:55Z,paypal,pending,1304.61,SGD
PAY0004645,ORD0004645,2026-01-22T18:54:57Z,wallet,success,11748.39,SGD
PAY0004646,ORD0004646,2026-03-03T17:06:32Z,card,success,1065.89,SGD
PAY0004647,ORD0004647,2026-01-29T07:16:52Z,wallet,success,16080.22,SGD
PAY0004648,ORD0004648,2026-01-04T23:06:38Z,wallet,success,14519.99,SGD
PAY0004649,ORD0004649,2026-02-15T16:04:54Z,bank_transfer,failed,6501.15,SGD
PAY0004650,ORD0004650,2026-01-15T11:47:54Z,paypal,failed,7287.9,SGD
PAY0004651,ORD0004651,2026-04-26T14:44:52Z,paypal,success,16965.59,SGD
PAY0004652,ORD0004652,2026-04-12T03:20:39Z,bank_transfer,refunded,12401.93,SGD
PAY0004653,ORD0004653,2026-05-04T12:54:53Z,paypal,success,5660.01,SGD
PAY0004654,ORD0004654,2026-02-17T04:55:28Z,paypal,pending,12974.97,SGD
PAY0004655,ORD0004655,2026-02-03T07:03:55Z,card,success,1261.75,SGD
PAY0004656,ORD0004656,2026-04-02T11:26:11Z,card,success,-13784.8,SGD
PAY0004657,ORD0004657,2026-01-11T12:36:51Z,bank_transfer,success,10742.75,SGD
PAY0004658,ORD0004658,2026-02-04T16:21:23Z,wallet,success,15526.89,SGD
PAY0004659,ORD0004659,2026-01-30T08:01:54Z,bank_transfer,refunded,7350.27,SGD
PAY0004660,ORD0004660,2026-05-13T10:58:57Z,wallet,refunded,-1702.81,SGD
PAY0004661,ORD0004661,2026-01-06T06:46:12Z,wallet,refunded,8148.23,SGD
PAY0004662,ORD0004662,2026-02-10T04:10:47Z,card,success,17266.63,SGD
PAY0004663,ORD0004663,2026-01-04T21:11:33Z,wallet,failed,142.08,SGD
PAY0004664,ORD0004664,2026-04-29T03:38:39Z,bank_transfer,success,16121.38,SGD
PAY0004665,ORD0004665,2026-03-14T01:34:46Z,wallet,success,6429.61,SGD
PAY0004666,ORD0004666,2026-02-11T01:42:54Z,wallet,success,2171.88,SGD
PAY0004667,ORD0004667,2026-05-04T11:51:03Z,paypal,success,17011.63,SGD
PAY0004668,ORD0004668,2026-04-15T05:05:15Z,bank_transfer,success,6005.08,SGD
PAY0004669,ORD0004669,2026-05-16T01:51:19Z,paypal,success,2577.26,SGD
PAY0004670,ORD0004670,2026-01-05T14:24:31Z,bank_transfer,success,1760.96,SGD
PAY0004671,ORD0004671,2026-02-08T15:47:40Z,wallet,success,4262.36,SGD
PAY0004672,ORD0004672,2026-02-04T12:12:18Z,wallet,refunded,8756.11,SGD
PAY0004673,ORD0004673,2026-04-24T07:35:51Z,wallet,success,7384.66,SGD
PAY0004674,ORD0004674,2026-03-18T20:15:37Z,paypal,success,7720.29,SGD
PAY0004675,ORD0004675,2026-02-09T05:10:22Z,paypal,success,3230.5,SGD
PAY0004676,ORD0004676,2026-01-09T17:26:09Z,bank_transfer,success,3640.2,SGD
PAY0004677,ORD0004677,2026-01-01T16:01:25Z,wallet,success,571.86,SGD
PAY0004678,ORD0004678,2026-03-20T16:11:17Z,bank_transfer,failed,17929.47,SGD
PAY0004679,ORD0004679,2026-03-19T19:34:39Z,wallet,pending,1756.12,SGD
PAY0004680,ORD0004680,2026-03-02T16:19:45Z,paypal,success,19810.46,SGD
PAY0004681,ORD0004681,2026-05-14T21:16:43Z,card,success,10495.78,SGD
PAY0004682,ORD0004682,2026-05-21T15:11:38Z,card,success,1708.92,SGD
PAY0004683,ORD0004683,2026-03-22T01:59:50Z,card,success,11790.87,SGD
PAY0004684,ORD0004684,2026-02-18T14:49:07Z,bank_transfer,success,12526.43,SGD
PAY0004685,ORD0004685,2026-04-16T03:34:17Z,paypal,success,19367.03,SGD
PAY0004686,ORD0004686,2026-02-15T01:29:10Z,bank_transfer,success,162.59,SGD
PAY0004687,ORD0004687,2026-02-13T07:16:14Z,paypal,success,9511.57,SGD
PAY0004688,ORD0004688,2026-05-19T00:15:44Z,card,success,1713.56,SGD
PAY0004689,ORD0004689,2026-04-05T16:29:32Z,wallet,success,6360.55,SGD
PAY0004690,ORD0004690,2026-02-01T00:54:06Z,paypal,success,12950.83,SGD
PAY0004691,ORD0004691,2026-03-25T00:29:09Z,wallet,success,9606.26,SGD
PAY0004692,ORD0004692,2026-01-26T10:48:09Z,paypal,success,7965.3,SGD
PAY0004693,ORD0004693,2026-05-08T23:48:04Z,bank_transfer,success,9546.67,SGD
PAY0004694,ORD0004694,2026-02-08T13:14:18Z,wallet,refunded,5273.7,SGD
PAY0004695,ORD0004695,2026-04-14T03:55:29Z,wallet,success,1589.34,SGD
PAY0004696,ORD0004696,2026-02-05T16:14:42Z,wallet,success,8189.24,SGD
PAY0004697,ORD0004697,2026-01-09T07:21:09Z,paypal,success,7927.98,SGD
PAY0004698,ORD0004698,2026-02-16T08:49:44Z,paypal,success,1503.71,SGD
PAY0004699,ORD0004699,2026-02-23T03:27:58Z,paypal,success,14767.84,SGD
PAY0004700,ORD0004700,2026-03-09T23:37:21Z,paypal,success,4365.07,SGD
PAY0004701,ORD0004701,2026-05-19T02:10:47Z,bank_transfer,success,8870.1,SGD
PAY0004702,ORD0004702,2026-05-04T17:05:02Z,card,success,5370.85,SGD
PAY0004703,ORD0004703,2026-02-05T02:34:10Z,wallet,success,6841.92,SGD
PAY0004704,ORD0004704,2026-03-22T19:14:14Z,card,success,3327.84,SGD
PAY0004705,ORD0004705,2026-05-16T20:43:54Z,card,success,11118.0,SGD
PAY0004706,ORD0004706,2026-03-29T08:22:39Z,wallet,success,7056.26,SGD
PAY0004707,ORD0004707,2026-01-16T14:41:49Z,bank_transfer,success,8392.79,SGD
PAY0004708,ORD0004708,2026-05-22T12:24:08Z,paypal,pending,10379.37,SGD
PAY0004709,ORD0004709,2026-04-27T16:05:48Z,bank_transfer,success,11923.65,SGD
PAY0004710,ORD0004710,2026-01-01T02:04:15Z,wallet,success,4246.59,SGD
PAY0004711,ORD0004711,2026-02-22T23:45:27Z,card,success,1716.03,SGD
PAY0004712,ORD0004712,2026-03-11T03:56:30Z,bank_transfer,refunded,11349.25,SGD
PAY0004713,ORD0004713,2026-02-18T21:39:46Z,paypal,success,14850.04,SGD
PAY0004714,ORD0004714,2026-03-29T04:58:59Z,wallet,success,11474.03,SGD
PAY0004715,ORD0004715,2026-01-07T13:06:37Z,wallet,success,16875.65,SGD
PAY0004716,ORD0004716,2026-04-20T05:44:07Z,paypal,success,7415.37,SGD
PAY0004717,ORD0004717,2026-05-21T08:25:58Z,bank_transfer,success,15565.39,SGD
PAY0004718,ORD0004718,2026-01-26T14:20:08Z,card,refunded,10624.56,SGD
PAY0004719,ORD0004719,2026-04-30T12:13:44Z,paypal,success,8117.85,SGD
PAY0004720,ORD0004720,2026-05-19T07:03:37Z,bank_transfer,refunded,9671.85,SGD
PAY0004721,ORD0004721,2026-03-10T05:08:30Z,card,refunded,8954.38,SGD
PAY0004722,ORD0004722,2026-03-15T11:44:27Z,wallet,pending,889.65,SGD
PAY0004723,ORD0004723,2026-01-13T07:06:52Z,bank_transfer,success,404.19,SGD
PAY0004724,ORD0004724,2026-05-15T05:32:35Z,card,success,7748.82,SGD
PAY0004725,ORD0004725,2026-05-21T16:06:27Z,card,success,13297.07,SGD
PAY0004726,ORD0004726,2026-04-01T06:24:35Z,bank_transfer,pending,3027.98,SGD
PAY0004727,ORD0004727,2026-01-09T06:00:09Z,card,pending,13900.5,SGD
PAY0004728,ORD0004728,2026-01-28T10:04:32Z,bank_transfer,success,9471.23,SGD
PAY0004729,ORD0004729,2026-05-01T11:18:36Z,bank_transfer,success,7129.97,SGD
PAY0004730,ORD0004730,2026-04-03T21:12:26Z,card,success,4077.78,SGD
PAY0004731,ORD0004731,2026-02-05T03:57:24Z,card,success,9632.82,SGD
PAY0004732,ORD0004732,2026-03-25T00:36:21Z,paypal,refunded,20322.29,SGD
PAY0004733,ORD0004733,2026-03-09T19:12:01Z,wallet,success,2681.12,SGD
PAY0004734,ORD0004734,2026-05-23T08:41:32Z,card,success,2167.05,SGD
PAY0004735,ORD0004735,2026-03-20T08:50:10Z,wallet,success,9487.16,SGD
PAY0004736,ORD0004736,2026-04-21T21:34:45Z,bank_transfer,refunded,10445.83,SGD
PAY0004737,ORD0004737,2026-04-18T04:09:52Z,wallet,success,574.47,SGD
PAY0004738,ORD0004738,2026-02-07T11:47:32Z,card,refunded,14595.26,SGD
PAY0004739,ORD0004739,2026-03-02T14:37:58Z,card,failed,10030.76,SGD
PAY0004740,ORD0004740,2026-01-26T18:11:23Z,wallet,failed,13348.27,SGD
PAY0004741,ORD0004741,2026-04-23T18:17:34Z,bank_transfer,success,2384.32,SGD
PAY0004742,ORD0004742,2026-03-28T19:48:52Z,card,success,9009.0,SGD
PAY0004743,ORD0004743,2026-02-02T22:34:12Z,card,success,5682.82,SGD
PAY0004744,ORD0004744,2026-04-26T00:53:53Z,bank_transfer,refunded,10920.42,SGD
PAY0004745,ORD0004745,2026-02-27T22:39:29Z,wallet,success,9999.06,SGD
PAY0004746,ORD0004746,2026-03-02T06:30:29Z,bank_transfer,failed,525.92,SGD
PAY0004747,ORD0004747,2026-03-23T14:01:33Z,card,pending,6749.34,SGD
PAY0004748,ORD0004748,2026-02-23T05:59:57Z,card,success,6857.5,SGD
PAY0004749,ORD0004749,2026-05-23T19:09:33Z,bank_transfer,success,4077.78,SGD
PAY0004750,ORD0004750,2026-01-16T22:43:22Z,wallet,failed,19249.23,SGD
PAY0004751,ORD0004751,2026-02-26T21:49:28Z,bank_transfer,success,11511.34,SGD
PAY0004752,ORD0004752,2026-05-04T06:22:09Z,card,success,7846.05,SGD
PAY0004753,ORD0004753,2026-03-22T20:59:46Z,wallet,success,9107.95,SGD
PAY0004754,ORD0004754,2026-01-25T12:49:45Z,card,success,2719.78,SGD
PAY0004755,ORD0004755,2026-02-08T04:55:40Z,wallet,success,4723.9,SGD
PAY0004756,ORD0004756,2026-03-25T23:08:21Z,card,refunded,5761.23,SGD
PAY0004757,ORD0004757,2026-02-28T08:26:43Z,paypal,success,11910.44,SGD
PAY0004758,ORD0004758,2026-03-20T13:14:34Z,paypal,success,3236.9,SGD
PAY0004759,ORD0004759,2026-05-11T12:56:30Z,bank_transfer,success,6749.34,SGD
PAY0004760,ORD0004760,2026-04-21T02:52:34Z,paypal,success,889.65,SGD
PAY0004761,ORD0004761,2026-03-18T23:53:24Z,wallet,success,14189.41,SGD
PAY0004762,ORD0004762,2026-04-08T23:31:23Z,wallet,failed,8622.19,SGD
PAY0004763,ORD0004763,2026-04-15T21:21:19Z,paypal,success,15159.3,SGD
PAY0004764,ORD0004764,2026-02-11T15:07:37Z,paypal,refunded,8219.59,SGD
PAY0004765,ORD0004765,2026-03-10T22:10:20Z,card,success,469.02,SGD
PAY0004766,ORD0004766,2026-02-06T17:56:58Z,bank_transfer,success,2505.15,SGD
PAY0004767,ORD0004767,2026-02-23T05:12:04Z,card,success,7415.83,SGD
PAY0004768,ORD0004768,2026-04-07T00:25:56Z,wallet,success,1608.82,SGD
PAY0004769,ORD0004769,2026-05-22T09:54:07Z,wallet,pending,2505.15,SGD
PAY0004770,ORD0004770,2026-02-18T18:07:08Z,paypal,success,4863.54,SGD
PAY0004771,ORD0004771,2026-03-03T20:47:31Z,card,refunded,4483.5,SGD
PAY0004772,ORD0004772,2026-01-16T05:50:07Z,paypal,success,14155.32,SGD
PAY0004773,ORD0004773,2026-01-13T05:42:43Z,card,success,15559.16,SGD
PAY0004774,ORD0004774,2026-01-19T17:48:02Z,bank_transfer,success,10130.03,SGD
PAY0004775,ORD0004775,2026-05-12T11:29:18Z,paypal,success,2466.71,SGD
PAY0004776,ORD0004776,2026-04-20T10:58:32Z,card,success,10555.95,SGD
PAY0004777,ORD0004777,2026-03-23T14:00:05Z,paypal,success,13590.38,SGD
PAY0004778,ORD0004778,2026-04-09T01:36:46Z,paypal,failed,229.8,SGD
PAY0004779,ORD0004779,2026-02-03T01:27:01Z,wallet,success,15707.61,SGD
PAY0004780,ORD0004780,2026-05-22T19:22:17Z,bank_transfer,refunded,4328.18,SGD
PAY0004781,ORD0004781,2026-04-16T13:42:45Z,card,success,11339.84,SGD
PAY0004782,ORD0004782,2026-02-25T16:54:13Z,card,success,4594.26,SGD
PAY0004783,ORD0004783,2026-03-31T11:58:33Z,card,failed,17022.35,SGD
PAY0004784,ORD0004784,2026-05-01T22:58:40Z,paypal,success,4196.77,SGD
PAY0004785,ORD0004785,2026-03-01T09:28:55Z,card,success,820.72,SGD
PAY0004786,ORD0004786,2026-02-01T11:42:28Z,paypal,success,1792.89,SGD
PAY0004787,ORD0004787,2026-01-21T16:11:36Z,bank_transfer,success,2677.88,SGD
PAY0004788,ORD0004788,2026-04-06T08:06:16Z,paypal,refunded,1757.06,SGD
PAY0004789,ORD0004789,2026-05-21T03:41:36Z,paypal,success,2261.86,SGD
PAY0004790,ORD0004790,2026-01-04T01:08:37Z,paypal,success,142.72,SGD
PAY0004791,ORD0004791,2026-03-01T18:09:48Z,paypal,success,106.2,SGD
PAY0004792,ORD0004792,2026-05-12T16:39:21Z,card,success,3062.84,SGD
PAY0004793,ORD0004793,2026-01-26T21:03:01Z,card,success,10298.4,SGD
PAY0004794,ORD0004794,2026-04-24T09:23:02Z,bank_transfer,success,12392.32,SGD
PAY0004795,ORD0004795,2026-01-04T00:31:03Z,bank_transfer,failed,11608.51,SGD
PAY0004796,ORD0004796,2026-04-20T16:24:53Z,wallet,pending,7669.39,SGD
PAY0004797,ORD0004797,2026-02-05T18:43:04Z,wallet,success,2129.23,SGD
PAY0004798,ORD0004798,2026-01-02T15:27:57Z,paypal,success,10383.67,SGD
PAY0004799,ORD0004799,2026-04-18T05:18:33Z,wallet,success,6305.98,SGD
PAY0004800,ORD0004800,2026-05-12T18:10:51Z,card,success,12943.34,SGD
PAY0004801,ORD0004801,2026-01-22T09:53:12Z,bank_transfer,success,4963.98,SGD
PAY0004802,ORD0004802,2026-01-23T21:08:34Z,card,success,8786.59,SGD
PAY0004803,ORD0004803,2026-02-04T14:02:46Z,bank_transfer,refunded,8746.42,SGD
PAY0004804,ORD0004804,2026-01-14T12:06:41Z,bank_transfer,success,8008.51,SGD
PAY0004805,ORD0004805,2026-01-13T17:44:57Z,paypal,success,10737.86,SGD
PAY0004806,ORD0004806,2026-04-09T20:29:05Z,paypal,refunded,8454.67,SGD
PAY0004807,ORD0004807,2026-03-25T01:50:49Z,paypal,success,10075.48,SGD
PAY0004808,ORD0004808,2026-01-14T05:21:28Z,paypal,pending,11272.07,SGD
PAY0004809,ORD0004809,2026-03-28T12:37:01Z,card,failed,11541.97,SGD
PAY0004810,ORD0004810,2026-02-15T17:10:39Z,paypal,success,6612.38,SGD
PAY0004811,ORD0004811,2026-03-22T16:46:42Z,card,pending,10660.52,SGD
PAY0004812,ORD0004812,2026-05-09T13:06:54Z,paypal,refunded,9417.57,SGD
PAY0004813,ORD0004813,2026-05-05T06:57:54Z,card,success,5924.44,SGD
PAY0004814,ORD0004814,2026-01-30T10:08:12Z,paypal,failed,1302.33,SGD
PAY0004815,ORD0004815,2026-03-28T23:36:20Z,wallet,success,7701.0,SGD
PAY0004816,ORD0004816,2026-01-21T08:34:50Z,bank_transfer,success,14913.47,SGD
PAY0004817,ORD0004817,2026-02-22T10:21:46Z,paypal,success,5744.16,SGD
PAY0004818,ORD0004818,2026-01-01T16:36:32Z,wallet,success,2073.67,SGD
PAY0004819,ORD0004819,2026-05-14T09:29:35Z,paypal,success,5897.88,SGD
PAY0004820,ORD0004820,2026-02-03T03:01:44Z,card,success,5455.68,SGD
PAY0004821,ORD0004821,2026-01-23T19:10:44Z,wallet,success,11952.95,SGD
PAY0004822,ORD0004822,2026-03-19T02:30:20Z,card,success,20492.78,SGD
PAY0004823,ORD0004823,2026-02-12T05:19:15Z,wallet,success,7276.76,SGD
PAY0004824,ORD0004824,2026-04-15T10:49:04Z,paypal,success,11951.78,SGD
PAY0004825,ORD0004825,2026-03-12T11:23:55Z,card,success,5232.0,SGD
PAY0004826,ORD0004826,2026-03-25T15:30:13Z,card,success,7252.37,SGD
PAY0004827,ORD0004827,2026-01-07T10:05:16Z,bank_transfer,success,1723.0,SGD
PAY0004828,ORD0004828,2026-03-30T11:33:32Z,paypal,refunded,9508.36,SGD
PAY0004829,ORD0004829,2026-04-09T10:55:51Z,paypal,pending,7435.24,SGD
PAY0004830,ORD0004830,2026-01-16T23:47:26Z,paypal,success,13685.51,SGD
PAY0004831,ORD0004831,2026-01-21T04:14:17Z,wallet,success,5584.7,SGD
PAY0004832,ORD0004832,2026-02-10T08:57:53Z,paypal,failed,2299.27,SGD
PAY0004833,ORD0004833,2026-02-22T09:49:10Z,paypal,success,15319.66,SGD
PAY0004834,ORD0004834,2026-01-07T17:57:59Z,paypal,success,177.9,SGD
PAY0004835,ORD0004835,2026-03-13T04:29:14Z,paypal,success,7109.89,SGD
PAY0004836,ORD0004836,2026-01-26T17:24:40Z,wallet,success,9940.29,SGD
PAY0004837,ORD0004837,2026-04-02T23:07:49Z,bank_transfer,success,10066.97,SGD
PAY0004838,ORD0004838,2026-01-17T02:37:48Z,paypal,success,4558.1,SGD
PAY0004839,ORD0004839,2026-01-07T10:29:11Z,bank_transfer,success,12343.94,SGD
PAY0004840,ORD0004840,2026-02-06T07:29:25Z,wallet,success,14325.02,SGD
PAY0004841,ORD0004841,2026-01-17T19:15:14Z,paypal,success,10415.94,SGD
PAY0004842,ORD0004842,2026-01-14T20:37:04Z,bank_transfer,success,6729.06,SGD
PAY0004843,ORD0004843,2026-04-28T02:34:49Z,paypal,success,1370.02,SGD
PAY0004844,ORD0004844,2026-01-28T04:31:42Z,card,success,2193.57,SGD
PAY0004845,ORD0004845,2026-03-28T01:04:09Z,bank_transfer,success,14551.79,SGD
PAY0004846,ORD0004846,2026-03-12T17:48:02Z,wallet,failed,9917.26,SGD
PAY0004847,ORD0004847,2026-02-07T19:37:07Z,card,pending,15367.53,SGD
PAY0004848,ORD0004848,2026-04-11T13:25:59Z,bank_transfer,success,6124.88,SGD
PAY0004849,ORD0004849,2026-03-12T21:00:20Z,card,success,9191.74,SGD
PAY0004850,ORD0004850,2026-02-13T04:13:06Z,wallet,failed,1799.17,SGD
PAY0004851,ORD0004851,2026-04-02T17:23:41Z,paypal,success,9648.78,SGD
PAY0004852,ORD0004852,2026-04-21T20:48:06Z,wallet,success,7070.57,SGD
PAY0004853,ORD0004853,2026-03-18T18:55:36Z,paypal,success,12587.84,SGD
PAY0004854,ORD0004854,2026-04-08T13:23:58Z,card,success,12639.2,SGD
PAY0004855,ORD0004855,2026-01-04T19:29:15Z,wallet,success,8446.71,SGD
PAY0004856,ORD0004856,2026-02-28T17:28:09Z,wallet,success,6698.02,SGD
PAY0004857,ORD0004857,2026-02-15T04:36:06Z,wallet,success,8915.9,SGD
PAY0004858,ORD0004858,2026-05-01T03:24:57Z,bank_transfer,success,4635.52,SGD
PAY0004859,ORD0004859,2026-05-17T20:54:27Z,paypal,refunded,9785.68,SGD
PAY0004860,ORD0004860,2026-04-26T05:00:37Z,bank_transfer,success,1340.56,SGD
PAY0004861,ORD0004861,2026-05-21T04:01:02Z,paypal,success,8015.18,SGD
PAY0004862,ORD0004862,2026-04-04T01:46:51Z,wallet,success,2317.15,SGD
PAY0004863,ORD0004863,2026-01-01T18:19:48Z,card,refunded,8337.48,SGD
PAY0004864,ORD0004864,2026-02-21T02:28:02Z,wallet,refunded,2925.25,SGD
PAY0004865,ORD0004865,2026-01-13T09:09:12Z,paypal,failed,6051.45,SGD
PAY0004866,ORD0004866,2026-03-22T03:01:45Z,card,refunded,10855.98,SGD
PAY0004867,ORD0004867,2026-01-21T06:21:56Z,wallet,success,6479.02,SGD
PAY0004868,ORD0004868,2026-01-31T04:22:59Z,card,success,14288.29,SGD
PAY0004869,ORD0004869,2026-02-05T04:09:01Z,card,success,6183.06,SGD
PAY0004870,ORD0004870,2026-05-20T05:06:11Z,bank_transfer,success,16712.32,SGD
PAY0004871,ORD0004871,2026-02-09T16:30:13Z,bank_transfer,success,16802.63,SGD
PAY0004872,ORD0004872,2026-04-09T08:05:29Z,bank_transfer,success,2287.56,SGD
PAY0004873,ORD0004873,2026-05-23T23:38:42Z,paypal,success,1843.1,SGD
PAY0004874,ORD0004874,2026-05-18T17:58:25Z,paypal,success,1937.47,SGD
PAY0004875,ORD0004875,2026-03-15T23:13:12Z,wallet,success,6030.72,SGD
PAY0004876,ORD0004876,2026-02-20T15:47:17Z,wallet,success,5464.28,SGD
PAY0004877,ORD0004877,2026-03-21T16:43:00Z,card,success,21520.79,SGD
PAY0004878,ORD0004878,2026-04-18T01:18:28Z,wallet,pending,5208.78,SGD
PAY0004879,ORD0004879,2026-01-24T00:30:00Z,bank_transfer,success,23090.77,SGD
PAY0004880,ORD0004880,2026-02-27T00:46:00Z,wallet,success,18076.73,SGD
PAY0004881,ORD0004881,2026-02-13T09:11:35Z,wallet,success,5836.61,SGD
PAY0004882,ORD0004882,2026-03-29T22:22:09Z,bank_transfer,success,2575.98,SGD
PAY0004883,ORD0004883,2026-04-02T06:19:17Z,bank_transfer,success,-5236.28,SGD
PAY0004884,ORD0004884,2026-02-16T13:15:18Z,paypal,success,5816.43,SGD
PAY0004885,ORD0004885,2026-05-14T13:31:03Z,card,success,11438.58,SGD
PAY0004886,ORD0004886,2026-02-08T00:24:25Z,paypal,success,15113.29,SGD
PAY0004887,ORD0004887,2026-02-20T03:33:11Z,wallet,success,14299.5,SGD
PAY0004888,ORD0004888,2026-01-24T10:27:15Z,paypal,pending,9158.29,SGD
PAY0004889,ORD0004889,2026-05-23T08:57:20Z,card,success,7460.22,SGD
PAY0004890,ORD0004890,2026-03-15T13:32:29Z,bank_transfer,success,12756.93,SGD
PAY0004891,ORD0004891,2026-02-20T02:40:39Z,wallet,success,5685.67,SGD
PAY0004892,ORD0004892,2026-04-10T00:11:18Z,wallet,success,6239.32,SGD
PAY0004893,ORD0004893,2026-05-01T00:45:13Z,card,failed,10459.89,SGD
PAY0004894,ORD0004894,2026-04-23T11:38:59Z,wallet,success,14121.52,SGD
PAY0004895,ORD0004895,2026-03-06T21:50:23Z,paypal,pending,7064.33,SGD
PAY0004896,ORD0004896,2026-01-15T22:35:24Z,bank_transfer,refunded,2229.84,SGD
PAY0004897,ORD0004897,2026-03-06T16:58:15Z,paypal,success,572.6,SGD
PAY0004898,ORD0004898,2026-05-08T16:13:00Z,paypal,success,19194.87,SGD
PAY0004899,ORD0004899,2026-05-15T20:31:50Z,paypal,success,10589.12,SGD
PAY0004900,ORD0004900,2026-03-02T15:18:20Z,paypal,success,1799.17,SGD
PAY0004901,ORD0004901,2026-03-02T05:21:23Z,card,failed,3256.04,SGD
PAY0004902,ORD0004902,2026-03-02T11:50:41Z,wallet,success,14325.79,SGD
PAY0004903,ORD0004903,2026-01-04T20:33:52Z,paypal,success,5071.29,SGD
PAY0004904,ORD0004904,2026-04-29T00:33:06Z,card,pending,7142.11,SGD
PAY0004905,ORD0004905,2026-01-20T03:56:45Z,wallet,pending,6824.74,SGD
PAY0004906,ORD0004906,2026-01-24T00:04:14Z,wallet,refunded,641.69,SGD
PAY0004907,ORD0004907,2026-01-11T05:57:38Z,bank_transfer,failed,3302.0,SGD
PAY0004908,ORD0004908,2026-04-24T16:43:47Z,paypal,pending,5807.21,SGD
PAY0004909,ORD0004909,2026-04-30T19:53:54Z,wallet,refunded,1112.3,SGD
PAY0004910,ORD0004910,2026-02-16T17:42:13Z,paypal,refunded,8473.42,SGD
PAY0004911,ORD0004911,2026-04-16T16:28:20Z,bank_transfer,success,4545.81,SGD
PAY0004912,ORD0004912,2026-05-22T19:43:15Z,wallet,success,2636.03,SGD
PAY0004913,ORD0004913,2026-01-27T18:43:22Z,paypal,success,1820.1,SGD
PAY0004914,ORD0004914,2026-05-09T12:59:48Z,card,success,9102.2,SGD
PAY0004915,ORD0004915,2026-01-24T01:36:23Z,bank_transfer,success,20335.91,SGD
PAY0004916,ORD0004916,2026-05-17T15:55:39Z,paypal,pending,6871.35,SGD
PAY0004917,ORD0004917,2026-04-14T05:58:09Z,wallet,success,3318.57,SGD
PAY0004918,ORD0004918,2026-02-06T14:05:26Z,card,success,7440.27,SGD
PAY0004919,ORD0004919,2026-01-17T13:41:26Z,bank_transfer,failed,2204.43,SGD
PAY0004920,ORD0004920,2026-04-16T06:05:05Z,wallet,failed,6707.91,SGD
PAY0004921,ORD0004921,2026-05-11T04:04:21Z,bank_transfer,success,4976.14,SGD
PAY0004922,ORD0004922,2026-05-08T08:14:48Z,paypal,success,3790.65,SGD
PAY0004923,ORD0004923,2026-04-25T23:18:38Z,card,success,9709.76,SGD
PAY0004924,ORD0004924,2026-02-13T20:15:16Z,wallet,success,11162.66,SGD
PAY0004925,ORD0004925,2026-02-07T04:09:33Z,card,success,5956.85,SGD
PAY0004926,ORD0004926,2026-04-22T23:24:06Z,paypal,pending,3286.1,SGD
PAY0004927,ORD0004927,2026-02-12T18:40:28Z,card,success,9716.98,SGD
PAY0004928,ORD0004928,2026-04-12T05:58:49Z,paypal,success,13451.64,SGD
PAY0004929,ORD0004929,2026-05-13T02:14:43Z,bank_transfer,success,6718.71,SGD
PAY0004930,ORD0004930,2026-03-28T18:37:44Z,paypal,success,405.21,SGD
PAY0004931,ORD0004931,2026-02-06T15:54:40Z,card,pending,11756.73,SGD
PAY0004932,ORD0004932,2026-04-29T22:57:15Z,paypal,success,9225.87,SGD
PAY0004933,ORD0004933,2026-01-15T11:27:55Z,card,success,1513.82,SGD
PAY0004934,ORD0004934,2026-05-05T07:09:08Z,card,success,967.41,SGD
PAY0004935,ORD0004935,2026-04-26T15:30:53Z,paypal,success,10794.85,SGD
PAY0004936,ORD0004936,2026-04-28T23:23:13Z,card,failed,3796.55,SGD
PAY0004937,ORD0004937,2026-03-17T05:44:14Z,wallet,pending,8659.56,SGD
PAY0004938,ORD0004938,2026-02-10T09:14:56Z,card,success,4777.19,SGD
PAY0004939,ORD0004939,2026-03-19T07:28:49Z,wallet,success,11102.45,SGD
PAY0004940,ORD0004940,2026-02-27T18:03:17Z,paypal,success,3913.9,SGD
PAY0004941,ORD0004941,2026-03-23T03:12:26Z,wallet,success,15497.02,SGD
PAY0004942,ORD0004942,2026-05-21T09:29:13Z,wallet,success,10170.46,SGD
PAY0004943,ORD0004943,2026-02-24T09:38:51Z,bank_transfer,success,4334.1,SGD
PAY0004944,ORD0004944,2026-04-30T16:26:35Z,paypal,success,2463.66,SGD
PAY0004945,ORD0004945,2026-04-29T13:40:51Z,card,pending,10570.61,SGD
PAY0004946,ORD0004946,2026-04-09T12:13:27Z,bank_transfer,refunded,5741.22,SGD
PAY0004947,ORD0004947,2026-04-01T06:45:36Z,card,success,6513.42,SGD
PAY0004948,ORD0004948,2026-03-06T23:50:17Z,wallet,failed,2061.02,SGD
PAY0004949,ORD0004949,2026-05-11T12:12:57Z,wallet,success,10355.33,SGD
PAY0004950,ORD0004950,2026-02-27T00:45:54Z,bank_transfer,success,10592.17,SGD
PAY0004951,ORD0004951,2026-03-13T19:10:25Z,bank_transfer,success,13425.85,SGD
PAY0004952,ORD0004952,2026-04-25T15:54:55Z,card,success,3372.06,SGD
PAY0004953,ORD0004953,2026-01-26T23:54:01Z,bank_transfer,refunded,9196.95,SGD
PAY0004954,ORD0004954,2026-05-10T14:46:24Z,bank_transfer,success,11308.11,SGD
PAY0004955,ORD0004955,2026-04-16T11:33:28Z,wallet,success,3545.02,SGD
PAY0004956,ORD0004956,2026-03-04T15:39:12Z,card,pending,11794.21,SGD
PAY0004957,ORD0004957,2026-04-06T07:30:09Z,card,success,17322.16,SGD
PAY0004958,ORD0004958,2026-01-04T05:50:24Z,paypal,success,20002.87,SGD
PAY0004959,ORD0004959,2026-03-28T00:22:14Z,card,failed,9786.95,SGD
PAY0004960,ORD0004960,2026-01-10T10:19:33Z,wallet,success,5240.32,SGD
PAY0004961,ORD0004961,2026-04-23T12:00:05Z,wallet,refunded,1332.98,SGD
PAY0004962,ORD0004962,2026-02-23T12:25:51Z,wallet,refunded,2413.83,SGD
PAY0004963,ORD0004963,2026-04-19T03:38:29Z,wallet,success,6363.43,SGD
PAY0004964,ORD0004964,2026-03-21T11:28:22Z,paypal,success,11910.47,SGD
PAY0004965,ORD0004965,2026-01-06T14:07:41Z,paypal,pending,56.43,SGD
PAY0004966,ORD0004966,2026-01-04T19:31:00Z,wallet,success,1696.36,SGD
PAY0004967,ORD0004967,2026-05-02T03:57:54Z,wallet,success,3975.66,SGD
PAY0004968,ORD0004968,2026-05-17T16:59:54Z,card,success,16992.32,SGD
PAY0004969,ORD0004969,2026-05-15T12:32:36Z,card,success,8128.71,SGD
PAY0004970,ORD0004970,2026-01-01T13:46:08Z,paypal,success,19762.21,SGD
PAY0004971,ORD0004971,2026-03-05T07:08:17Z,bank_transfer,success,5574.68,SGD
PAY0004972,ORD0004972,2026-05-03T07:29:39Z,bank_transfer,failed,2252.9,SGD
PAY0004973,ORD0004973,2026-04-06T03:01:14Z,card,pending,10251.22,SGD
PAY0004974,ORD0004974,2026-04-10T14:49:29Z,paypal,failed,6662.49,SGD
PAY0004975,ORD0004975,2026-01-10T20:24:05Z,card,refunded,6494.96,SGD
PAY0004976,ORD0004976,2026-03-03T18:38:13Z,wallet,success,14440.85,SGD
PAY0004977,ORD0004977,2026-02-26T13:28:39Z,card,success,8039.26,SGD
PAY0004978,ORD0004978,2026-01-26T22:00:34Z,wallet,success,641.69,SGD
PAY0004979,ORD0004979,2026-05-02T17:58:59Z,paypal,success,4221.3,SGD
PAY0004980,ORD0004980,2026-01-12T14:11:33Z,wallet,failed,8104.77,SGD
PAY0004981,ORD0004981,2026-01-23T10:44:28Z,paypal,success,8115.03,SGD
PAY0004982,ORD0004982,2026-03-23T06:19:47Z,paypal,success,6065.13,SGD
PAY0004983,ORD0004983,2026-01-11T11:22:35Z,wallet,failed,2971.64,SGD
PAY0004984,ORD0004984,2026-03-30T19:07:36Z,wallet,success,10601.81,SGD
PAY0004985,ORD0004985,2026-05-16T04:21:24Z,card,success,6609.21,SGD
PAY0004986,ORD0004986,2026-05-14T18:56:35Z,bank_transfer,success,13534.36,SGD
PAY0004987,ORD0004987,2026-02-22T18:40:06Z,paypal,failed,18497.17,SGD
PAY0004988,ORD0004988,2026-04-06T01:15:56Z,bank_transfer,success,4045.88,SGD
PAY0004989,ORD0004989,2026-01-01T10:01:00Z,paypal,success,15365.44,SGD
PAY0004990,ORD0004990,2026-04-11T08:36:57Z,card,success,5026.3,SGD
PAY0004991,ORD0004991,2026-03-15T14:56:58Z,paypal,success,3109.68,SGD
PAY0004992,ORD0004992,2026-02-16T07:02:00Z,wallet,success,3555.58,SGD
PAY0004993,ORD0004993,2026-02-20T16:29:08Z,wallet,success,7096.66,SGD
PAY0004994,ORD0004994,2026-03-27T17:24:00Z,card,success,676.44,SGD
PAY0004995,ORD0004995,2026-01-23T11:42:04Z,paypal,success,8117.65,SGD
PAY0004996,ORD0004996,2026-02-25T22:53:47Z,paypal,pending,5436.68,SGD
PAY0004997,ORD0004997,2026-01-14T09:05:48Z,bank_transfer,failed,8515.42,SGD
PAY0004998,ORD0004998,2026-03-30T13:40:09Z,paypal,success,1551.06,SGD
PAY0004999,ORD0004999,2026-05-05T07:44:31Z,card,refunded,4596.39,SGD
PAY0005000,ORD0005000,2026-04-28T05:33:39Z,bank_transfer,success,10838.88,SGD
PAY0005001,ORD0005001,2026-01-24T19:45:02Z,wallet,success,12231.9,SGD
PAY0005002,ORD0005002,2026-02-19T14:40:02Z,wallet,success,2596.98,SGD
PAY0005003,ORD0005003,2026-02-06T12:36:21Z,wallet,success,3751.11,SGD
PAY0005004,ORD0005004,2026-04-26T17:55:53Z,bank_transfer,success,5786.66,SGD
PAY0005005,ORD0005005,2026-02-26T12:46:51Z,paypal,success,8771.19,SGD
PAY0005006,ORD0005006,2026-01-22T17:43:18Z,paypal,refunded,4842.41,SGD
PAY0005007,ORD0005007,2026-02-03T03:52:08Z,bank_transfer,success,1995.13,SGD
PAY0005008,ORD0005008,2026-01-27T07:50:40Z,paypal,success,7383.69,SGD
PAY0005009,ORD0005009,2026-04-27T14:08:45Z,bank_transfer,success,3821.62,SGD
PAY0005010,ORD0005010,2026-02-01T15:50:47Z,paypal,success,2704.48,SGD
PAY0005011,ORD0005011,2026-01-28T20:52:17Z,wallet,success,3994.73,SGD
PAY0005012,ORD0005012,2026-03-24T19:23:05Z,wallet,pending,7431.78,SGD
PAY0005013,ORD0005013,2026-01-28T23:48:53Z,paypal,pending,9090.41,SGD
PAY0005014,ORD0005014,2026-01-18T22:18:26Z,bank_transfer,success,846.02,SGD
PAY0005015,ORD0005015,2026-04-15T09:58:06Z,card,success,8624.08,SGD
PAY0005016,ORD0005016,2026-05-05T01:37:51Z,bank_transfer,success,3298.98,SGD
PAY0005017,ORD0005017,2026-01-31T22:05:54Z,bank_transfer,success,9711.38,SGD
PAY0005018,ORD0005018,2026-02-09T23:00:08Z,paypal,success,1772.51,SGD
PAY0005019,ORD0005019,2026-01-05T20:21:54Z,wallet,success,2212.38,SGD
PAY0005020,ORD0005020,2026-03-10T01:18:08Z,wallet,success,1776.22,SGD
PAY0005021,ORD0005021,2026-05-17T16:48:52Z,card,refunded,8792.69,SGD
PAY0005022,ORD0005022,2026-04-26T14:50:55Z,bank_transfer,success,2904.11,SGD
PAY0005023,ORD0005023,2026-02-09T14:53:09Z,paypal,success,4839.06,SGD
PAY0005024,ORD0005024,2026-03-21T13:39:50Z,card,pending,13965.11,SGD
PAY0005025,ORD0005025,2026-03-07T03:22:19Z,card,success,2734.95,SGD
PAY0005026,ORD0005026,2026-01-29T15:57:40Z,bank_transfer,success,6253.34,SGD
PAY0005027,ORD0005027,2026-05-08T06:25:56Z,wallet,success,1173.09,SGD
PAY0005028,ORD0005028,2026-02-13T04:20:45Z,bank_transfer,success,1271.27,SGD
PAY0005029,ORD0005029,2026-03-08T16:40:03Z,card,success,16865.9,SGD
PAY0005030,ORD0005030,2026-01-01T23:41:48Z,wallet,success,8531.77,SGD
PAY0005031,ORD0005031,2026-04-12T23:10:46Z,card,pending,21326.89,SGD
PAY0005032,ORD0005032,2026-02-20T16:40:55Z,paypal,success,9623.34,SGD
PAY0005033,ORD0005033,2026-01-26T21:11:31Z,card,success,9868.51,SGD
PAY0005034,ORD0005034,2026-03-16T17:58:46Z,paypal,failed,6046.94,SGD
PAY0005035,ORD0005035,2026-05-11T11:33:57Z,wallet,refunded,7265.12,SGD
PAY0005036,ORD0005036,2026-02-05T05:11:35Z,paypal,success,7464.3,SGD
PAY0005037,ORD0005037,2026-03-20T12:14:35Z,wallet,success,16409.84,SGD
PAY0005038,ORD0005038,2026-02-25T01:15:21Z,bank_transfer,success,6089.55,SGD
PAY0005039,ORD0005039,2026-03-27T06:32:30Z,bank_transfer,success,4863.54,SGD
PAY0005040,ORD0005040,2026-04-29T23:03:23Z,wallet,success,7398.95,SGD
PAY0005041,ORD0005041,2026-02-05T05:34:14Z,wallet,success,14472.33,SGD
PAY0005042,ORD0005042,2026-01-22T02:37:50Z,bank_transfer,failed,6433.86,SGD
PAY0005043,ORD0005043,2026-04-14T02:41:38Z,card,success,16205.42,SGD
PAY0005044,ORD0005044,2026-01-14T18:38:53Z,wallet,success,8762.75,SGD
PAY0005045,ORD0005045,2026-02-21T09:46:36Z,bank_transfer,success,9992.35,SGD
PAY0005046,ORD0005046,2026-03-22T20:02:56Z,wallet,pending,6947.52,SGD
PAY0005047,ORD0005047,2026-01-10T04:33:40Z,bank_transfer,success,1692.04,SGD
PAY0005048,ORD0005048,2026-02-26T18:43:54Z,bank_transfer,success,5615.07,SGD
PAY0005049,ORD0005049,2026-02-11T21:05:42Z,paypal,success,12665.56,SGD
PAY0005050,ORD0005050,2026-01-19T05:10:45Z,bank_transfer,success,4123.88,SGD
PAY0005051,ORD0005051,2026-05-21T19:45:10Z,bank_transfer,failed,8113.22,SGD
PAY0005052,ORD0005052,2026-01-19T15:40:10Z,paypal,refunded,796.43,SGD
PAY0005053,ORD0005053,2026-03-15T14:09:03Z,bank_transfer,success,1711.41,SGD
PAY0005054,ORD0005054,2026-03-31T23:53:36Z,card,failed,7229.82,SGD
PAY0005055,ORD0005055,2026-02-04T20:47:19Z,bank_transfer,refunded,4957.12,SGD
PAY0005056,ORD0005056,2026-01-27T06:23:53Z,paypal,success,7701.62,SGD
PAY0005057,ORD0005057,2026-04-05T03:10:54Z,bank_transfer,success,6867.31,SGD
PAY0005058,ORD0005058,2026-01-31T12:46:03Z,paypal,success,6405.01,SGD
PAY0005059,ORD0005059,2026-03-05T07:09:14Z,wallet,success,11497.64,SGD
PAY0005060,ORD0005060,2026-01-27T22:21:37Z,card,pending,3288.48,SGD
PAY0005061,ORD0005061,2026-03-04T06:53:52Z,paypal,success,8299.87,SGD
PAY0005062,ORD0005062,2026-05-04T20:01:03Z,paypal,success,296.55,SGD
PAY0005063,ORD0005063,2026-03-24T15:29:42Z,card,pending,17673.28,SGD
PAY0005064,ORD0005064,2026-02-07T22:38:27Z,card,success,1308.98,SGD
PAY0005065,ORD0005065,2026-05-16T13:51:12Z,paypal,success,15885.25,SGD
PAY0005066,ORD0005066,2026-05-18T18:24:10Z,paypal,refunded,4688.72,SGD
PAY0005067,ORD0005067,2026-03-22T15:51:03Z,bank_transfer,success,12255.13,SGD
PAY0005068,ORD0005068,2026-05-14T14:57:21Z,wallet,success,15605.47,SGD
PAY0005069,ORD0005069,2026-04-01T04:58:53Z,card,success,3814.84,SGD
PAY0005070,ORD0005070,2026-05-23T11:07:09Z,bank_transfer,failed,5533.82,SGD
PAY0005071,ORD0005071,2026-02-23T11:03:54Z,bank_transfer,success,3432.51,SGD
PAY0005072,ORD0005072,2026-05-05T21:59:52Z,paypal,success,11748.43,SGD
PAY0005073,ORD0005073,2026-04-18T09:48:51Z,wallet,success,3738.86,SGD
PAY0005074,ORD0005074,2026-03-17T06:36:02Z,card,success,14610.62,SGD
PAY0005075,ORD0005075,2026-05-04T05:04:22Z,wallet,refunded,6577.05,SGD
PAY0005076,ORD0005076,2026-02-09T05:19:00Z,paypal,success,7749.27,SGD
PAY0005077,ORD0005077,2026-03-02T09:19:44Z,bank_transfer,success,4499.56,SGD
PAY0005078,ORD0005078,2026-03-15T22:00:12Z,wallet,success,6703.38,SGD
PAY0005079,ORD0005079,2026-03-11T14:19:02Z,bank_transfer,success,6108.07,SGD
PAY0005080,ORD0005080,2026-05-04T19:23:33Z,card,success,2421.66,SGD
PAY0005081,ORD0005081,2026-03-14T00:46:22Z,bank_transfer,success,4663.32,SGD
PAY0005082,ORD0005082,2026-01-06T22:32:09Z,card,refunded,9161.44,SGD
PAY0005083,ORD0005083,2026-03-19T03:13:37Z,paypal,success,10394.17,SGD
PAY0005084,ORD0005084,2026-02-08T09:33:51Z,bank_transfer,success,10296.97,SGD
PAY0005085,ORD0005085,2026-01-12T23:25:06Z,paypal,failed,7462.97,SGD
PAY0005086,ORD0005086,2026-05-21T02:07:03Z,bank_transfer,success,5589.78,SGD
PAY0005087,ORD0005087,2026-03-16T02:27:03Z,card,success,12113.15,SGD
PAY0005088,ORD0005088,2026-04-07T14:15:22Z,card,success,6430.53,SGD
PAY0005089,ORD0005089,2026-01-10T23:43:55Z,card,success,12909.83,SGD
PAY0005090,ORD0005090,2026-02-01T11:42:17Z,bank_transfer,success,11042.25,SGD
PAY0005091,ORD0005091,2026-02-25T22:42:40Z,card,failed,5148.59,SGD
PAY0005092,ORD0005092,2026-01-22T22:49:26Z,bank_transfer,success,16367.52,SGD
PAY0005093,ORD0005093,2026-03-09T07:09:52Z,bank_transfer,failed,14338.24,SGD
PAY0005094,ORD0005094,2026-05-22T23:49:18Z,bank_transfer,success,5126.76,SGD
PAY0005095,ORD0005095,2026-03-09T08:18:02Z,paypal,pending,15736.37,SGD
PAY0005096,ORD0005096,2026-04-05T17:19:46Z,card,success,5144.86,SGD
PAY0005097,ORD0005097,2026-01-07T05:19:43Z,bank_transfer,success,3804.22,SGD
PAY0005098,ORD0005098,2026-02-16T05:16:15Z,card,pending,2678.19,SGD
PAY0005099,ORD0005099,2026-04-20T09:17:22Z,bank_transfer,refunded,2594.35,SGD
PAY0005100,ORD0005100,2026-02-12T19:12:16Z,card,refunded,9027.32,SGD
PAY0005101,ORD0005101,2026-05-16T05:12:54Z,paypal,pending,11956.62,SGD
PAY0005102,ORD0005102,2026-04-29T15:23:23Z,card,success,8328.93,SGD
PAY0005103,ORD0005103,2026-05-06T01:51:21Z,paypal,refunded,22683.09,SGD
PAY0005104,ORD0005104,2026-03-06T05:56:30Z,bank_transfer,success,7138.64,SGD
PAY0005105,ORD0005105,2026-03-10T16:28:24Z,bank_transfer,success,13250.89,SGD
PAY0005106,ORD0005106,2026-03-06T01:30:15Z,card,pending,8354.31,SGD
PAY0005107,ORD0005107,2026-03-04T03:58:12Z,card,success,9019.32,SGD
PAY0005108,ORD0005108,2026-02-17T17:32:46Z,paypal,success,9266.6,SGD
PAY0005109,ORD0005109,2026-02-03T09:03:17Z,card,success,11760.37,SGD
PAY0005110,ORD0005110,2026-05-01T10:17:03Z,bank_transfer,success,13405.63,SGD
PAY0005111,ORD0005111,2026-02-08T16:21:29Z,card,success,2740.35,SGD
PAY0005112,ORD0005112,2026-05-12T04:18:08Z,card,failed,8474.03,SGD
PAY0005113,ORD0005113,2026-03-19T23:26:39Z,wallet,success,6294.36,SGD
PAY0005114,ORD0005114,2026-03-26T05:37:51Z,wallet,success,4262.36,SGD
PAY0005115,ORD0005115,2026-04-09T05:30:05Z,card,success,10268.56,SGD
PAY0005116,ORD0005116,2026-03-17T03:05:16Z,wallet,refunded,5531.65,SGD
PAY0005117,ORD0005117,2026-04-10T16:12:18Z,paypal,refunded,12599.38,SGD
PAY0005118,ORD0005118,2026-05-18T18:10:30Z,paypal,success,4424.91,SGD
PAY0005119,ORD0005119,2026-04-21T11:35:19Z,card,failed,6152.9,SGD
PAY0005120,ORD0005120,2026-04-10T17:58:27Z,card,failed,4920.57,SGD
PAY0005121,ORD0005121,2026-02-11T21:22:53Z,paypal,success,21411.54,SGD
PAY0005122,ORD0005122,2026-04-29T13:49:40Z,wallet,pending,7719.3,SGD
PAY0005123,ORD0005123,2026-03-12T08:42:36Z,card,success,13571.75,SGD
PAY0005124,ORD0005124,2026-01-25T08:14:12Z,wallet,success,18275.4,SGD
PAY0005125,ORD0005125,2026-01-21T21:29:23Z,paypal,success,7646.99,SGD
PAY0005126,ORD0005126,2026-02-26T06:12:13Z,wallet,failed,5277.86,SGD
PAY0005127,ORD0005127,2026-03-24T22:14:14Z,wallet,success,9925.86,SGD
PAY0005128,ORD0005128,2026-04-11T18:12:09Z,wallet,success,5247.9,SGD
PAY0005129,ORD0005129,2026-02-02T22:02:33Z,paypal,refunded,2577.26,SGD
PAY0005130,ORD0005130,2026-02-03T11:09:03Z,card,refunded,1674.99,SGD
PAY0005131,ORD0005131,2026-03-06T20:24:37Z,paypal,success,3860.78,SGD
PAY0005132,ORD0005132,2026-03-22T18:58:08Z,card,failed,22611.38,SGD
PAY0005133,ORD0005133,2026-01-28T17:30:42Z,bank_transfer,success,8288.7,SGD
PAY0005134,ORD0005134,2026-04-02T12:19:34Z,paypal,success,3432.06,SGD
PAY0005135,ORD0005135,2026-01-13T22:52:25Z,bank_transfer,success,8953.94,SGD
PAY0005136,ORD0005136,2026-05-15T15:27:21Z,paypal,pending,17953.64,SGD
PAY0005137,ORD0005137,2026-03-01T20:40:35Z,bank_transfer,success,6025.72,SGD
PAY0005138,ORD0005138,2026-01-17T22:50:10Z,wallet,success,8831.67,SGD
PAY0005139,ORD0005139,2026-03-16T06:58:53Z,card,success,7800.26,SGD
PAY0005140,ORD0005140,2026-04-28T21:00:08Z,wallet,success,4524.67,SGD
PAY0005141,ORD0005141,2026-01-19T10:40:26Z,card,success,12920.58,SGD
PAY0005142,ORD0005142,2026-05-11T10:12:56Z,bank_transfer,success,5657.88,SGD
PAY0005143,ORD0005143,2026-05-23T23:38:12Z,paypal,pending,1308.79,SGD
PAY0005144,ORD0005144,2026-01-11T08:42:03Z,paypal,success,1814.49,SGD
PAY0005145,ORD0005145,2026-03-26T14:32:52Z,bank_transfer,success,6061.52,SGD
PAY0005146,ORD0005146,2026-04-17T15:54:35Z,wallet,failed,8020.02,SGD
PAY0005147,ORD0005147,2026-05-17T01:37:42Z,card,success,9125.82,SGD
PAY0005148,ORD0005148,2026-03-14T22:20:10Z,paypal,pending,7865.34,SGD
PAY0005149,ORD0005149,2026-04-15T17:11:54Z,card,success,656.98,SGD
PAY0005150,ORD0005150,2026-04-12T02:21:17Z,paypal,success,4537.93,SGD
PAY0005151,ORD0005151,2026-05-05T15:10:54Z,card,success,443.36,SGD
PAY0005152,ORD0005152,2026-02-02T17:10:58Z,wallet,success,11312.62,SGD
PAY0005153,ORD0005153,2026-03-26T22:43:55Z,card,success,4875.98,SGD
PAY0005154,ORD0005154,2026-04-15T21:57:48Z,card,success,11132.39,SGD
PAY0005155,ORD0005155,2026-01-14T14:27:13Z,card,success,11951.46,SGD
PAY0005156,ORD0005156,2026-01-14T07:43:45Z,wallet,success,9443.13,SGD
PAY0005157,ORD0005157,2026-03-01T03:14:00Z,paypal,success,7885.63,SGD
PAY0005158,ORD0005158,2026-01-10T07:42:05Z,bank_transfer,success,9731.78,SGD
PAY0005159,ORD0005159,2026-02-18T20:40:26Z,paypal,success,3078.07,SGD
PAY0005160,ORD0005160,2026-05-04T01:21:06Z,wallet,success,8504.78,SGD
PAY0005161,ORD0005161,2026-03-18T11:44:31Z,paypal,success,4017.24,SGD
PAY0005162,ORD0005162,2026-05-09T01:39:07Z,paypal,success,5234.12,SGD
PAY0005163,ORD0005163,2026-01-27T10:20:30Z,wallet,success,5144.44,SGD
PAY0005164,ORD0005164,2026-03-07T11:57:46Z,bank_transfer,success,4973.71,SGD
PAY0005165,ORD0005165,2026-03-17T17:04:44Z,bank_transfer,success,7836.82,SGD
PAY0005166,ORD0005166,2026-04-05T02:02:08Z,wallet,pending,7668.96,SGD
PAY0005167,ORD0005167,2026-03-29T03:54:21Z,card,success,218.52,SGD
PAY0005168,ORD0005168,2026-04-25T18:40:39Z,card,pending,2727.53,SGD
PAY0005169,ORD0005169,2026-05-10T08:29:19Z,wallet,success,1305.43,SGD
PAY0005170,ORD0005170,2026-03-24T08:33:12Z,bank_transfer,success,9269.12,SGD
PAY0005171,ORD0005171,2026-01-03T02:22:54Z,wallet,success,11226.15,SGD
PAY0005172,ORD0005172,2026-04-26T22:56:05Z,bank_transfer,success,23671.75,SGD
PAY0005173,ORD0005173,2026-02-04T17:12:46Z,card,success,2506.73,SGD
PAY0005174,ORD0005174,2026-04-02T11:55:34Z,paypal,success,4023.43,SGD
PAY0005175,ORD0005175,2026-02-25T18:23:09Z,wallet,success,7519.85,SGD
PAY0005176,ORD0005176,2026-02-09T20:39:39Z,paypal,success,14615.36,SGD
PAY0005177,ORD0005177,2026-03-18T09:58:28Z,card,success,2704.51,SGD
PAY0005178,ORD0005178,2026-05-24T13:03:55Z,bank_transfer,failed,18469.48,SGD
PAY0005179,ORD0005179,2026-05-08T18:58:02Z,wallet,success,17247.29,SGD
PAY0005180,ORD0005180,2026-01-10T12:37:17Z,card,success,10839.27,SGD
PAY0005181,ORD0005181,2026-05-03T03:34:19Z,wallet,success,11027.59,SGD
PAY0005182,ORD0005182,2026-04-09T05:05:25Z,wallet,success,4946.25,SGD
PAY0005183,ORD0005183,2026-04-23T20:33:16Z,card,success,6673.19,SGD
PAY0005184,ORD0005184,2026-04-15T15:20:37Z,card,success,9491.78,SGD
PAY0005185,ORD0005185,2026-04-16T13:57:15Z,wallet,success,6292.4,SGD
PAY0005186,ORD0005186,2026-04-11T07:56:46Z,bank_transfer,success,20495.75,SGD
PAY0005187,ORD0005187,2026-01-30T23:12:18Z,card,success,9245.13,SGD
PAY0005188,ORD0005188,2026-01-12T01:04:20Z,wallet,success,12332.36,SGD
PAY0005189,ORD0005189,2026-04-14T11:32:31Z,paypal,success,12886.45,SGD
PAY0005190,ORD0005190,2026-02-11T21:39:17Z,wallet,refunded,4246.87,SGD
PAY0005191,ORD0005191,2026-01-30T11:40:42Z,card,success,10823.92,SGD
PAY0005192,ORD0005192,2026-04-15T05:34:11Z,paypal,success,11791.08,SGD
PAY0005193,ORD0005193,2026-02-21T09:07:01Z,card,refunded,10688.21,SGD
PAY0005194,ORD0005194,2026-01-03T05:31:24Z,card,refunded,3216.99,SGD
PAY0005195,ORD0005195,2026-01-02T15:36:39Z,card,success,13711.07,SGD
PAY0005196,ORD0005196,2026-01-04T05:27:18Z,bank_transfer,success,876.36,SGD
PAY0005197,ORD0005197,2026-02-13T10:38:59Z,card,success,13005.18,SGD
PAY0005198,ORD0005198,2026-01-12T22:46:15Z,bank_transfer,failed,4712.56,SGD
PAY0005199,ORD0005199,2026-03-15T13:51:37Z,wallet,failed,4558.1,SGD
PAY0005200,ORD0005200,2026-01-07T15:56:31Z,paypal,success,3884.05,SGD
PAY0005201,ORD0005201,2026-04-03T12:08:15Z,wallet,success,7555.99,SGD
PAY0005202,ORD0005202,2026-04-18T16:14:33Z,card,pending,10901.71,SGD
PAY0005203,ORD0005203,2026-03-20T04:31:11Z,card,success,20220.62,SGD
PAY0005204,ORD0005204,2026-02-20T04:13:18Z,bank_transfer,success,3072.86,SGD
PAY0005205,ORD0005205,2026-04-15T02:31:43Z,paypal,success,8306.96,SGD
PAY0005206,ORD0005206,2026-03-28T20:12:53Z,paypal,success,13805.37,SGD
PAY0005207,ORD0005207,2026-01-03T15:00:51Z,wallet,success,5841.14,SGD
PAY0005208,ORD0005208,2026-01-28T05:59:49Z,card,failed,4428.21,SGD
PAY0005209,ORD0005209,2026-03-15T01:07:51Z,paypal,failed,15898.06,SGD
PAY0005210,ORD0005210,2026-04-09T03:05:57Z,card,success,2504.91,SGD
PAY0005211,ORD0005211,2026-01-29T02:01:27Z,bank_transfer,success,12772.51,SGD
PAY0005212,ORD0005212,2026-02-21T02:03:54Z,bank_transfer,success,20568.03,SGD
PAY0005213,ORD0005213,2026-01-04T01:06:32Z,wallet,pending,6951.4,SGD
PAY0005214,ORD0005214,2026-04-08T02:12:35Z,wallet,success,4232.54,SGD
PAY0005215,ORD0005215,2026-04-13T20:52:46Z,card,failed,1797.92,SGD
PAY0005216,ORD0005216,2026-05-22T04:36:36Z,bank_transfer,success,9761.34,SGD
PAY0005217,ORD0005217,2026-01-03T02:15:43Z,paypal,success,7554.58,SGD
PAY0005218,ORD0005218,2026-03-18T16:07:13Z,wallet,failed,5840.96,SGD
PAY0005219,ORD0005219,2026-03-14T09:30:59Z,paypal,failed,12678.11,SGD
PAY0005220,ORD0005220,2026-01-19T17:28:57Z,card,refunded,6931.38,SGD
PAY0005221,ORD0005221,2026-02-07T01:24:06Z,wallet,success,3853.2,SGD
PAY0005222,ORD0005222,2026-01-04T13:56:12Z,paypal,success,1643.05,SGD
PAY0005223,ORD0005223,2026-01-14T20:02:54Z,paypal,success,5576.92,SGD
PAY0005224,ORD0005224,2026-05-03T19:55:42Z,wallet,success,4933.42,SGD
PAY0005225,ORD0005225,2026-04-05T06:03:03Z,card,pending,3170.63,SGD
PAY0005226,ORD0005226,2026-04-29T21:22:35Z,wallet,success,6133.27,SGD
PAY0005227,ORD0005227,2026-03-02T00:15:36Z,bank_transfer,failed,7515.35,SGD
PAY0005228,ORD0005228,2026-03-12T18:22:15Z,card,success,6909.57,SGD
PAY0005229,ORD0005229,2026-04-18T14:33:08Z,bank_transfer,success,2926.74,SGD
PAY0005230,ORD0005230,2026-05-16T20:42:50Z,paypal,success,15834.56,SGD
PAY0005231,ORD0005231,2026-04-15T23:07:28Z,wallet,success,10255.12,SGD
PAY0005232,ORD0005232,2026-05-11T02:18:20Z,card,success,459.6,SGD
PAY0005233,ORD0005233,2026-04-26T21:10:36Z,paypal,refunded,3802.52,SGD
PAY0005234,ORD0005234,2026-03-25T04:25:15Z,wallet,success,11370.49,SGD
PAY0005235,ORD0005235,2026-03-26T06:15:02Z,card,success,7702.98,SGD
PAY0005236,ORD0005236,2026-03-25T02:58:47Z,card,success,8417.07,SGD
PAY0005237,ORD0005237,2026-05-06T20:55:07Z,wallet,success,1168.1,SGD
PAY0005238,ORD0005238,2026-02-12T08:44:47Z,bank_transfer,refunded,4809.9,SGD
PAY0005239,ORD0005239,2026-05-03T08:16:17Z,bank_transfer,success,109.26,SGD
PAY0005240,ORD0005240,2026-01-22T05:48:32Z,wallet,failed,1875.54,SGD
PAY0005241,ORD0005241,2026-02-27T18:09:22Z,wallet,success,11545.83,SGD
PAY0005242,ORD0005242,2026-03-15T21:49:26Z,card,success,16934.46,SGD
PAY0005243,ORD0005243,2026-02-08T07:01:15Z,paypal,success,9126.67,SGD
PAY0005244,ORD0005244,2026-01-03T23:06:04Z,bank_transfer,pending,8011.89,SGD
PAY0005245,ORD0005245,2026-04-05T14:37:57Z,card,success,7085.68,SGD
PAY0005246,ORD0005246,2026-02-26T03:54:35Z,card,success,4286.73,SGD
PAY0005247,ORD0005247,2026-03-06T20:47:14Z,bank_transfer,success,4079.67,SGD
PAY0005248,ORD0005248,2026-01-26T03:51:45Z,paypal,success,6518.31,SGD
PAY0005249,ORD0005249,2026-05-07T06:37:34Z,card,success,7236.2,SGD
PAY0005250,ORD0005250,2026-02-04T20:20:31Z,card,success,676.44,SGD
PAY0005251,ORD0005251,2026-05-11T17:44:03Z,card,success,8337.37,SGD
PAY0005252,ORD0005252,2026-05-21T13:43:22Z,bank_transfer,success,3754.58,SGD
PAY0005253,ORD0005253,2026-01-14T10:16:34Z,card,success,9249.65,SGD
PAY0005254,ORD0005254,2026-04-24T04:26:35Z,paypal,success,5282.88,SGD
PAY0005255,ORD0005255,2026-04-14T09:57:29Z,card,success,13963.19,SGD
PAY0005256,ORD0005256,2026-02-20T00:21:53Z,bank_transfer,success,15229.9,SGD
PAY0005257,ORD0005257,2026-04-26T12:32:09Z,paypal,success,234.51,SGD
PAY0005258,ORD0005258,2026-02-18T17:37:17Z,bank_transfer,success,296.55,SGD
PAY0005259,ORD0005259,2026-01-01T13:23:32Z,bank_transfer,success,5428.14,SGD
PAY0005260,ORD0005260,2026-04-10T16:26:44Z,bank_transfer,pending,3609.83,SGD
PAY0005261,ORD0005261,2026-05-19T19:40:51Z,wallet,success,9586.22,SGD
PAY0005262,ORD0005262,2026-05-07T01:55:10Z,wallet,refunded,5692.32,SGD
PAY0005263,ORD0005263,2026-03-11T07:27:15Z,bank_transfer,success,10367.77,SGD
PAY0005264,ORD0005264,2026-03-08T19:27:05Z,bank_transfer,success,13428.68,SGD
PAY0005265,ORD0005265,2026-01-29T05:06:35Z,paypal,pending,3241.24,SGD
PAY0005266,ORD0005266,2026-04-20T02:11:59Z,card,failed,5732.91,SGD
PAY0005267,ORD0005267,2026-03-17T03:37:38Z,card,success,1294.83,SGD
PAY0005268,ORD0005268,2026-02-08T20:55:02Z,card,success,3533.7,SGD
PAY0005269,ORD0005269,2026-02-03T17:10:44Z,bank_transfer,failed,142.86,SGD
PAY0005270,ORD0005270,2026-02-06T18:46:06Z,bank_transfer,success,4967.86,SGD
PAY0005271,ORD0005271,2026-04-22T07:03:22Z,card,success,6442.86,SGD
PAY0005272,ORD0005272,2026-04-05T10:05:28Z,card,success,6621.13,SGD
PAY0005273,ORD0005273,2026-03-03T04:21:11Z,paypal,success,7464.93,SGD
PAY0005274,ORD0005274,2026-02-09T06:22:45Z,bank_transfer,success,7028.58,SGD
PAY0005275,ORD0005275,2026-02-10T19:30:23Z,paypal,success,2249.78,SGD
PAY0005276,ORD0005276,2026-02-13T15:55:36Z,wallet,success,12112.36,SGD
PAY0005277,ORD0005277,2026-03-07T05:08:17Z,wallet,success,12709.68,SGD
PAY0005278,ORD0005278,2026-03-24T14:23:23Z,paypal,failed,1818.62,SGD
PAY0005279,ORD0005279,2026-01-08T00:54:21Z,wallet,failed,3016.83,SGD
PAY0005280,ORD0005280,2026-01-13T08:14:59Z,wallet,pending,4778.98,SGD
PAY0005281,ORD0005281,2026-03-25T23:54:40Z,card,pending,12465.25,SGD
PAY0005282,ORD0005282,2026-01-21T11:48:37Z,paypal,success,9437.91,SGD
PAY0005283,ORD0005283,2026-03-12T15:14:43Z,wallet,success,12757.65,SGD
PAY0005284,ORD0005284,2026-04-18T21:09:24Z,wallet,success,5974.77,SGD
PAY0005285,ORD0005285,2026-01-25T19:37:31Z,paypal,success,7796.28,SGD
PAY0005286,ORD0005286,2026-01-25T06:34:49Z,paypal,failed,17540.99,SGD
PAY0005287,ORD0005287,2026-04-28T14:14:52Z,wallet,success,2204.5,SGD
PAY0005288,ORD0005288,2026-05-14T06:45:01Z,paypal,success,5979.1,SGD
PAY0005289,ORD0005289,2026-02-07T09:46:12Z,wallet,failed,9643.07,SGD
PAY0005290,ORD0005290,2026-02-04T04:15:55Z,wallet,success,10865.44,SGD
PAY0005291,ORD0005291,2026-03-16T00:22:37Z,card,success,5637.98,SGD
PAY0005292,ORD0005292,2026-05-01T21:41:06Z,paypal,success,18336.1,SGD
PAY0005293,ORD0005293,2026-04-21T13:23:52Z,bank_transfer,pending,11579.54,SGD
PAY0005294,ORD0005294,2026-05-13T11:37:47Z,wallet,success,10780.69,SGD
PAY0005295,ORD0005295,2026-01-28T14:45:38Z,bank_transfer,success,676.44,SGD
PAY0005296,ORD0005296,2026-03-19T00:17:21Z,card,success,8973.0,SGD
PAY0005297,ORD0005297,2026-03-26T10:06:19Z,paypal,success,7802.08,SGD
PAY0005298,ORD0005298,2026-05-19T09:13:54Z,bank_transfer,refunded,18517.96,SGD
PAY0005299,ORD0005299,2026-03-12T16:10:18Z,wallet,pending,10544.64,SGD
PAY0005300,ORD0005300,2026-01-09T18:37:31Z,wallet,success,1474.26,SGD
PAY0005301,ORD0005301,2026-04-19T06:49:18Z,paypal,success,15313.77,SGD
PAY0005302,ORD0005302,2026-02-19T17:54:01Z,bank_transfer,success,10099.49,SGD
PAY0005303,ORD0005303,2026-01-20T16:57:19Z,bank_transfer,success,7181.27,SGD
PAY0005304,ORD0005304,2026-05-02T06:52:11Z,card,pending,999.49,SGD
PAY0005305,ORD0005305,2026-04-22T13:55:02Z,bank_transfer,success,12991.79,SGD
PAY0005306,ORD0005306,2026-05-10T05:21:45Z,paypal,success,5689.34,SGD
PAY0005307,ORD0005307,2026-04-27T20:06:03Z,card,failed,7427.35,SGD
PAY0005308,ORD0005308,2026-02-21T21:25:09Z,paypal,pending,6797.82,SGD
PAY0005309,ORD0005309,2026-05-21T14:59:44Z,card,refunded,592.39,SGD
PAY0005310,ORD0005310,2026-02-25T01:33:34Z,card,failed,11381.74,SGD
PAY0005311,ORD0005311,2026-05-07T12:35:43Z,paypal,failed,5150.87,SGD
PAY0005312,ORD0005312,2026-05-06T18:29:40Z,paypal,failed,1894.06,SGD
PAY0005313,ORD0005313,2026-01-24T22:25:37Z,paypal,success,6436.72,SGD
PAY0005314,ORD0005314,2026-02-01T09:40:55Z,card,success,7754.56,SGD
PAY0005315,ORD0005315,2026-05-14T07:19:11Z,wallet,success,5389.12,SGD
PAY0005316,ORD0005316,2026-02-09T15:03:59Z,card,success,12241.08,SGD
PAY0005317,ORD0005317,2026-03-09T03:18:47Z,card,failed,9150.61,SGD
PAY0005318,ORD0005318,2026-02-14T19:44:16Z,wallet,success,1906.01,SGD
PAY0005319,ORD0005319,2026-03-22T18:36:58Z,paypal,success,3894.04,SGD
PAY0005320,ORD0005320,2026-02-14T01:41:33Z,paypal,refunded,2985.27,SGD
PAY0005321,ORD0005321,2026-01-17T21:55:22Z,card,success,7563.06,SGD
PAY0005322,ORD0005322,2026-04-21T10:06:35Z,card,success,4482.06,SGD
PAY0005323,ORD0005323,2026-04-07T08:49:37Z,wallet,success,8747.43,SGD
PAY0005324,ORD0005324,2026-02-28T14:52:16Z,bank_transfer,success,8500.21,SGD
PAY0005325,ORD0005325,2026-02-12T00:23:01Z,bank_transfer,success,13223.96,SGD
PAY0005326,ORD0005326,2026-03-27T03:33:53Z,bank_transfer,failed,4586.37,SGD
PAY0005327,ORD0005327,2026-05-13T18:24:56Z,paypal,failed,4030.18,SGD
PAY0005328,ORD0005328,2026-02-24T14:33:28Z,wallet,success,9856.27,SGD
PAY0005329,ORD0005329,2026-03-06T21:54:13Z,paypal,success,1656.99,SGD
PAY0005330,ORD0005330,2026-02-06T19:52:13Z,bank_transfer,success,6181.96,SGD
PAY0005331,ORD0005331,2026-04-28T13:20:15Z,card,pending,11576.36,SGD
PAY0005332,ORD0005332,2026-02-20T20:14:45Z,wallet,success,8887.55,SGD
PAY0005333,ORD0005333,2026-03-26T04:29:16Z,wallet,success,8655.23,SGD
PAY0005334,ORD0005334,2026-01-18T07:05:11Z,wallet,refunded,5397.95,SGD
PAY0005335,ORD0005335,2026-01-19T09:34:39Z,wallet,success,5083.38,SGD
PAY0005336,ORD0005336,2026-04-28T02:42:35Z,paypal,pending,2015.85,SGD
PAY0005337,ORD0005337,2026-03-24T02:28:05Z,paypal,success,14991.8,SGD
PAY0005338,ORD0005338,2026-03-23T07:43:42Z,card,success,965.98,SGD
PAY0005339,ORD0005339,2026-03-01T14:52:13Z,paypal,success,3512.24,SGD
PAY0005340,ORD0005340,2026-02-02T23:57:57Z,wallet,pending,4160.54,SGD
PAY0005341,ORD0005341,2026-04-17T06:15:22Z,card,failed,3106.94,SGD
PAY0005342,ORD0005342,2026-05-23T22:12:10Z,bank_transfer,failed,4487.21,SGD
PAY0005343,ORD0005343,2026-05-07T07:00:11Z,paypal,success,10787.23,SGD
PAY0005344,ORD0005344,2026-01-19T22:44:20Z,wallet,refunded,3241.63,SGD
PAY0005345,ORD0005345,2026-01-09T21:31:21Z,wallet,success,6269.25,SGD
PAY0005346,ORD0005346,2026-01-21T12:43:48Z,paypal,refunded,948.0,SGD
PAY0005347,ORD0005347,2026-05-24T23:37:20Z,wallet,refunded,6369.6,SGD
PAY0005348,ORD0005348,2026-03-26T23:49:59Z,wallet,success,8272.7,SGD
PAY0005349,ORD0005349,2026-01-26T07:13:47Z,wallet,failed,18356.2,SGD
PAY0005350,ORD0005350,2026-03-31T06:27:05Z,paypal,success,2512.66,SGD
PAY0005351,ORD0005351,2026-05-12T07:16:57Z,card,success,20411.48,SGD
PAY0005352,ORD0005352,2026-04-25T14:42:58Z,bank_transfer,pending,901.37,SGD
PAY0005353,ORD0005353,2026-02-22T18:58:33Z,card,success,5187.86,SGD
PAY0005354,ORD0005354,2026-01-15T17:14:47Z,wallet,success,11693.68,SGD
PAY0005355,ORD0005355,2026-03-08T00:13:39Z,bank_transfer,success,5611.78,SGD
PAY0005356,ORD0005356,2026-05-18T03:04:42Z,paypal,success,3857.7,SGD
PAY0005357,ORD0005357,2026-03-21T09:22:58Z,wallet,success,10670.85,SGD
PAY0005358,ORD0005358,2026-01-26T20:11:45Z,card,success,24649.38,SGD
PAY0005359,ORD0005359,2026-03-21T20:00:29Z,wallet,success,5903.75,SGD
PAY0005360,ORD0005360,2026-03-11T23:52:06Z,wallet,success,2032.29,SGD
PAY0005361,ORD0005361,2026-01-15T06:46:07Z,wallet,success,6193.4,SGD
PAY0005362,ORD0005362,2026-02-06T23:36:09Z,paypal,success,8338.16,SGD
PAY0005363,ORD0005363,2026-01-20T03:28:54Z,wallet,failed,7204.75,SGD
PAY0005364,ORD0005364,2026-03-14T00:05:25Z,wallet,success,12618.55,SGD
PAY0005365,ORD0005365,2026-02-22T13:45:29Z,bank_transfer,success,11194.71,SGD
PAY0005366,ORD0005366,2026-01-28T18:11:27Z,wallet,success,6551.61,SGD
PAY0005367,ORD0005367,2026-05-03T22:27:33Z,paypal,success,17619.83,SGD
PAY0005368,ORD0005368,2026-04-07T21:04:52Z,wallet,refunded,13189.95,SGD
PAY0005369,ORD0005369,2026-05-02T18:46:00Z,paypal,success,6183.06,SGD
PAY0005370,ORD0005370,2026-01-23T02:47:02Z,paypal,pending,269.46,SGD
PAY0005371,ORD0005371,2026-05-03T05:15:33Z,card,success,9169.68,SGD
PAY0005372,ORD0005372,2026-05-02T17:50:27Z,card,refunded,9182.3,SGD
PAY0005373,ORD0005373,2026-01-05T04:03:11Z,paypal,success,6407.81,SGD
PAY0005374,ORD0005374,2026-05-01T03:57:51Z,wallet,success,1814.49,SGD
PAY0005375,ORD0005375,2026-01-06T03:48:57Z,paypal,success,4810.8,SGD
PAY0005376,ORD0005376,2026-05-23T11:51:22Z,bank_transfer,success,12763.58,SGD
PAY0005377,ORD0005377,2026-03-02T03:14:35Z,wallet,failed,2317.15,SGD
PAY0005378,ORD0005378,2026-01-28T03:38:17Z,paypal,success,8094.78,SGD
PAY0005379,ORD0005379,2026-03-31T14:45:43Z,paypal,success,6577.05,SGD
PAY0005380,ORD0005380,2026-03-20T10:52:45Z,wallet,success,1668.45,SGD
PAY0005381,ORD0005381,2026-05-09T09:30:52Z,paypal,success,5976.08,SGD
PAY0005382,ORD0005382,2026-05-16T18:17:13Z,bank_transfer,pending,11797.66,SGD
PAY0005383,ORD0005383,2026-03-09T04:43:36Z,bank_transfer,success,3830.66,SGD
PAY0005384,ORD0005384,2026-03-30T17:30:45Z,bank_transfer,success,5133.36,SGD
PAY0005385,ORD0005385,2026-05-13T03:51:33Z,paypal,success,6848.31,SGD
PAY0005386,ORD0005386,2026-01-17T04:41:17Z,wallet,success,2860.43,SGD
PAY0005387,ORD0005387,2026-03-07T14:58:02Z,bank_transfer,success,15980.18,SGD
PAY0005388,ORD0005388,2026-03-12T05:38:05Z,card,success,5917.11,SGD
PAY0005389,ORD0005389,2026-03-09T10:59:58Z,card,success,17161.34,SGD
PAY0005390,ORD0005390,2026-01-02T23:43:54Z,bank_transfer,success,7493.39,SGD
PAY0005391,ORD0005391,2026-03-14T15:05:02Z,bank_transfer,success,3559.39,SGD
PAY0005392,ORD0005392,2026-04-24T04:56:36Z,card,success,11247.89,SGD
PAY0005393,ORD0005393,2026-05-23T20:53:18Z,bank_transfer,success,15242.65,SGD
PAY0005394,ORD0005394,2026-04-17T12:55:45Z,paypal,pending,7219.47,SGD
PAY0005395,ORD0005395,2026-03-05T03:10:10Z,paypal,refunded,5739.27,SGD
PAY0005396,ORD0005396,2026-03-17T23:40:28Z,card,failed,8271.35,SGD
PAY0005397,ORD0005397,2026-02-21T19:24:55Z,paypal,refunded,11487.31,SGD
PAY0005398,ORD0005398,2026-04-03T06:04:29Z,bank_transfer,success,12000.25,SGD
PAY0005399,ORD0005399,2026-05-11T18:16:31Z,wallet,success,16845.06,SGD
PAY0005400,ORD0005400,2026-05-04T15:58:02Z,card,success,1170.1,SGD
PAY0005401,ORD0005401,2026-03-28T10:10:38Z,card,success,338.22,SGD
PAY0005402,ORD0005402,2026-03-07T16:43:39Z,card,success,8700.92,SGD
PAY0005403,ORD0005403,2026-04-11T09:04:24Z,wallet,refunded,11117.88,SGD
PAY0005404,ORD0005404,2026-03-27T03:11:12Z,wallet,success,1438.79,SGD
PAY0005405,ORD0005405,2026-05-02T03:20:39Z,wallet,refunded,14580.86,SGD
PAY0005406,ORD0005406,2026-04-03T04:49:19Z,paypal,refunded,9393.25,SGD
PAY0005407,ORD0005407,2026-02-14T03:39:25Z,bank_transfer,success,926.7,SGD
PAY0005408,ORD0005408,2026-03-03T21:11:50Z,card,success,6231.08,SGD
PAY0005409,ORD0005409,2026-04-26T08:47:04Z,paypal,success,5834.49,SGD
PAY0005410,ORD0005410,2026-04-02T16:56:39Z,card,refunded,1591.8,SGD
PAY0005411,ORD0005411,2026-03-28T14:33:06Z,card,success,563.51,SGD
PAY0005412,ORD0005412,2026-01-19T00:28:14Z,paypal,success,3376.02,SGD
PAY0005413,ORD0005413,2026-05-15T14:40:58Z,bank_transfer,success,6750.51,SGD
PAY0005414,ORD0005414,2026-01-06T01:51:45Z,wallet,success,7875.4,SGD
PAY0005415,ORD0005415,2026-01-15T09:09:41Z,paypal,success,8484.46,SGD
PAY0005416,ORD0005416,2026-03-26T07:12:33Z,card,pending,2693.78,SGD
PAY0005417,ORD0005417,2026-04-20T00:39:10Z,bank_transfer,success,11439.78,SGD
PAY0005418,ORD0005418,2026-05-24T21:15:56Z,paypal,success,7867.45,SGD
PAY0005419,ORD0005419,2026-01-28T08:35:01Z,paypal,success,8259.37,SGD
PAY0005420,ORD0005420,2026-02-06T04:29:37Z,bank_transfer,success,234.56,SGD
PAY0005421,ORD0005421,2026-05-07T04:04:46Z,paypal,failed,12416.71,SGD
PAY0005422,ORD0005422,2026-03-07T19:12:40Z,paypal,failed,16944.33,SGD
PAY0005423,ORD0005423,2026-04-21T07:16:09Z,wallet,success,7454.94,SGD
PAY0005424,ORD0005424,2026-03-19T09:38:04Z,paypal,success,8053.89,SGD
PAY0005425,ORD0005425,2026-01-21T23:56:28Z,bank_transfer,success,11017.55,SGD
PAY0005426,ORD0005426,2026-04-05T05:35:38Z,wallet,success,10032.49,SGD
PAY0005427,ORD0005427,2026-01-04T14:41:53Z,paypal,success,56.43,SGD
PAY0005428,ORD0005428,2026-04-05T11:13:35Z,card,success,19142.58,SGD
PAY0005429,ORD0005429,2026-02-03T22:40:24Z,card,success,11064.95,SGD
PAY0005430,ORD0005430,2026-02-04T02:19:25Z,wallet,success,869.61,SGD
PAY0005431,ORD0005431,2026-01-19T00:59:58Z,card,success,7392.48,SGD
PAY0005432,ORD0005432,2026-02-15T07:57:04Z,wallet,success,14157.88,SGD
PAY0005433,ORD0005433,2026-04-09T21:13:53Z,wallet,success,7027.85,SGD
PAY0005434,ORD0005434,2026-01-03T18:46:04Z,paypal,failed,5992.41,SGD
PAY0005435,ORD0005435,2026-05-15T09:55:41Z,wallet,success,7073.64,SGD
PAY0005436,ORD0005436,2026-03-14T16:59:57Z,card,success,5220.51,SGD
PAY0005437,ORD0005437,2026-03-29T20:42:45Z,paypal,success,6986.99,SGD
PAY0005438,ORD0005438,2026-03-31T23:51:11Z,wallet,refunded,893.37,SGD
PAY0005439,ORD0005439,2026-01-28T20:24:50Z,wallet,success,13068.87,SGD
PAY0005440,ORD0005440,2026-03-06T15:52:10Z,card,success,12584.43,SGD
PAY0005441,ORD0005441,2026-04-28T19:39:37Z,bank_transfer,success,2102.4,SGD
PAY0005442,ORD0005442,2026-03-17T19:58:22Z,paypal,refunded,15613.25,SGD
PAY0005443,ORD0005443,2026-04-27T16:05:24Z,bank_transfer,success,5821.8,SGD
PAY0005444,ORD0005444,2026-05-06T19:29:48Z,paypal,success,19591.36,SGD
PAY0005445,ORD0005445,2026-01-12T22:23:22Z,paypal,success,4241.27,SGD
PAY0005446,ORD0005446,2026-03-20T18:37:11Z,wallet,success,10302.32,SGD
PAY0005447,ORD0005447,2026-02-28T09:50:12Z,paypal,success,8419.38,SGD
PAY0005448,ORD0005448,2026-01-09T09:49:49Z,card,failed,6039.14,SGD
PAY0005449,ORD0005449,2026-04-11T04:54:35Z,wallet,success,1913.09,SGD
PAY0005450,ORD0005450,2026-05-08T08:52:53Z,paypal,success,7370.78,SGD
PAY0005451,ORD0005451,2026-02-24T04:05:45Z,bank_transfer,success,9020.4,SGD
PAY0005452,ORD0005452,2026-01-02T13:03:13Z,paypal,success,7577.98,SGD
PAY0005453,ORD0005453,2026-04-03T09:46:12Z,card,success,8702.89,SGD
PAY0005454,ORD0005454,2026-02-19T21:14:38Z,card,failed,2731.95,SGD
PAY0005455,ORD0005455,2026-02-12T10:23:34Z,card,success,14606.45,SGD
PAY0005456,ORD0005456,2026-02-03T19:38:08Z,paypal,success,11502.05,SGD
PAY0005457,ORD0005457,2026-01-27T12:01:47Z,wallet,failed,3078.56,SGD
PAY0005458,ORD0005458,2026-04-08T08:45:00Z,bank_transfer,success,17100.51,SGD
PAY0005459,ORD0005459,2026-03-06T02:07:10Z,card,success,2948.52,SGD
PAY0005460,ORD0005460,2026-04-07T18:56:04Z,wallet,success,6429.99,SGD
PAY0005461,ORD0005461,2026-05-08T00:42:48Z,bank_transfer,refunded,12147.95,SGD
PAY0005462,ORD0005462,2026-05-11T21:58:21Z,wallet,success,2916.86,SGD
PAY0005463,ORD0005463,2026-02-14T21:40:33Z,card,success,11281.91,SGD
PAY0005464,ORD0005464,2026-04-22T04:59:36Z,paypal,success,8389.65,SGD
PAY0005465,ORD0005465,2026-03-15T09:44:10Z,wallet,success,2427.72,SGD
PAY0005466,ORD0005466,2026-01-14T18:49:43Z,wallet,success,3451.34,SGD
PAY0005467,ORD0005467,2026-04-17T20:10:41Z,wallet,refunded,6811.15,SGD
PAY0005468,ORD0005468,2026-05-24T05:29:10Z,card,success,10070.65,SGD
PAY0005469,ORD0005469,2026-05-23T13:43:23Z,bank_transfer,refunded,3512.24,SGD
PAY0005470,ORD0005470,2026-05-09T13:40:48Z,paypal,success,3650.24,SGD
PAY0005471,ORD0005471,2026-01-15T05:50:26Z,paypal,success,1700.26,SGD
PAY0005472,ORD0005472,2026-01-01T20:29:08Z,wallet,success,4364.76,SGD
PAY0005473,ORD0005473,2026-05-20T12:59:07Z,wallet,success,10580.25,SGD
PAY0005474,ORD0005474,2026-01-04T02:08:29Z,bank_transfer,success,8657.26,SGD
PAY0005475,ORD0005475,2026-01-24T16:00:52Z,bank_transfer,pending,4997.28,SGD
PAY0005476,ORD0005476,2026-04-14T02:16:17Z,wallet,success,7028.68,SGD
PAY0005477,ORD0005477,2026-03-09T16:39:36Z,card,success,4151.35,SGD
PAY0005478,ORD0005478,2026-03-31T22:16:58Z,paypal,success,10473.91,SGD
PAY0005479,ORD0005479,2026-02-28T06:51:40Z,bank_transfer,refunded,19710.13,SGD
PAY0005480,ORD0005480,2026-02-02T05:24:41Z,paypal,success,11853.69,SGD
PAY0005481,ORD0005481,2026-05-23T03:07:52Z,bank_transfer,success,4017.24,SGD
PAY0005482,ORD0005482,2026-02-05T01:29:33Z,paypal,success,9044.2,SGD
PAY0005483,ORD0005483,2026-02-01T23:58:11Z,wallet,failed,3577.52,SGD
PAY0005484,ORD0005484,2026-02-23T14:47:16Z,bank_transfer,failed,11242.39,SGD
PAY0005485,ORD0005485,2026-01-04T17:09:15Z,wallet,success,20399.2,SGD
PAY0005486,ORD0005486,2026-02-10T02:27:34Z,bank_transfer,success,16856.22,SGD
PAY0005487,ORD0005487,2026-03-04T04:04:19Z,paypal,success,6196.38,SGD
PAY0005488,ORD0005488,2026-04-07T18:15:07Z,card,success,15080.65,SGD
PAY0005489,ORD0005489,2026-02-07T10:11:23Z,bank_transfer,success,5443.47,SGD
PAY0005490,ORD0005490,2026-03-17T10:54:06Z,card,success,12962.84,SGD
PAY0005491,ORD0005491,2026-05-12T08:33:33Z,wallet,success,4580.9,SGD
PAY0005492,ORD0005492,2026-03-20T06:53:27Z,bank_transfer,refunded,2510.09,SGD
PAY0005493,ORD0005493,2026-01-08T09:38:42Z,card,success,1216.6,SGD
PAY0005494,ORD0005494,2026-02-27T05:02:04Z,card,success,12636.29,SGD
PAY0005495,ORD0005495,2026-05-06T18:13:52Z,wallet,success,6959.52,SGD
PAY0005496,ORD0005496,2026-05-16T01:11:22Z,paypal,success,10851.63,SGD
PAY0005497,ORD0005497,2026-03-20T06:06:52Z,paypal,success,5024.97,SGD
PAY0005498,ORD0005498,2026-01-17T21:34:58Z,card,success,1717.32,SGD
PAY0005499,ORD0005499,2026-03-12T03:12:39Z,paypal,refunded,4356.26,SGD
PAY0005500,ORD0005500,2026-03-15T07:34:42Z,card,success,5397.51,SGD
PAY0005501,ORD0005501,2026-05-03T06:09:38Z,card,pending,16308.56,SGD
PAY0005502,ORD0005502,2026-03-25T22:07:22Z,paypal,success,3796.98,SGD
PAY0005503,ORD0005503,2026-01-06T14:52:09Z,paypal,success,9399.62,SGD
PAY0005504,ORD0005504,2026-01-12T12:38:43Z,paypal,pending,14471.18,SGD
PAY0005505,ORD0005505,2026-04-11T14:07:44Z,bank_transfer,success,2913.66,SGD
PAY0005506,ORD0005506,2026-05-21T18:00:59Z,card,success,13227.04,SGD
PAY0005507,ORD0005507,2026-04-08T12:04:46Z,paypal,pending,12625.35,SGD
PAY0005508,ORD0005508,2026-01-11T10:03:19Z,paypal,success,4032.58,SGD
PAY0005509,ORD0005509,2026-04-03T00:37:11Z,bank_transfer,success,5333.31,SGD
PAY0005510,ORD0005510,2026-02-16T09:07:51Z,card,success,9161.66,SGD
PAY0005511,ORD0005511,2026-01-02T15:22:31Z,paypal,success,552.37,SGD
PAY0005512,ORD0005512,2026-03-11T00:35:12Z,card,pending,9220.77,SGD
PAY0005513,ORD0005513,2026-02-26T04:23:01Z,card,success,18733.54,SGD
PAY0005514,ORD0005514,2026-05-14T17:00:15Z,paypal,failed,18399.2,SGD
PAY0005515,ORD0005515,2026-04-11T02:32:23Z,card,success,273.32,SGD
PAY0005516,ORD0005516,2026-04-10T06:00:43Z,paypal,success,9363.16,SGD
PAY0005517,ORD0005517,2026-04-02T07:09:07Z,paypal,success,8853.92,SGD
PAY0005518,ORD0005518,2026-05-20T06:24:13Z,card,refunded,13601.17,SGD
PAY0005519,ORD0005519,2026-04-15T16:57:56Z,bank_transfer,pending,12051.93,SGD
PAY0005520,ORD0005520,2026-05-15T08:35:44Z,card,refunded,7879.76,SGD
PAY0005521,ORD0005521,2026-04-03T06:20:25Z,wallet,success,4144.24,SGD
PAY0005522,ORD0005522,2026-05-10T00:01:51Z,bank_transfer,success,5269.83,SGD
PAY0005523,ORD0005523,2026-01-11T04:42:24Z,paypal,pending,6501.02,SGD
PAY0005524,ORD0005524,2026-03-11T20:42:53Z,bank_transfer,success,1409.33,SGD
PAY0005525,ORD0005525,2026-01-01T14:22:43Z,card,failed,14045.8,SGD
PAY0005526,ORD0005526,2026-05-19T17:07:21Z,card,success,1731.32,SGD
PAY0005527,ORD0005527,2026-05-01T02:32:17Z,wallet,success,6951.45,SGD
PAY0005528,ORD0005528,2026-05-13T19:24:12Z,bank_transfer,success,13827.3,SGD
PAY0005529,ORD0005529,2026-01-25T18:38:51Z,wallet,success,6116.67,SGD
PAY0005530,ORD0005530,2026-05-02T07:47:39Z,card,success,15079.42,SGD
PAY0005531,ORD0005531,2026-03-27T10:17:44Z,paypal,success,12705.27,SGD
PAY0005532,ORD0005532,2026-03-14T14:48:40Z,bank_transfer,success,3422.02,SGD
PAY0005533,ORD0005533,2026-05-16T03:20:19Z,wallet,pending,3896.85,SGD
PAY0005534,ORD0005534,2026-01-17T05:07:02Z,bank_transfer,success,8160.28,SGD
PAY0005535,ORD0005535,2026-05-12T11:18:42Z,wallet,success,1700.26,SGD
PAY0005536,ORD0005536,2026-02-22T01:39:05Z,card,success,8228.26,SGD
PAY0005537,ORD0005537,2026-02-03T11:54:12Z,card,success,10082.82,SGD
PAY0005538,ORD0005538,2026-02-07T03:05:01Z,paypal,refunded,8894.17,SGD
PAY0005539,ORD0005539,2026-01-18T02:13:11Z,wallet,success,5731.33,SGD
PAY0005540,ORD0005540,2026-04-24T23:52:52Z,card,success,12479.03,SGD
PAY0005541,ORD0005541,2026-02-08T04:54:54Z,paypal,refunded,11134.67,SGD
PAY0005542,ORD0005542,2026-01-04T18:27:05Z,wallet,success,11136.88,SGD
PAY0005543,ORD0005543,2026-03-13T02:35:53Z,bank_transfer,success,14859.35,SGD
PAY0005544,ORD0005544,2026-04-09T12:24:15Z,card,refunded,3640.2,SGD
PAY0005545,ORD0005545,2026-02-23T07:01:12Z,card,success,13509.87,SGD
PAY0005546,ORD0005546,2026-03-10T06:28:46Z,wallet,success,2953.16,SGD
PAY0005547,ORD0005547,2026-02-10T14:06:33Z,bank_transfer,pending,2654.88,SGD
PAY0005548,ORD0005548,2026-02-09T18:25:39Z,wallet,success,13091.03,SGD
PAY0005549,ORD0005549,2026-02-24T11:49:02Z,paypal,success,21553.41,SGD
PAY0005550,ORD0005550,2026-01-10T12:14:21Z,card,success,1106.19,SGD
PAY0005551,ORD0005551,2026-02-17T09:21:26Z,wallet,success,1803.25,SGD
PAY0005552,ORD0005552,2026-04-06T02:20:22Z,card,pending,428.16,SGD
PAY0005553,ORD0005553,2026-02-26T23:38:35Z,wallet,pending,1589.34,SGD
PAY0005554,ORD0005554,2026-01-06T04:32:20Z,card,success,2956.62,SGD
PAY0005555,ORD0005555,2026-03-12T17:17:56Z,paypal,success,13665.05,SGD
PAY0005556,ORD0005556,2026-05-01T10:38:05Z,paypal,success,1403.9,SGD
PAY0005557,ORD0005557,2026-02-14T10:01:39Z,paypal,success,9498.51,SGD
PAY0005558,ORD0005558,2026-03-10T09:52:09Z,card,pending,5091.8,SGD
PAY0005559,ORD0005559,2026-05-16T13:15:42Z,wallet,failed,4858.6,SGD
PAY0005560,ORD0005560,2026-02-19T07:34:42Z,wallet,success,7190.26,SGD
PAY0005561,ORD0005561,2026-04-15T03:25:00Z,paypal,pending,6353.78,SGD
PAY0005562,ORD0005562,2026-02-07T20:26:35Z,wallet,failed,2369.38,SGD
PAY0005563,ORD0005563,2026-05-16T06:56:52Z,bank_transfer,failed,7241.6,SGD
PAY0005564,ORD0005564,2026-03-30T00:05:43Z,card,success,8832.79,SGD
PAY0005565,ORD0005565,2026-02-27T01:05:53Z,paypal,success,8101.25,SGD
PAY0005566,ORD0005566,2026-01-02T12:33:29Z,card,success,1045.37,SGD
PAY0005567,ORD0005567,2026-01-16T05:12:12Z,wallet,success,6553.55,SGD
PAY0005568,ORD0005568,2026-03-09T22:23:14Z,wallet,success,6600.92,SGD
PAY0005569,ORD0005569,2026-04-15T11:19:56Z,wallet,success,11187.53,SGD
PAY0005570,ORD0005570,2026-04-17T21:20:24Z,paypal,success,12908.84,SGD
PAY0005571,ORD0005571,2026-03-25T04:15:36Z,bank_transfer,success,2216.79,SGD
PAY0005572,ORD0005572,2026-01-06T03:37:41Z,paypal,success,2776.35,SGD
PAY0005573,ORD0005573,2026-04-03T10:14:20Z,wallet,success,5703.76,SGD
PAY0005574,ORD0005574,2026-03-04T17:09:31Z,card,success,7843.43,SGD
PAY0005575,ORD0005575,2026-04-08T10:24:46Z,wallet,success,5887.79,SGD
PAY0005576,ORD0005576,2026-05-06T15:33:13Z,card,success,18861.45,SGD
PAY0005577,ORD0005577,2026-01-31T12:45:10Z,bank_transfer,success,14160.39,SGD
PAY0005578,ORD0005578,2026-04-27T02:11:50Z,card,success,3755.01,SGD
PAY0005579,ORD0005579,2026-04-29T22:34:42Z,bank_transfer,refunded,5576.0,SGD
PAY0005580,ORD0005580,2026-04-18T01:36:44Z,bank_transfer,success,12732.45,SGD
PAY0005581,ORD0005581,2026-03-15T18:23:48Z,paypal,success,9505.1,SGD
PAY0005582,ORD0005582,2026-04-22T20:33:27Z,bank_transfer,success,1946.82,SGD
PAY0005583,ORD0005583,2026-02-06T08:29:21Z,wallet,success,14880.28,SGD
PAY0005584,ORD0005584,2026-01-22T08:17:09Z,paypal,success,9946.27,SGD
PAY0005585,ORD0005585,2026-01-25T12:13:09Z,card,success,5591.76,SGD
PAY0005586,ORD0005586,2026-02-24T06:30:32Z,card,success,6317.98,SGD
PAY0005587,ORD0005587,2026-05-09T06:49:07Z,bank_transfer,success,10508.46,SGD
PAY0005588,ORD0005588,2026-05-01T15:02:07Z,wallet,pending,12001.2,SGD
PAY0005589,ORD0005589,2026-01-09T16:43:54Z,paypal,pending,1060.59,SGD
PAY0005590,ORD0005590,2026-03-13T05:54:57Z,card,success,7335.66,SGD
PAY0005591,ORD0005591,2026-02-09T07:20:57Z,wallet,success,2696.88,SGD
PAY0005592,ORD0005592,2026-05-21T04:00:49Z,paypal,failed,5692.52,SGD
PAY0005593,ORD0005593,2026-01-22T09:05:35Z,bank_transfer,success,15549.24,SGD
PAY0005594,ORD0005594,2026-02-19T20:59:36Z,wallet,pending,1885.96,SGD
PAY0005595,ORD0005595,2026-05-11T10:31:54Z,paypal,success,8799.15,SGD
PAY0005596,ORD0005596,2026-01-24T08:05:57Z,wallet,success,5786.94,SGD
PAY0005597,ORD0005597,2026-01-19T02:22:50Z,paypal,success,15426.35,SGD
PAY0005598,ORD0005598,2026-03-16T15:46:49Z,wallet,success,11520.98,SGD
PAY0005599,ORD0005599,2026-04-23T11:50:59Z,bank_transfer,success,14928.72,SGD
PAY0005600,ORD0005600,2026-04-19T09:59:09Z,paypal,success,2724.72,SGD
PAY0005601,ORD0005601,2026-02-25T02:07:35Z,wallet,success,3600.04,SGD
PAY0005602,ORD0005602,2026-03-05T07:55:22Z,bank_transfer,pending,7306.7,SGD
PAY0005603,ORD0005603,2026-03-16T18:32:59Z,wallet,success,351.84,SGD
PAY0005604,ORD0005604,2026-03-09T09:56:01Z,card,success,8049.83,SGD
PAY0005605,ORD0005605,2026-03-14T22:22:07Z,bank_transfer,success,5455.68,SGD
PAY0005606,ORD0005606,2026-01-20T01:55:04Z,card,success,5981.6,SGD
PAY0005607,ORD0005607,2026-04-23T11:27:26Z,bank_transfer,success,5102.98,SGD
PAY0005608,ORD0005608,2026-05-22T22:02:27Z,card,refunded,14414.83,SGD
PAY0005609,ORD0005609,2026-01-29T17:59:10Z,wallet,failed,20892.41,SGD
PAY0005610,ORD0005610,2026-01-12T12:00:51Z,bank_transfer,success,10708.87,SGD
PAY0005611,ORD0005611,2026-05-20T13:06:36Z,card,success,11083.26,SGD
PAY0005612,ORD0005612,2026-05-24T07:54:56Z,wallet,success,10491.75,SGD
PAY0005613,ORD0005613,2026-02-21T03:02:23Z,card,success,11685.83,SGD
PAY0005614,ORD0005614,2026-04-07T13:30:41Z,bank_transfer,success,4407.14,SGD
PAY0005615,ORD0005615,2026-05-10T03:03:25Z,card,success,3743.38,SGD
PAY0005616,ORD0005616,2026-01-13T23:39:35Z,bank_transfer,failed,1754.86,SGD
PAY0005617,ORD0005617,2026-04-22T00:50:10Z,wallet,success,1993.08,SGD
PAY0005618,ORD0005618,2026-02-17T20:11:19Z,card,refunded,9961.59,SGD
PAY0005619,ORD0005619,2026-05-17T06:16:09Z,paypal,success,4577.68,SGD
PAY0005620,ORD0005620,2026-04-25T11:22:01Z,wallet,success,6802.66,SGD
PAY0005621,ORD0005621,2026-04-02T20:01:09Z,paypal,refunded,18060.32,SGD
PAY0005622,ORD0005622,2026-01-28T00:58:09Z,paypal,success,6485.17,SGD
PAY0005623,ORD0005623,2026-03-23T11:30:08Z,wallet,success,2740.35,SGD
PAY0005624,ORD0005624,2026-03-22T22:24:50Z,card,success,3023.43,SGD
PAY0005625,ORD0005625,2026-01-27T12:55:18Z,wallet,success,2680.11,SGD
PAY0005626,ORD0005626,2026-02-09T07:26:10Z,bank_transfer,success,3700.47,SGD
PAY0005627,ORD0005627,2026-02-23T12:26:38Z,paypal,refunded,9158.64,SGD
PAY0005628,ORD0005628,2026-01-22T23:51:01Z,card,success,3108.09,SGD
PAY0005629,ORD0005629,2026-05-24T09:20:09Z,card,pending,15191.65,SGD
PAY0005630,ORD0005630,2026-01-30T07:27:28Z,bank_transfer,success,7593.36,SGD
PAY0005631,ORD0005631,2026-01-13T06:55:27Z,wallet,pending,9297.98,SGD
PAY0005632,ORD0005632,2026-04-18T05:56:00Z,bank_transfer,failed,14027.05,SGD
PAY0005633,ORD0005633,2026-01-27T01:00:34Z,wallet,success,329.3,SGD
PAY0005634,ORD0005634,2026-05-15T11:41:32Z,bank_transfer,success,5811.04,SGD
PAY0005635,ORD0005635,2026-05-16T11:27:27Z,wallet,pending,8849.23,SGD
PAY0005636,ORD0005636,2026-03-08T18:44:49Z,wallet,success,7436.32,SGD
PAY0005637,ORD0005637,2026-04-04T04:00:39Z,bank_transfer,success,6542.78,SGD
PAY0005638,ORD0005638,2026-01-02T04:09:03Z,bank_transfer,success,2653.41,SGD
PAY0005639,ORD0005639,2026-03-20T03:40:24Z,bank_transfer,success,12804.55,SGD
PAY0005640,ORD0005640,2026-01-17T09:55:32Z,wallet,refunded,6672.17,SGD
PAY0005641,ORD0005641,2026-01-02T17:06:18Z,wallet,success,11641.0,SGD
PAY0005642,ORD0005642,2026-01-19T04:51:33Z,wallet,success,723.99,SGD
PAY0005643,ORD0005643,2026-05-13T07:01:42Z,bank_transfer,success,13366.75,SGD
PAY0005644,ORD0005644,2026-03-23T02:38:11Z,wallet,success,14225.06,SGD
PAY0005645,ORD0005645,2026-03-31T05:22:31Z,card,success,8702.86,SGD
PAY0005646,ORD0005646,2026-03-21T12:22:19Z,card,pending,10561.49,SGD
PAY0005647,ORD0005647,2026-04-21T01:35:59Z,wallet,success,1256.69,SGD
PAY0005648,ORD0005648,2026-02-15T23:34:24Z,card,success,8296.12,SGD
PAY0005649,ORD0005649,2026-04-01T09:32:45Z,card,pending,1136.49,SGD
PAY0005650,ORD0005650,2026-05-19T15:16:25Z,card,success,6079.61,SGD
PAY0005651,ORD0005651,2026-03-10T23:35:51Z,bank_transfer,refunded,7184.38,SGD
PAY0005652,ORD0005652,2026-03-13T12:06:45Z,bank_transfer,refunded,2196.69,SGD
PAY0005653,ORD0005653,2026-01-11T19:46:32Z,wallet,refunded,2192.35,SGD
PAY0005654,ORD0005654,2026-02-15T12:25:57Z,bank_transfer,refunded,6894.07,SGD
PAY0005655,ORD0005655,2026-05-23T11:25:04Z,paypal,success,7998.99,SGD
PAY0005656,ORD0005656,2026-02-10T10:28:43Z,paypal,failed,6465.06,SGD
PAY0005657,ORD0005657,2026-05-01T10:35:51Z,wallet,success,9701.45,SGD
PAY0005658,ORD0005658,2026-01-10T22:01:45Z,card,success,16578.36,SGD
PAY0005659,ORD0005659,2026-01-31T19:11:17Z,paypal,refunded,8719.54,SGD
PAY0005660,ORD0005660,2026-01-03T03:54:57Z,wallet,success,6515.64,SGD
PAY0005661,ORD0005661,2026-01-17T20:15:48Z,card,success,7282.11,SGD
PAY0005662,ORD0005662,2026-02-01T11:15:23Z,wallet,success,10554.96,SGD
PAY0005663,ORD0005663,2026-03-10T05:06:44Z,wallet,success,5790.13,SGD
PAY0005664,ORD0005664,2026-03-16T18:26:27Z,bank_transfer,failed,7922.98,SGD
PAY0005665,ORD0005665,2026-01-01T16:19:34Z,card,success,3467.53,SGD
PAY0005666,ORD0005666,2026-01-20T10:57:02Z,wallet,success,209.38,SGD
PAY0005667,ORD0005667,2026-04-18T14:05:38Z,wallet,refunded,10339.67,SGD
PAY0005668,ORD0005668,2026-03-01T23:50:04Z,paypal,success,16405.9,SGD
PAY0005669,ORD0005669,2026-02-01T23:21:06Z,wallet,success,11102.5,SGD
PAY0005670,ORD0005670,2026-02-13T00:44:11Z,paypal,success,9064.77,SGD
PAY0005671,ORD0005671,2026-01-04T13:30:15Z,wallet,success,1913.09,SGD
PAY0005672,ORD0005672,2026-02-06T16:57:02Z,bank_transfer,failed,1875.54,SGD
PAY0005673,ORD0005673,2026-05-22T13:06:03Z,paypal,success,10602.54,SGD
PAY0005674,ORD0005674,2026-02-26T09:46:23Z,card,success,10258.04,SGD
PAY0005675,ORD0005675,2026-05-01T07:45:06Z,bank_transfer,refunded,6208.66,SGD
PAY0005676,ORD0005676,2026-03-04T05:29:12Z,paypal,success,13052.76,SGD
PAY0005677,ORD0005677,2026-03-10T07:54:08Z,wallet,success,2154.26,SGD
PAY0005678,ORD0005678,2026-03-13T08:57:10Z,wallet,success,5878.0,SGD
PAY0005679,ORD0005679,2026-04-23T06:54:03Z,bank_transfer,success,9501.9,SGD
PAY0005680,ORD0005680,2026-03-17T10:43:00Z,bank_transfer,success,19293.0,SGD
PAY0005681,ORD0005681,2026-03-02T13:30:38Z,card,failed,5510.07,SGD
PAY0005682,ORD0005682,2026-02-19T12:11:24Z,card,success,10842.4,SGD
PAY0005683,ORD0005683,2026-01-06T18:01:19Z,paypal,success,8409.55,SGD
PAY0005684,ORD0005684,2026-04-30T04:46:56Z,wallet,success,13814.72,SGD
PAY0005685,ORD0005685,2026-04-27T02:02:49Z,wallet,success,9475.83,SGD
PAY0005686,ORD0005686,2026-01-21T08:45:07Z,paypal,success,14766.22,SGD
PAY0005687,ORD0005687,2026-01-16T01:50:31Z,card,success,5281.4,SGD
PAY0005688,ORD0005688,2026-01-13T06:35:34Z,bank_transfer,failed,12033.64,SGD
PAY0005689,ORD0005689,2026-05-05T12:00:43Z,bank_transfer,failed,1811.15,SGD
PAY0005690,ORD0005690,2026-04-08T08:16:56Z,wallet,success,5730.28,SGD
PAY0005691,ORD0005691,2026-02-17T00:00:18Z,bank_transfer,refunded,9382.33,SGD
PAY0005692,ORD0005692,2026-03-28T02:18:11Z,bank_transfer,success,4194.53,SGD
PAY0005693,ORD0005693,2026-03-14T04:32:19Z,paypal,success,11606.68,SGD
PAY0005694,ORD0005694,2026-03-21T00:00:57Z,bank_transfer,refunded,3569.72,SGD
PAY0005695,ORD0005695,2026-01-24T19:46:00Z,paypal,success,5682.18,SGD
PAY0005696,ORD0005696,2026-01-23T19:23:56Z,card,success,6837.05,SGD
PAY0005697,ORD0005697,2026-03-30T01:37:39Z,wallet,success,14130.38,SGD
PAY0005698,ORD0005698,2026-01-26T04:08:17Z,card,success,17576.28,SGD
PAY0005699,ORD0005699,2026-01-02T17:25:23Z,bank_transfer,success,4581.0,SGD
PAY0005700,ORD0005700,2026-04-11T12:57:21Z,wallet,refunded,8402.34,SGD
PAY0005701,ORD0005701,2026-02-04T15:54:07Z,wallet,pending,5957.09,SGD
PAY0005702,ORD0005702,2026-05-09T12:12:51Z,paypal,success,8374.66,SGD
PAY0005703,ORD0005703,2026-01-26T14:22:43Z,bank_transfer,success,2636.13,SGD
PAY0005704,ORD0005704,2026-03-21T16:04:32Z,paypal,failed,10208.34,SGD
PAY0005705,ORD0005705,2026-03-11T22:57:22Z,bank_transfer,success,15908.71,SGD
PAY0005706,ORD0005706,2026-01-27T21:22:12Z,card,refunded,8515.34,SGD
PAY0005707,ORD0005707,2026-03-15T12:30:16Z,wallet,success,4585.77,SGD
PAY0005708,ORD0005708,2026-01-11T18:18:35Z,card,success,6817.02,SGD
PAY0005709,ORD0005709,2026-05-04T22:45:23Z,wallet,success,13493.08,SGD
PAY0005710,ORD0005710,2026-05-13T11:58:24Z,paypal,failed,7018.97,SGD
PAY0005711,ORD0005711,2026-04-18T07:27:23Z,paypal,success,4552.72,SGD
PAY0005712,ORD0005712,2026-02-03T02:01:36Z,card,success,6898.05,SGD
PAY0005713,ORD0005713,2026-03-04T05:49:52Z,paypal,success,2249.74,SGD
PAY0005714,ORD0005714,2026-02-13T19:57:55Z,card,success,2105.37,SGD
PAY0005715,ORD0005715,2026-04-16T12:52:43Z,card,refunded,11014.97,SGD
PAY0005716,ORD0005716,2026-03-18T18:06:14Z,paypal,success,17974.26,SGD
PAY0005717,ORD0005717,2026-05-05T22:13:56Z,paypal,success,5499.37,SGD
PAY0005718,ORD0005718,2026-02-28T15:23:00Z,paypal,success,10123.74,SGD
PAY0005719,ORD0005719,2026-02-21T05:12:40Z,paypal,success,5182.73,SGD
PAY0005720,ORD0005720,2026-01-07T05:46:52Z,paypal,success,10505.63,SGD
PAY0005721,ORD0005721,2026-05-23T14:50:24Z,paypal,success,-4970.97,SGD
PAY0005722,ORD0005722,2026-05-05T02:50:59Z,bank_transfer,pending,15768.43,SGD
PAY0005723,ORD0005723,2026-04-05T12:53:31Z,wallet,success,6087.29,SGD
PAY0005724,ORD0005724,2026-04-25T13:38:55Z,paypal,success,11013.96,SGD
PAY0005725,ORD0005725,2026-05-12T03:06:47Z,card,success,11966.17,SGD
PAY0005726,ORD0005726,2026-04-29T21:37:19Z,card,success,11464.8,SGD
PAY0005727,ORD0005727,2026-02-24T08:34:34Z,bank_transfer,refunded,2605.41,SGD
PAY0005728,ORD0005728,2026-05-08T15:51:21Z,paypal,success,12814.0,SGD
PAY0005729,ORD0005729,2026-05-22T05:13:35Z,bank_transfer,pending,901.37,SGD
PAY0005730,ORD0005730,2026-05-15T16:30:59Z,wallet,pending,6732.99,SGD
PAY0005731,ORD0005731,2026-02-27T17:23:51Z,bank_transfer,success,7654.13,SGD
PAY0005732,ORD0005732,2026-01-04T14:09:24Z,card,success,3710.54,SGD
PAY0005733,ORD0005733,2026-02-11T15:38:33Z,paypal,success,7129.43,SGD
PAY0005734,ORD0005734,2026-02-08T01:48:00Z,wallet,refunded,2332.04,SGD
PAY0005735,ORD0005735,2026-03-13T18:19:25Z,card,success,9599.48,SGD
PAY0005736,ORD0005736,2026-05-19T03:19:04Z,wallet,refunded,2440.4,SGD
PAY0005737,ORD0005737,2026-04-30T17:18:02Z,paypal,success,8563.47,SGD
PAY0005738,ORD0005738,2026-04-04T09:52:44Z,paypal,failed,5657.88,SGD
PAY0005739,ORD0005739,2026-05-17T01:20:57Z,wallet,success,11742.0,SGD
PAY0005740,ORD0005740,2026-03-31T08:49:44Z,bank_transfer,refunded,16696.88,SGD
PAY0005741,ORD0005741,2026-03-18T08:45:46Z,card,refunded,1690.53,SGD
PAY0005742,ORD0005742,2026-02-19T20:31:53Z,paypal,success,5157.59,SGD
PAY0005743,ORD0005743,2026-05-10T22:09:28Z,bank_transfer,success,12293.95,SGD
PAY0005744,ORD0005744,2026-04-07T01:21:21Z,card,success,4419.18,SGD
PAY0005745,ORD0005745,2026-02-04T22:54:41Z,card,success,6752.75,SGD
PAY0005746,ORD0005746,2026-01-14T10:17:12Z,wallet,success,10886.27,SGD
PAY0005747,ORD0005747,2026-01-31T20:14:58Z,wallet,success,10094.49,SGD
PAY0005748,ORD0005748,2026-01-06T04:41:31Z,card,success,11074.96,SGD
PAY0005749,ORD0005749,2026-01-12T20:00:59Z,paypal,failed,18290.39,SGD
PAY0005750,ORD0005750,2026-03-25T00:08:40Z,paypal,success,8553.06,SGD
PAY0005751,ORD0005751,2026-02-07T13:27:15Z,bank_transfer,failed,1848.44,SGD
PAY0005752,ORD0005752,2026-04-16T14:47:30Z,card,success,1713.56,SGD
PAY0005753,ORD0005753,2026-02-15T22:02:48Z,wallet,success,10071.23,SGD
PAY0005754,ORD0005754,2026-02-05T15:50:39Z,paypal,success,10317.6,SGD
PAY0005755,ORD0005755,2026-04-03T05:55:02Z,bank_transfer,failed,8941.04,SGD
PAY0005756,ORD0005756,2026-04-04T15:50:44Z,wallet,success,9575.77,SGD
PAY0005757,ORD0005757,2026-01-15T18:50:44Z,bank_transfer,refunded,13470.65,SGD
PAY0005758,ORD0005758,2026-01-02T03:50:23Z,wallet,refunded,12844.06,SGD
PAY0005759,ORD0005759,2026-04-19T21:38:54Z,wallet,success,3725.17,SGD
PAY0005760,ORD0005760,2026-01-06T16:51:46Z,wallet,success,987.9,SGD
PAY0005761,ORD0005761,2026-01-17T01:49:00Z,bank_transfer,success,5880.29,SGD
PAY0005762,ORD0005762,2026-03-17T13:12:57Z,wallet,success,3516.89,SGD
PAY0005763,ORD0005763,2026-03-23T10:53:16Z,wallet,success,14726.26,SGD
PAY0005764,ORD0005764,2026-02-02T15:54:13Z,bank_transfer,success,4291.61,SGD
PAY0005765,ORD0005765,2026-01-31T11:47:28Z,bank_transfer,failed,2154.26,SGD
PAY0005766,ORD0005766,2026-03-23T09:52:12Z,card,success,12649.19,SGD
PAY0005767,ORD0005767,2026-04-29T08:48:46Z,card,success,16892.36,SGD
PAY0005768,ORD0005768,2026-05-07T20:45:51Z,wallet,success,17915.17,SGD
PAY0005769,ORD0005769,2026-05-21T05:01:37Z,wallet,success,14623.36,SGD
PAY0005770,ORD0005770,2026-02-26T08:19:16Z,paypal,refunded,9955.22,SGD
PAY0005771,ORD0005771,2026-03-31T17:07:17Z,paypal,success,9978.0,SGD
PAY0005772,ORD0005772,2026-03-07T23:46:51Z,card,refunded,4315.56,SGD
PAY0005773,ORD0005773,2026-01-31T10:52:22Z,bank_transfer,success,13707.88,SGD
PAY0005774,ORD0005774,2026-01-03T15:56:33Z,wallet,failed,13183.25,SGD
PAY0005775,ORD0005775,2026-04-05T05:25:34Z,card,success,6754.6,SGD
PAY0005776,ORD0005776,2026-04-16T12:50:11Z,wallet,success,10985.72,SGD
PAY0005777,ORD0005777,2026-02-10T13:41:44Z,wallet,pending,5245.97,SGD
PAY0005778,ORD0005778,2026-01-03T22:28:45Z,wallet,success,9364.95,SGD
PAY0005779,ORD0005779,2026-01-16T13:57:19Z,card,pending,13705.31,SGD
PAY0005780,ORD0005780,2026-05-05T02:57:47Z,wallet,success,8726.54,SGD
PAY0005781,ORD0005781,2026-03-11T06:45:43Z,bank_transfer,success,2948.52,SGD
PAY0005782,ORD0005782,2026-03-22T17:38:48Z,bank_transfer,success,4323.39,SGD
PAY0005783,ORD0005783,2026-01-07T12:38:52Z,card,success,2948.52,SGD
PAY0005784,ORD0005784,2026-03-14T17:55:22Z,paypal,success,6535.02,SGD
PAY0005785,ORD0005785,2026-01-07T12:00:55Z,wallet,failed,11483.77,SGD
PAY0005786,ORD0005786,2026-02-04T21:39:14Z,card,failed,14292.39,SGD
PAY0005787,ORD0005787,2026-03-04T04:21:39Z,paypal,failed,9113.12,SGD
PAY0005788,ORD0005788,2026-03-20T15:41:35Z,paypal,success,6673.35,SGD
PAY0005789,ORD0005789,2026-05-06T02:14:31Z,paypal,success,15583.86,SGD
PAY0005790,ORD0005790,2026-04-03T16:46:16Z,paypal,refunded,9989.91,SGD
PAY0005791,ORD0005791,2026-04-15T23:14:21Z,paypal,success,8220.39,SGD
PAY0005792,ORD0005792,2026-03-04T13:26:36Z,card,success,3888.47,SGD
PAY0005793,ORD0005793,2026-03-17T18:06:49Z,bank_transfer,success,14200.35,SGD
PAY0005794,ORD0005794,2026-03-19T07:04:39Z,card,success,1824.9,SGD
PAY0005795,ORD0005795,2026-05-19T13:10:29Z,bank_transfer,success,4970.97,SGD
PAY0005796,ORD0005796,2026-02-09T02:05:31Z,wallet,failed,9011.12,SGD
PAY0005797,ORD0005797,2026-04-12T04:33:14Z,paypal,success,5595.62,SGD
PAY0005798,ORD0005798,2026-02-25T11:39:51Z,bank_transfer,success,10848.28,SGD
PAY0005799,ORD0005799,2026-03-26T10:47:05Z,card,success,7517.35,SGD
PAY0005800,ORD0005800,2026-04-21T06:05:21Z,bank_transfer,success,4617.84,SGD
PAY0005801,ORD0005801,2026-01-04T19:22:17Z,wallet,success,5421.38,SGD
PAY0005802,ORD0005802,2026-01-03T14:13:08Z,bank_transfer,success,11001.83,SGD
PAY0005803,ORD0005803,2026-03-22T10:17:27Z,bank_transfer,success,5732.43,SGD
PAY0005804,ORD0005804,2026-02-01T11:48:17Z,paypal,success,2008.62,SGD
PAY0005805,ORD0005805,2026-02-09T03:39:59Z,bank_transfer,success,2551.97,SGD
PAY0005806,ORD0005806,2026-04-26T01:19:54Z,wallet,success,8773.04,SGD
PAY0005807,ORD0005807,2026-04-14T01:33:17Z,card,success,1126.45,SGD
PAY0005808,ORD0005808,2026-05-13T11:43:57Z,paypal,success,4285.24,SGD
PAY0005809,ORD0005809,2026-03-18T23:38:36Z,card,success,12717.74,SGD
PAY0005810,ORD0005810,2026-01-26T15:32:50Z,bank_transfer,success,7886.15,SGD
PAY0005811,ORD0005811,2026-02-03T15:15:58Z,bank_transfer,success,8745.91,SGD
PAY0005812,ORD0005812,2026-02-24T10:23:45Z,bank_transfer,success,8946.72,SGD
PAY0005813,ORD0005813,2026-02-07T10:34:34Z,bank_transfer,pending,2946.43,SGD
PAY0005814,ORD0005814,2026-05-02T06:11:13Z,bank_transfer,refunded,1892.07,SGD
PAY0005815,ORD0005815,2026-01-28T11:07:35Z,bank_transfer,success,19368.74,SGD
PAY0005816,ORD0005816,2026-03-13T00:05:32Z,paypal,refunded,2680.11,SGD
PAY0005817,ORD0005817,2026-05-22T20:26:25Z,paypal,success,2696.88,SGD
PAY0005818,ORD0005818,2026-05-12T17:03:12Z,paypal,pending,12986.6,SGD
PAY0005819,ORD0005819,2026-05-03T16:53:01Z,paypal,success,5150.58,SGD
PAY0005820,ORD0005820,2026-02-26T00:16:58Z,wallet,success,1913.09,SGD
PAY0005821,ORD0005821,2026-02-25T14:49:37Z,wallet,failed,12950.88,SGD
PAY0005822,ORD0005822,2026-02-04T01:31:04Z,wallet,success,7718.7,SGD
PAY0005823,ORD0005823,2026-05-05T22:56:06Z,card,success,5054.09,SGD
PAY0005824,ORD0005824,2026-02-11T17:31:36Z,paypal,refunded,3252.42,SGD
PAY0005825,ORD0005825,2026-01-02T19:42:25Z,bank_transfer,pending,5587.01,SGD
PAY0005826,ORD0005826,2026-04-20T01:13:59Z,card,success,10190.64,SGD
PAY0005827,ORD0005827,2026-03-01T12:33:58Z,wallet,success,930.11,SGD
PAY0005828,ORD0005828,2026-02-18T07:35:27Z,bank_transfer,success,10964.56,SGD
PAY0005829,ORD0005829,2026-05-16T08:37:57Z,wallet,success,2007.3,SGD
PAY0005830,ORD0005830,2026-04-13T21:31:13Z,paypal,success,5515.55,SGD
PAY0005831,ORD0005831,2026-03-24T08:25:49Z,card,success,10680.29,SGD
PAY0005832,ORD0005832,2026-01-17T14:29:54Z,bank_transfer,success,8753.83,SGD
PAY0005833,ORD0005833,2026-01-24T13:05:11Z,card,success,1326.76,SGD
PAY0005834,ORD0005834,2026-01-09T10:08:20Z,bank_transfer,success,12089.17,SGD
PAY0005835,ORD0005835,2026-03-20T13:14:51Z,wallet,success,10182.24,SGD
PAY0005836,ORD0005836,2026-03-10T06:24:43Z,bank_transfer,success,16790.55,SGD
PAY0005837,ORD0005837,2026-01-28T12:32:38Z,bank_transfer,failed,2732.65,SGD
PAY0005838,ORD0005838,2026-03-11T21:03:50Z,bank_transfer,success,5160.94,SGD
PAY0005839,ORD0005839,2026-03-11T01:35:17Z,paypal,success,8373.61,SGD
PAY0005840,ORD0005840,2026-02-25T21:33:46Z,bank_transfer,success,6181.89,SGD
PAY0005841,ORD0005841,2026-04-07T21:36:50Z,card,success,17239.83,SGD
PAY0005842,ORD0005842,2026-01-29T11:40:19Z,card,success,4486.04,SGD
PAY0005843,ORD0005843,2026-05-23T02:10:25Z,paypal,success,7219.86,SGD
PAY0005844,ORD0005844,2026-05-20T07:18:48Z,paypal,refunded,5267.98,SGD
PAY0005845,ORD0005845,2026-05-03T05:42:59Z,card,refunded,10212.3,SGD
PAY0005846,ORD0005846,2026-04-06T12:24:52Z,wallet,success,14566.08,SGD
PAY0005847,ORD0005847,2026-01-25T16:07:22Z,paypal,success,12367.68,SGD
PAY0005848,ORD0005848,2026-01-16T06:31:37Z,wallet,success,5330.31,SGD
PAY0005849,ORD0005849,2026-04-12T06:34:44Z,wallet,success,19354.56,SGD
PAY0005850,ORD0005850,2026-01-25T12:54:14Z,paypal,success,16727.13,SGD
PAY0005851,ORD0005851,2026-05-06T20:58:13Z,paypal,success,4620.69,SGD
PAY0005852,ORD0005852,2026-01-19T19:49:46Z,wallet,success,9385.7,SGD
PAY0005853,ORD0005853,2026-01-14T01:48:50Z,wallet,failed,7470.45,SGD
PAY0005854,ORD0005854,2026-04-07T10:40:16Z,wallet,pending,6045.39,SGD
PAY0005855,ORD0005855,2026-03-08T02:33:14Z,paypal,success,4883.82,SGD
PAY0005856,ORD0005856,2026-02-28T03:56:23Z,card,success,10294.07,SGD
PAY0005857,ORD0005857,2026-01-12T04:16:49Z,bank_transfer,success,11291.87,SGD
PAY0005858,ORD0005858,2026-01-04T03:52:49Z,paypal,success,5268.36,SGD
PAY0005859,ORD0005859,2026-01-04T21:28:20Z,wallet,refunded,7690.08,SGD
PAY0005860,ORD0005860,2026-01-19T11:38:22Z,wallet,success,5299.49,SGD
PAY0005861,ORD0005861,2026-03-11T11:51:52Z,wallet,success,1353.26,SGD
PAY0005862,ORD0005862,2026-03-22T00:07:25Z,bank_transfer,success,3847.64,SGD
PAY0005863,ORD0005863,2026-04-17T12:38:29Z,paypal,success,1144.17,SGD
PAY0005864,ORD0005864,2026-02-15T11:29:11Z,card,success,3762.24,SGD
PAY0005865,ORD0005865,2026-04-14T08:51:11Z,card,success,11646.49,SGD
PAY0005866,ORD0005866,2026-03-28T04:22:58Z,bank_transfer,success,11625.0,SGD
PAY0005867,ORD0005867,2026-03-07T05:08:06Z,wallet,success,10456.48,SGD
PAY0005868,ORD0005868,2026-04-25T08:20:17Z,card,success,10365.93,SGD
PAY0005869,ORD0005869,2026-03-22T18:50:34Z,paypal,success,3171.94,SGD
PAY0005870,ORD0005870,2026-03-06T11:33:22Z,bank_transfer,success,8040.56,SGD
PAY0005871,ORD0005871,2026-03-30T16:12:06Z,wallet,success,6178.08,SGD
PAY0005872,ORD0005872,2026-02-01T08:24:02Z,wallet,success,2542.01,SGD
PAY0005873,ORD0005873,2026-05-07T11:50:19Z,card,refunded,10998.6,SGD
PAY0005874,ORD0005874,2026-05-14T10:10:17Z,wallet,pending,7086.2,SGD
PAY0005875,ORD0005875,2026-05-23T12:57:01Z,bank_transfer,success,1620.62,SGD
PAY0005876,ORD0005876,2026-01-10T06:03:50Z,wallet,success,6831.81,SGD
PAY0005877,ORD0005877,2026-02-10T21:31:20Z,wallet,success,1772.51,SGD
PAY0005878,ORD0005878,2026-04-16T11:52:43Z,paypal,success,9396.91,SGD
PAY0005879,ORD0005879,2026-01-14T18:30:50Z,bank_transfer,refunded,10770.17,SGD
PAY0005880,ORD0005880,2026-05-16T04:49:19Z,paypal,success,15242.16,SGD
PAY0005881,ORD0005881,2026-03-19T05:31:14Z,paypal,success,15594.67,SGD
PAY0005882,ORD0005882,2026-01-22T20:26:34Z,wallet,success,5147.01,SGD
PAY0005883,ORD0005883,2026-05-12T01:15:37Z,wallet,pending,11650.77,SGD
PAY0005884,ORD0005884,2026-03-24T10:14:05Z,wallet,success,7408.06,SGD
PAY0005885,ORD0005885,2026-03-13T00:30:20Z,card,pending,3599.22,SGD
PAY0005886,ORD0005886,2026-03-06T06:34:20Z,card,success,7331.54,SGD
PAY0005887,ORD0005887,2026-03-19T21:32:37Z,card,success,10774.53,SGD
PAY0005888,ORD0005888,2026-02-02T15:29:41Z,card,success,12151.23,SGD
PAY0005889,ORD0005889,2026-05-23T04:12:57Z,wallet,success,1441.31,SGD
PAY0005890,ORD0005890,2026-02-25T15:48:41Z,card,refunded,17814.92,SGD
PAY0005891,ORD0005891,2026-05-23T11:18:25Z,paypal,success,9525.09,SGD
PAY0005892,ORD0005892,2026-03-26T21:17:46Z,card,pending,11992.18,SGD
PAY0005893,ORD0005893,2026-01-23T08:10:57Z,wallet,pending,11956.75,SGD
PAY0005894,ORD0005894,2026-02-14T08:00:45Z,wallet,refunded,9694.01,SGD
PAY0005895,ORD0005895,2026-05-16T16:07:54Z,bank_transfer,success,7338.49,SGD
PAY0005896,ORD0005896,2026-01-06T14:35:07Z,bank_transfer,success,10593.89,SGD
PAY0005897,ORD0005897,2026-03-31T10:09:55Z,paypal,success,13641.88,SGD
PAY0005898,ORD0005898,2026-01-06T17:54:03Z,wallet,success,13035.35,SGD
PAY0005899,ORD0005899,2026-02-04T17:45:49Z,bank_transfer,success,4476.18,SGD
PAY0005900,ORD0005900,2026-03-26T10:58:30Z,card,refunded,3318.97,SGD
PAY0005901,ORD0005901,2026-01-04T15:45:06Z,paypal,success,6429.31,SGD
PAY0005902,ORD0005902,2026-03-11T23:13:47Z,bank_transfer,success,21933.14,SGD
PAY0005903,ORD0005903,2026-04-11T16:13:31Z,wallet,success,6888.38,SGD
PAY0005904,ORD0005904,2026-04-27T23:19:01Z,wallet,success,4204.12,SGD
PAY0005905,ORD0005905,2026-02-13T20:52:06Z,card,success,7018.67,SGD
PAY0005906,ORD0005906,2026-04-11T16:32:08Z,paypal,refunded,7874.65,SGD
PAY0005907,ORD0005907,2026-03-14T13:53:24Z,card,success,15405.85,SGD
PAY0005908,ORD0005908,2026-02-17T14:15:21Z,bank_transfer,refunded,3936.01,SGD
PAY0005909,ORD0005909,2026-03-27T09:07:46Z,wallet,success,20661.25,SGD
PAY0005910,ORD0005910,2026-03-17T22:57:46Z,card,success,6035.59,SGD
PAY0005911,ORD0005911,2026-03-14T01:45:12Z,card,success,14772.06,SGD
PAY0005912,ORD0005912,2026-02-12T10:55:46Z,paypal,success,563.51,SGD
PAY0005913,ORD0005913,2026-04-16T17:57:44Z,wallet,success,8277.87,SGD
PAY0005914,ORD0005914,2026-03-03T15:45:19Z,bank_transfer,success,12510.24,SGD
PAY0005915,ORD0005915,2026-05-01T06:26:25Z,bank_transfer,success,3969.5,SGD
PAY0005916,ORD0005916,2026-01-12T00:48:16Z,bank_transfer,success,12094.74,SGD
PAY0005917,ORD0005917,2026-05-21T10:06:03Z,wallet,success,1736.26,SGD
PAY0005918,ORD0005918,2026-05-17T06:16:00Z,paypal,refunded,10898.07,SGD
PAY0005919,ORD0005919,2026-01-02T09:43:37Z,paypal,success,10581.9,SGD
PAY0005920,ORD0005920,2026-01-05T17:34:00Z,card,success,2731.56,SGD
PAY0005921,ORD0005921,2026-02-21T21:09:23Z,bank_transfer,refunded,4422.78,SGD
PAY0005922,ORD0005922,2026-05-21T15:22:18Z,wallet,pending,8303.88,SGD
PAY0005923,ORD0005923,2026-03-21T23:38:43Z,bank_transfer,success,12175.47,SGD
PAY0005924,ORD0005924,2026-01-03T18:42:59Z,bank_transfer,success,533.7,SGD
PAY0005925,ORD0005925,2026-02-08T09:27:20Z,wallet,success,13609.91,SGD
PAY0005926,ORD0005926,2026-04-07T23:00:28Z,wallet,pending,7829.99,SGD
PAY0005927,ORD0005927,2026-01-22T15:33:46Z,card,refunded,3242.36,SGD
PAY0005928,ORD0005928,2026-01-30T10:17:16Z,paypal,failed,2783.71,SGD
PAY0005929,ORD0005929,2026-05-12T09:55:06Z,wallet,success,9856.98,SGD
PAY0005930,ORD0005930,2026-01-02T10:53:41Z,paypal,success,9371.03,SGD
PAY0005931,ORD0005931,2026-05-24T19:27:46Z,card,refunded,13192.49,SGD
PAY0005932,ORD0005932,2026-02-22T08:02:39Z,wallet,success,5231.64,SGD
PAY0005933,ORD0005933,2026-04-07T08:34:52Z,paypal,success,12115.35,SGD
PAY0005934,ORD0005934,2026-05-11T04:09:34Z,wallet,success,8567.9,SGD
PAY0005935,ORD0005935,2026-01-19T06:04:22Z,bank_transfer,success,12409.79,SGD
PAY0005936,ORD0005936,2026-02-16T14:31:27Z,card,success,1144.86,SGD
PAY0005937,ORD0005937,2026-02-28T10:46:19Z,card,success,3567.89,SGD
PAY0005938,ORD0005938,2026-01-31T15:31:15Z,paypal,success,11937.99,SGD
PAY0005939,ORD0005939,2026-03-25T01:55:34Z,paypal,success,15768.55,SGD
PAY0005940,ORD0005940,2026-05-18T18:10:20Z,wallet,success,1818.56,SGD
PAY0005941,ORD0005941,2026-01-10T04:21:05Z,wallet,pending,56.43,SGD
PAY0005942,ORD0005942,2026-04-26T01:51:03Z,wallet,pending,5625.8,SGD
PAY0005943,ORD0005943,2026-04-19T08:00:25Z,card,success,10273.6,SGD
PAY0005944,ORD0005944,2026-03-22T22:53:40Z,wallet,success,3259.88,SGD
PAY0005945,ORD0005945,2026-01-17T23:52:18Z,wallet,success,2077.99,SGD
PAY0005946,ORD0005946,2026-02-10T22:53:54Z,card,success,10051.81,SGD
PAY0005947,ORD0005947,2026-01-23T11:59:48Z,paypal,success,6881.01,SGD
PAY0005948,ORD0005948,2026-01-15T10:16:31Z,card,success,2792.12,SGD
PAY0005949,ORD0005949,2026-02-11T17:19:51Z,wallet,success,15349.49,SGD
PAY0005950,ORD0005950,2026-01-11T09:35:16Z,bank_transfer,pending,11723.26,SGD
PAY0005951,ORD0005951,2026-05-19T13:09:00Z,paypal,success,11175.44,SGD
PAY0005952,ORD0005952,2026-02-25T15:39:46Z,paypal,refunded,7284.62,SGD
PAY0005953,ORD0005953,2026-01-09T14:05:11Z,paypal,success,13086.94,SGD
PAY0005954,ORD0005954,2026-03-08T16:34:37Z,paypal,success,4002.04,SGD
PAY0005955,ORD0005955,2026-01-13T06:58:00Z,bank_transfer,success,790.98,SGD
PAY0005956,ORD0005956,2026-04-13T23:43:44Z,bank_transfer,success,4949.58,SGD
PAY0005957,ORD0005957,2026-01-27T14:09:48Z,card,success,20686.11,SGD
PAY0005958,ORD0005958,2026-04-26T08:50:06Z,bank_transfer,success,1837.32,SGD
PAY0005959,ORD0005959,2026-03-05T05:18:40Z,card,success,12614.27,SGD
PAY0005960,ORD0005960,2026-05-22T13:25:53Z,card,pending,8965.36,SGD
PAY0005961,ORD0005961,2026-05-23T22:45:03Z,paypal,success,9057.07,SGD
PAY0005962,ORD0005962,2026-01-19T14:08:39Z,paypal,success,6635.83,SGD
PAY0005963,ORD0005963,2026-01-20T18:33:01Z,card,failed,4910.57,SGD
PAY0005964,ORD0005964,2026-05-05T11:44:30Z,bank_transfer,pending,2015.13,SGD
PAY0005965,ORD0005965,2026-05-18T15:58:19Z,wallet,success,10211.17,SGD
PAY0005966,ORD0005966,2026-05-11T08:40:16Z,bank_transfer,failed,16686.08,SGD
PAY0005967,ORD0005967,2026-02-01T02:18:12Z,bank_transfer,success,4998.72,SGD
PAY0005968,ORD0005968,2026-03-17T06:48:22Z,bank_transfer,failed,4634.22,SGD
PAY0005969,ORD0005969,2026-05-05T19:07:55Z,paypal,success,6544.41,SGD
PAY0005970,ORD0005970,2026-03-13T05:46:02Z,card,refunded,11066.52,SGD
PAY0005971,ORD0005971,2026-05-02T02:22:45Z,card,success,9655.62,SGD
PAY0005972,ORD0005972,2026-05-11T17:46:57Z,paypal,success,2227.33,SGD
PAY0005973,ORD0005973,2026-01-04T22:19:56Z,card,success,10941.06,SGD
PAY0005974,ORD0005974,2026-04-21T22:51:27Z,wallet,refunded,16950.29,SGD
PAY0005975,ORD0005975,2026-01-12T13:08:40Z,paypal,success,11278.04,SGD
PAY0005976,ORD0005976,2026-04-11T00:44:25Z,card,success,8730.9,SGD
PAY0005977,ORD0005977,2026-03-18T13:45:31Z,card,success,6072.65,SGD
PAY0005978,ORD0005978,2026-02-13T20:22:08Z,card,success,11158.98,SGD
PAY0005979,ORD0005979,2026-04-11T23:08:14Z,bank_transfer,failed,12539.28,SGD
PAY0005980,ORD0005980,2026-02-02T10:49:06Z,card,success,7313.68,SGD
PAY0005981,ORD0005981,2026-05-15T21:57:54Z,card,success,39.28,SGD
PAY0005982,ORD0005982,2026-02-05T03:05:20Z,paypal,success,9645.48,SGD
PAY0005983,ORD0005983,2026-01-20T07:54:22Z,card,failed,9299.83,SGD
PAY0005984,ORD0005984,2026-02-15T19:11:32Z,paypal,failed,11557.75,SGD
PAY0005985,ORD0005985,2026-02-24T11:03:45Z,paypal,failed,5863.38,SGD
PAY0005986,ORD0005986,2026-02-09T06:33:48Z,bank_transfer,success,9109.64,SGD
PAY0005987,ORD0005987,2026-02-15T04:06:11Z,bank_transfer,success,10664.93,SGD
PAY0005988,ORD0005988,2026-03-09T10:31:26Z,paypal,success,11371.44,SGD
PAY0005989,ORD0005989,2026-01-22T13:17:22Z,paypal,success,4581.0,SGD
PAY0005990,ORD0005990,2026-05-09T13:24:20Z,paypal,success,2867.72,SGD
PAY0005991,ORD0005991,2026-01-21T09:57:36Z,paypal,success,8928.84,SGD
PAY0005992,ORD0005992,2026-03-14T11:20:06Z,card,success,6320.98,SGD
PAY0005993,ORD0005993,2026-02-07T00:07:03Z,bank_transfer,success,10922.64,SGD
PAY0005994,ORD0005994,2026-03-18T14:00:18Z,wallet,success,641.69,SGD
PAY0005995,ORD0005995,2026-03-05T20:23:59Z,paypal,pending,4732.07,SGD
PAY0005996,ORD0005996,2026-01-30T00:30:54Z,paypal,success,975.58,SGD
PAY0005997,ORD0005997,2026-04-07T13:46:56Z,paypal,success,4863.57,SGD
PAY0005998,ORD0005998,2026-03-19T17:39:43Z,wallet,success,14672.08,SGD
PAY0005999,ORD0005999,2026-04-30T01:16:03Z,card,failed,15820.49,SGD
PAY0006000,ORD0006000,2026-03-17T16:37:34Z,wallet,success,4524.02,SGD
PAY0006001,ORD0006001,2026-03-22T08:11:58Z,wallet,success,56.43,SGD
PAY0006002,ORD0006002,2026-03-21T14:06:18Z,wallet,success,13164.61,SGD
PAY0006003,ORD0006003,2026-01-28T17:11:57Z,card,success,8934.53,SGD
PAY0006004,ORD0006004,2026-02-04T16:49:01Z,card,success,5622.47,SGD
PAY0006005,ORD0006005,2026-01-20T16:27:28Z,bank_transfer,success,10518.42,SGD
PAY0006006,ORD0006006,2026-03-19T22:03:00Z,card,success,1608.82,SGD
PAY0006007,ORD0006007,2026-05-18T15:04:14Z,paypal,success,13626.52,SGD
PAY0006008,ORD0006008,2026-01-22T02:20:22Z,wallet,refunded,13881.33,SGD
PAY0006009,ORD0006009,2026-02-12T17:13:53Z,bank_transfer,success,1951.16,SGD
PAY0006010,ORD0006010,2026-02-28T02:48:09Z,wallet,success,10807.09,SGD
PAY0006011,ORD0006011,2026-05-10T07:26:42Z,wallet,success,8262.89,SGD
PAY0006012,ORD0006012,2026-03-21T22:34:00Z,card,success,9062.52,SGD
PAY0006013,ORD0006013,2026-04-06T03:16:49Z,paypal,success,8155.72,SGD
PAY0006014,ORD0006014,2026-03-29T22:56:41Z,bank_transfer,success,7614.84,SGD
PAY0006015,ORD0006015,2026-04-08T05:37:54Z,bank_transfer,pending,2167.05,SGD
PAY0006016,ORD0006016,2026-04-16T16:02:46Z,bank_transfer,refunded,5517.68,SGD
PAY0006017,ORD0006017,2026-05-05T14:18:03Z,paypal,failed,10991.16,SGD
PAY0006018,ORD0006018,2026-01-08T19:13:17Z,wallet,success,11831.84,SGD
PAY0006019,ORD0006019,2026-01-17T05:50:05Z,paypal,success,9229.59,SGD
PAY0006020,ORD0006020,2026-03-20T08:31:28Z,wallet,success,14291.16,SGD
PAY0006021,ORD0006021,2026-05-01T23:22:31Z,paypal,pending,4122.04,SGD
PAY0006022,ORD0006022,2026-03-20T16:58:01Z,card,success,4880.16,SGD
PAY0006023,ORD0006023,2026-01-11T19:04:03Z,wallet,refunded,9213.27,SGD
PAY0006024,ORD0006024,2026-03-17T10:54:03Z,wallet,refunded,9547.0,SGD
PAY0006025,ORD0006025,2026-04-08T07:46:15Z,bank_transfer,success,3952.9,SGD
PAY0006026,ORD0006026,2026-02-15T03:03:37Z,paypal,refunded,835.05,SGD
PAY0006027,ORD0006027,2026-03-29T00:55:50Z,card,success,5293.53,SGD
PAY0006028,ORD0006028,2026-05-17T00:15:35Z,card,refunded,10676.16,SGD
PAY0006029,ORD0006029,2026-01-28T09:37:14Z,paypal,success,16816.29,SGD
PAY0006030,ORD0006030,2026-01-05T13:51:52Z,wallet,success,9969.18,SGD
PAY0006031,ORD0006031,2026-03-20T06:42:46Z,bank_transfer,success,4956.94,SGD
PAY0006032,ORD0006032,2026-03-22T18:42:40Z,bank_transfer,refunded,12921.42,SGD
PAY0006033,ORD0006033,2026-05-12T09:16:48Z,wallet,success,5678.04,SGD
PAY0006034,ORD0006034,2026-05-15T11:50:16Z,paypal,success,869.61,SGD
PAY0006035,ORD0006035,2026-04-08T04:38:42Z,wallet,success,11218.87,SGD
PAY0006036,ORD0006036,2026-04-20T23:59:50Z,card,success,1906.36,SGD
PAY0006037,ORD0006037,2026-01-19T17:28:57Z,card,success,4021.68,SGD
PAY0006038,ORD0006038,2026-04-30T07:17:38Z,bank_transfer,success,13157.25,SGD
PAY0006039,ORD0006039,2026-05-06T04:25:20Z,paypal,success,7886.22,SGD
PAY0006040,ORD0006040,2026-05-22T20:14:13Z,bank_transfer,success,3640.96,SGD
PAY0006041,ORD0006041,2026-04-06T20:52:38Z,wallet,success,4928.01,SGD
PAY0006042,ORD0006042,2026-02-07T16:09:27Z,bank_transfer,success,10219.02,SGD
PAY0006043,ORD0006043,2026-01-26T21:43:11Z,bank_transfer,success,11186.07,SGD
PAY0006044,ORD0006044,2026-04-17T03:26:43Z,bank_transfer,success,525.76,SGD
PAY0006045,ORD0006045,2026-01-14T00:37:16Z,paypal,success,3332.85,SGD
PAY0006046,ORD0006046,2026-02-24T23:13:01Z,paypal,refunded,13388.25,SGD
PAY0006047,ORD0006047,2026-03-23T13:53:31Z,bank_transfer,success,8728.27,SGD
PAY0006048,ORD0006048,2026-04-03T00:17:42Z,bank_transfer,success,9224.71,SGD
PAY0006049,ORD0006049,2026-03-06T13:09:27Z,card,success,12615.42,SGD
PAY0006050,ORD0006050,2026-03-06T01:12:10Z,paypal,success,2486.74,SGD
PAY0006051,ORD0006051,2026-05-10T18:32:03Z,card,success,8119.09,SGD
PAY0006052,ORD0006052,2026-04-25T16:40:29Z,card,success,769.84,SGD
PAY0006053,ORD0006053,2026-05-10T17:20:42Z,card,success,2764.65,SGD
PAY0006054,ORD0006054,2026-01-04T04:07:42Z,card,success,1601.38,SGD
PAY0006055,ORD0006055,2026-02-23T06:53:36Z,paypal,success,1589.34,SGD
PAY0006056,ORD0006056,2026-03-27T19:06:42Z,paypal,failed,7020.78,SGD
PAY0006057,ORD0006057,2026-05-21T00:06:24Z,wallet,success,2301.63,SGD
PAY0006058,ORD0006058,2026-04-10T15:24:23Z,bank_transfer,success,5188.82,SGD
PAY0006059,ORD0006059,2026-03-12T07:05:44Z,paypal,success,11102.67,SGD
PAY0006060,ORD0006060,2026-01-25T07:11:10Z,paypal,success,404.19,SGD
PAY0006061,ORD0006061,2026-03-19T06:43:05Z,bank_transfer,success,17632.23,SGD
PAY0006062,ORD0006062,2026-01-21T08:10:21Z,bank_transfer,success,10634.75,SGD
PAY0006063,ORD0006063,2026-02-22T11:42:00Z,paypal,success,7340.75,SGD
PAY0006064,ORD0006064,2026-05-01T10:29:07Z,bank_transfer,success,5176.35,SGD
PAY0006065,ORD0006065,2026-04-11T13:36:43Z,paypal,success,12755.43,SGD
PAY0006066,ORD0006066,2026-04-13T13:27:34Z,bank_transfer,success,14515.4,SGD
PAY0006067,ORD0006067,2026-01-07T19:16:01Z,paypal,success,12103.57,SGD
PAY0006068,ORD0006068,2026-01-01T04:58:02Z,paypal,success,9645.38,SGD
PAY0006069,ORD0006069,2026-02-09T09:21:07Z,paypal,refunded,15619.01,SGD
PAY0006070,ORD0006070,2026-05-17T23:28:55Z,card,success,8202.88,SGD
PAY0006071,ORD0006071,2026-04-19T21:49:48Z,paypal,refunded,11766.04,SGD
PAY0006072,ORD0006072,2026-04-05T10:00:30Z,paypal,success,6917.47,SGD
PAY0006073,ORD0006073,2026-03-05T09:20:01Z,paypal,success,4531.33,SGD
PAY0006074,ORD0006074,2026-01-15T05:37:59Z,card,success,4920.57,SGD
PAY0006075,ORD0006075,2026-01-20T21:47:10Z,paypal,success,9481.62,SGD
PAY0006076,ORD0006076,2026-01-19T12:34:26Z,bank_transfer,success,8655.48,SGD
PAY0006077,ORD0006077,2026-02-17T07:14:27Z,wallet,success,5284.07,SGD
PAY0006078,ORD0006078,2026-01-31T17:21:07Z,wallet,success,7023.3,SGD
PAY0006079,ORD0006079,2026-03-07T11:40:31Z,card,success,893.37,SGD
PAY0006080,ORD0006080,2026-01-17T03:35:46Z,bank_transfer,success,11707.16,SGD
PAY0006081,ORD0006081,2026-02-17T00:44:59Z,paypal,success,9562.71,SGD
PAY0006082,ORD0006082,2026-03-10T21:51:17Z,paypal,success,4079.67,SGD
PAY0006083,ORD0006083,2026-04-13T00:56:56Z,bank_transfer,failed,863.22,SGD
PAY0006084,ORD0006084,2026-01-12T02:15:52Z,card,failed,2049.85,SGD
PAY0006085,ORD0006085,2026-04-15T13:26:08Z,paypal,success,5433.45,SGD
PAY0006086,ORD0006086,2026-03-06T20:00:13Z,paypal,success,17094.48,SGD
PAY0006087,ORD0006087,2026-05-02T18:33:45Z,paypal,success,7973.19,SGD
PAY0006088,ORD0006088,2026-01-31T13:23:16Z,bank_transfer,success,3990.8,SGD
PAY0006089,ORD0006089,2026-04-11T11:14:51Z,card,pending,11885.21,SGD
PAY0006090,ORD0006090,2026-03-13T03:44:24Z,wallet,failed,4132.66,SGD
PAY0006091,ORD0006091,2026-02-23T18:18:50Z,bank_transfer,success,8318.16,SGD
PAY0006092,ORD0006092,2026-04-27T11:52:38Z,paypal,failed,8587.24,SGD
PAY0006093,ORD0006093,2026-01-22T02:57:24Z,card,success,1000.58,SGD
PAY0006094,ORD0006094,2026-03-18T17:31:31Z,paypal,success,6902.84,SGD
PAY0006095,ORD0006095,2026-03-18T10:35:52Z,bank_transfer,success,3176.94,SGD
PAY0006096,ORD0006096,2026-05-17T13:04:06Z,paypal,success,7109.58,SGD
PAY0006097,ORD0006097,2026-02-06T01:04:47Z,paypal,success,7692.6,SGD
PAY0006098,ORD0006098,2026-04-15T15:32:32Z,bank_transfer,failed,15107.47,SGD
PAY0006099,ORD0006099,2026-02-24T07:06:13Z,card,success,12174.65,SGD
PAY0006100,ORD0006100,2026-01-08T06:52:26Z,bank_transfer,failed,8928.43,SGD
PAY0006101,ORD0006101,2026-02-06T11:06:33Z,wallet,success,9777.7,SGD
PAY0006102,ORD0006102,2026-03-31T08:35:58Z,bank_transfer,success,24427.83,SGD
PAY0006103,ORD0006103,2026-02-05T11:14:02Z,wallet,success,4317.92,SGD
PAY0006104,ORD0006104,2026-02-28T04:53:59Z,card,failed,8311.1,SGD
PAY0006105,ORD0006105,2026-03-15T21:59:02Z,card,success,11235.48,SGD
PAY0006106,ORD0006106,2026-04-26T04:53:38Z,paypal,success,12169.88,SGD
PAY0006107,ORD0006107,2026-01-04T17:55:43Z,bank_transfer,success,13842.75,SGD
PAY0006108,ORD0006108,2026-02-26T09:38:44Z,wallet,success,7244.3,SGD
PAY0006109,ORD0006109,2026-03-19T13:22:14Z,card,success,12956.27,SGD
PAY0006110,ORD0006110,2026-02-20T17:36:51Z,paypal,success,11226.01,SGD
PAY0006111,ORD0006111,2026-04-06T01:10:56Z,bank_transfer,success,5398.34,SGD
PAY0006112,ORD0006112,2026-05-10T00:22:31Z,paypal,success,4770.0,SGD
PAY0006113,ORD0006113,2026-04-30T09:41:17Z,paypal,success,12894.05,SGD
PAY0006114,ORD0006114,2026-05-12T05:24:30Z,bank_transfer,pending,5290.49,SGD
PAY0006115,ORD0006115,2026-03-15T09:39:09Z,wallet,failed,10093.7,SGD
PAY0006116,ORD0006116,2026-02-27T05:01:02Z,bank_transfer,success,7823.19,SGD
PAY0006117,ORD0006117,2026-03-18T20:51:55Z,paypal,failed,3408.6,SGD
PAY0006118,ORD0006118,2026-05-06T07:44:19Z,paypal,success,11622.66,SGD
PAY0006119,ORD0006119,2026-01-06T08:32:37Z,bank_transfer,pending,4211.7,SGD
PAY0006120,ORD0006120,2026-01-19T15:30:48Z,card,success,11626.22,SGD
PAY0006121,ORD0006121,2026-05-19T10:10:40Z,paypal,success,2518.98,SGD
PAY0006122,ORD0006122,2026-04-24T14:28:57Z,card,success,13621.32,SGD
PAY0006123,ORD0006123,2026-04-18T10:28:45Z,bank_transfer,failed,15816.26,SGD
PAY0006124,ORD0006124,2026-04-01T12:56:32Z,card,success,8388.9,SGD
PAY0006125,ORD0006125,2026-03-24T10:20:21Z,card,refunded,11215.28,SGD
PAY0006126,ORD0006126,2026-05-07T02:01:44Z,paypal,success,7010.03,SGD
PAY0006127,ORD0006127,2026-04-26T13:13:59Z,bank_transfer,success,7374.13,SGD
PAY0006128,ORD0006128,2026-04-12T16:22:20Z,paypal,pending,8696.72,SGD
PAY0006129,ORD0006129,2026-02-14T03:17:02Z,bank_transfer,success,3256.04,SGD
PAY0006130,ORD0006130,2026-05-03T13:15:03Z,card,success,3943.84,SGD
PAY0006131,ORD0006131,2026-02-25T00:18:52Z,wallet,success,1611.35,SGD
PAY0006132,ORD0006132,2026-01-20T17:04:10Z,bank_transfer,pending,9221.47,SGD
PAY0006133,ORD0006133,2026-03-30T10:01:38Z,wallet,success,5309.84,SGD
PAY0006134,ORD0006134,2026-01-13T15:57:55Z,paypal,failed,19012.17,SGD
PAY0006135,ORD0006135,2026-03-25T14:32:56Z,paypal,success,9187.81,SGD
PAY0006136,ORD0006136,2026-05-19T13:59:02Z,paypal,success,251.23,SGD
PAY0006137,ORD0006137,2026-05-12T04:33:28Z,paypal,failed,5419.01,SGD
PAY0006138,ORD0006138,2026-01-21T21:27:29Z,wallet,success,2610.86,SGD
PAY0006139,ORD0006139,2026-02-02T06:51:39Z,paypal,success,9736.0,SGD
PAY0006140,ORD0006140,2026-03-07T05:12:15Z,bank_transfer,pending,4827.22,SGD
PAY0006141,ORD0006141,2026-03-09T06:48:52Z,card,success,11216.98,SGD
PAY0006142,ORD0006142,2026-02-25T10:30:01Z,paypal,success,2722.72,SGD
PAY0006143,ORD0006143,2026-02-03T15:00:47Z,paypal,success,11530.03,SGD
PAY0006144,ORD0006144,2026-04-05T23:05:25Z,paypal,failed,7987.31,SGD
PAY0006145,ORD0006145,2026-03-08T15:35:00Z,paypal,pending,7767.24,SGD
PAY0006146,ORD0006146,2026-05-11T03:03:51Z,wallet,success,10885.87,SGD
PAY0006147,ORD0006147,2026-01-30T17:37:52Z,card,success,5831.65,SGD
PAY0006148,ORD0006148,2026-02-15T21:31:38Z,card,success,19572.88,SGD
PAY0006149,ORD0006149,2026-05-16T05:19:56Z,bank_transfer,success,13053.73,SGD
PAY0006150,ORD0006150,2026-02-25T10:34:12Z,wallet,success,5098.99,SGD
PAY0006151,ORD0006151,2026-04-24T09:02:11Z,paypal,success,11488.21,SGD
PAY0006152,ORD0006152,2026-03-07T23:27:13Z,paypal,refunded,2272.98,SGD
PAY0006153,ORD0006153,2026-01-07T14:24:06Z,wallet,success,3080.12,SGD
PAY0006154,ORD0006154,2026-05-13T00:20:04Z,card,success,8805.2,SGD
PAY0006155,ORD0006155,2026-02-17T05:45:37Z,card,success,11645.06,SGD
PAY0006156,ORD0006156,2026-04-03T21:55:33Z,card,pending,6749.34,SGD
PAY0006157,ORD0006157,2026-03-21T21:16:54Z,bank_transfer,success,2724.4,SGD
PAY0006158,ORD0006158,2026-01-05T14:23:28Z,bank_transfer,success,2814.3,SGD
PAY0006159,ORD0006159,2026-04-23T20:09:40Z,paypal,pending,4464.19,SGD
PAY0006160,ORD0006160,2026-02-21T06:26:07Z,wallet,success,13673.3,SGD
PAY0006161,ORD0006161,2026-03-16T19:23:32Z,wallet,success,6730.53,SGD
PAY0006162,ORD0006162,2026-03-07T14:01:31Z,bank_transfer,success,9176.6,SGD
PAY0006163,ORD0006163,2026-03-08T20:10:02Z,paypal,success,-13840.38,SGD
PAY0006164,ORD0006164,2026-01-22T14:08:32Z,card,success,8502.98,SGD
PAY0006165,ORD0006165,2026-01-12T13:26:37Z,card,success,8175.07,SGD
PAY0006166,ORD0006166,2026-02-06T06:48:41Z,card,success,17294.33,SGD
PAY0006167,ORD0006167,2026-02-20T21:24:37Z,bank_transfer,success,10609.94,SGD
PAY0006168,ORD0006168,2026-02-14T07:42:05Z,paypal,pending,4424.91,SGD
PAY0006169,ORD0006169,2026-04-06T01:21:38Z,card,success,6215.8,SGD
PAY0006170,ORD0006170,2026-02-02T04:40:40Z,bank_transfer,pending,7233.71,SGD
PAY0006171,ORD0006171,2026-02-06T06:52:48Z,wallet,success,16234.25,SGD
PAY0006172,ORD0006172,2026-02-18T05:03:24Z,bank_transfer,success,5885.43,SGD
PAY0006173,ORD0006173,2026-04-04T13:47:11Z,card,success,7460.22,SGD
PAY0006174,ORD0006174,2026-02-04T21:24:13Z,paypal,failed,5526.51,SGD
PAY0006175,ORD0006175,2026-01-05T09:29:17Z,wallet,success,17532.33,SGD
PAY0006176,ORD0006176,2026-03-30T18:31:07Z,paypal,refunded,280.48,SGD
PAY0006177,ORD0006177,2026-03-14T11:15:35Z,wallet,success,4585.8,SGD
PAY0006178,ORD0006178,2026-04-15T09:02:55Z,bank_transfer,success,4582.1,SGD
PAY0006179,ORD0006179,2026-02-20T13:08:34Z,card,success,3472.52,SGD
PAY0006180,ORD0006180,2026-03-06T09:05:57Z,paypal,success,56.43,SGD
PAY0006181,ORD0006181,2026-01-19T16:00:48Z,paypal,success,14071.4,SGD
PAY0006182,ORD0006182,2026-05-11T23:38:06Z,card,success,3109.68,SGD
PAY0006183,ORD0006183,2026-03-07T18:53:54Z,wallet,success,10880.22,SGD
PAY0006184,ORD0006184,2026-02-13T16:44:13Z,bank_transfer,pending,6923.56,SGD
PAY0006185,ORD0006185,2026-05-09T21:23:03Z,bank_transfer,success,12813.34,SGD
PAY0006186,ORD0006186,2026-03-23T10:05:06Z,card,success,269.46,SGD
PAY0006187,ORD0006187,2026-02-25T20:53:54Z,bank_transfer,pending,533.7,SGD
PAY0006188,ORD0006188,2026-02-22T15:27:28Z,wallet,success,10593.34,SGD
PAY0006189,ORD0006189,2026-01-05T22:02:02Z,paypal,success,17805.68,SGD
PAY0006190,ORD0006190,2026-03-04T04:26:06Z,paypal,success,9678.14,SGD
PAY0006191,ORD0006191,2026-04-05T16:54:31Z,bank_transfer,success,20542.22,SGD
PAY0006192,ORD0006192,2026-02-23T01:59:31Z,paypal,success,4737.35,SGD
PAY0006193,ORD0006193,2026-05-20T00:09:13Z,paypal,failed,9311.19,SGD
PAY0006194,ORD0006194,2026-04-30T21:02:34Z,bank_transfer,success,10180.44,SGD
PAY0006195,ORD0006195,2026-01-24T11:51:58Z,paypal,pending,11054.09,SGD
PAY0006196,ORD0006196,2026-03-11T01:15:42Z,wallet,success,5057.31,SGD
PAY0006197,ORD0006197,2026-02-21T17:29:25Z,bank_transfer,success,-14493.75,SGD
PAY0006198,ORD0006198,2026-04-26T08:29:32Z,card,success,4490.72,SGD
PAY0006199,ORD0006199,2026-05-02T13:33:53Z,card,failed,251.23,SGD
PAY0006200,ORD0006200,2026-01-23T01:55:42Z,card,success,7736.88,SGD
PAY0006201,ORD0006201,2026-05-15T22:34:11Z,bank_transfer,success,7661.72,SGD
PAY0006202,ORD0006202,2026-01-24T23:02:38Z,bank_transfer,pending,1957.68,SGD
PAY0006203,ORD0006203,2026-01-21T23:31:12Z,bank_transfer,success,7918.53,SGD
PAY0006204,ORD0006204,2026-01-15T15:17:51Z,bank_transfer,success,3432.5,SGD
PAY0006205,ORD0006205,2026-01-24T12:49:30Z,bank_transfer,success,9386.87,SGD
PAY0006206,ORD0006206,2026-02-13T10:29:44Z,paypal,success,11493.41,SGD
PAY0006207,ORD0006207,2026-04-22T10:09:49Z,paypal,success,7580.98,SGD
PAY0006208,ORD0006208,2026-01-06T08:05:23Z,bank_transfer,success,4552.09,SGD
PAY0006209,ORD0006209,2026-03-31T06:36:59Z,card,success,7114.71,SGD
PAY0006210,ORD0006210,2026-05-24T22:03:13Z,bank_transfer,success,9059.86,SGD
PAY0006211,ORD0006211,2026-02-23T05:22:00Z,wallet,success,6103.44,SGD
PAY0006212,ORD0006212,2026-05-22T11:30:48Z,bank_transfer,success,7339.26,SGD
PAY0006213,ORD0006213,2026-02-18T01:57:26Z,wallet,refunded,2468.08,SGD
PAY0006214,ORD0006214,2026-02-25T23:56:43Z,card,success,1704.3,SGD
PAY0006215,ORD0006215,2026-01-11T01:42:34Z,card,refunded,15272.1,SGD
PAY0006216,ORD0006216,2026-02-15T22:24:55Z,card,success,2056.02,SGD
PAY0006217,ORD0006217,2026-05-09T03:56:21Z,wallet,success,820.86,SGD
PAY0006218,ORD0006218,2026-02-16T12:44:57Z,paypal,success,9856.47,SGD
PAY0006219,ORD0006219,2026-03-20T14:33:07Z,paypal,success,5455.68,SGD
PAY0006220,ORD0006220,2026-01-18T19:00:24Z,paypal,pending,8609.19,SGD
PAY0006221,ORD0006221,2026-01-20T16:50:50Z,paypal,success,4408.86,SGD
PAY0006222,ORD0006222,2026-01-12T06:01:27Z,card,success,12266.98,SGD
PAY0006223,ORD0006223,2026-03-02T23:20:10Z,bank_transfer,failed,5508.11,SGD
PAY0006224,ORD0006224,2026-05-16T11:34:05Z,wallet,success,1675.92,SGD
PAY0006225,ORD0006225,2026-01-06T00:27:23Z,paypal,refunded,4963.53,SGD
PAY0006226,ORD0006226,2026-02-06T01:20:15Z,card,success,14853.99,SGD
PAY0006227,ORD0006227,2026-03-30T12:52:16Z,card,pending,11489.47,SGD
PAY0006228,ORD0006228,2026-03-03T05:49:15Z,card,pending,1281.22,SGD
PAY0006229,ORD0006229,2026-03-28T08:24:39Z,wallet,failed,6205.94,SGD
PAY0006230,ORD0006230,2026-02-01T16:11:20Z,paypal,success,12915.44,SGD
PAY0006231,ORD0006231,2026-03-23T19:34:16Z,paypal,success,-6952.92,SGD
PAY0006232,ORD0006232,2026-03-20T13:55:49Z,card,success,2542.54,SGD
PAY0006233,ORD0006233,2026-05-24T08:06:16Z,card,success,12332.96,SGD
PAY0006234,ORD0006234,2026-04-07T12:54:05Z,paypal,success,9870.91,SGD
PAY0006235,ORD0006235,2026-04-22T07:08:48Z,wallet,success,17846.0,SGD
PAY0006236,ORD0006236,2026-02-16T11:10:21Z,bank_transfer,pending,2609.22,SGD
PAY0006237,ORD0006237,2026-04-18T08:22:29Z,paypal,success,10144.9,SGD
PAY0006238,ORD0006238,2026-03-30T22:29:19Z,paypal,success,9261.15,SGD
PAY0006239,ORD0006239,2026-04-25T12:31:08Z,bank_transfer,success,948.0,SGD
PAY0006240,ORD0006240,2026-04-16T15:28:49Z,bank_transfer,refunded,6330.44,SGD
PAY0006241,ORD0006241,2026-05-02T18:27:14Z,bank_transfer,success,9291.17,SGD
PAY0006242,ORD0006242,2026-05-01T11:05:34Z,wallet,pending,7537.1,SGD
PAY0006243,ORD0006243,2026-03-29T09:21:13Z,bank_transfer,success,6518.99,SGD
PAY0006244,ORD0006244,2026-05-16T14:21:10Z,card,success,1361.36,SGD
PAY0006245,ORD0006245,2026-01-08T22:56:21Z,bank_transfer,success,12173.27,SGD
PAY0006246,ORD0006246,2026-04-22T00:32:31Z,bank_transfer,failed,8654.25,SGD
PAY0006247,ORD0006247,2026-02-08T20:23:34Z,wallet,success,4088.44,SGD
PAY0006248,ORD0006248,2026-04-14T09:47:21Z,wallet,success,6075.38,SGD
PAY0006249,ORD0006249,2026-02-22T08:34:35Z,bank_transfer,success,9309.11,SGD
PAY0006250,ORD0006250,2026-05-08T13:02:52Z,bank_transfer,success,11181.46,SGD
PAY0006251,ORD0006251,2026-02-15T03:33:21Z,wallet,success,3589.96,SGD
PAY0006252,ORD0006252,2026-02-13T16:15:20Z,wallet,success,5291.7,SGD
PAY0006253,ORD0006253,2026-01-22T11:10:50Z,wallet,success,8565.69,SGD
PAY0006254,ORD0006254,2026-03-09T03:42:17Z,wallet,success,5522.58,SGD
PAY0006255,ORD0006255,2026-03-22T00:33:17Z,card,success,8847.31,SGD
PAY0006256,ORD0006256,2026-05-03T16:56:26Z,paypal,success,12242.46,SGD
PAY0006257,ORD0006257,2026-03-20T13:59:24Z,bank_transfer,success,6141.4,SGD
PAY0006258,ORD0006258,2026-04-05T21:15:20Z,wallet,failed,525.92,SGD
PAY0006259,ORD0006259,2026-03-11T13:41:09Z,card,pending,7193.14,SGD
PAY0006260,ORD0006260,2026-04-18T10:57:00Z,wallet,success,162.59,SGD
PAY0006261,ORD0006261,2026-01-05T18:19:04Z,paypal,success,2468.24,SGD
PAY0006262,ORD0006262,2026-03-19T07:10:51Z,wallet,success,8754.23,SGD
PAY0006263,ORD0006263,2026-01-26T03:35:35Z,bank_transfer,failed,8604.94,SGD
PAY0006264,ORD0006264,2026-05-18T21:46:26Z,paypal,success,11563.29,SGD
PAY0006265,ORD0006265,2026-03-26T01:30:53Z,card,success,1114.92,SGD
PAY0006266,ORD0006266,2026-04-25T05:50:58Z,card,failed,14537.3,SGD
PAY0006267,ORD0006267,2026-04-26T10:25:55Z,paypal,success,3622.3,SGD
PAY0006268,ORD0006268,2026-04-25T16:34:18Z,bank_transfer,success,1954.6,SGD
PAY0006269,ORD0006269,2026-02-13T02:29:54Z,wallet,success,3951.95,SGD
PAY0006270,ORD0006270,2026-01-12T13:24:50Z,card,success,18348.99,SGD
PAY0006271,ORD0006271,2026-02-20T00:35:36Z,bank_transfer,refunded,5256.4,SGD
PAY0006272,ORD0006272,2026-02-02T04:22:32Z,bank_transfer,failed,6109.65,SGD
PAY0006273,ORD0006273,2026-04-16T00:44:25Z,card,refunded,937.77,SGD
PAY0006274,ORD0006274,2026-01-07T11:57:23Z,card,pending,11222.59,SGD
PAY0006275,ORD0006275,2026-03-04T16:57:37Z,bank_transfer,success,4792.92,SGD
PAY0006276,ORD0006276,2026-04-17T00:41:27Z,paypal,success,1818.56,SGD
PAY0006277,ORD0006277,2026-01-31T19:43:10Z,paypal,success,10283.09,SGD
PAY0006278,ORD0006278,2026-03-11T13:03:53Z,paypal,success,4465.03,SGD
PAY0006279,ORD0006279,2026-02-15T00:30:48Z,paypal,success,1389.14,SGD
PAY0006280,ORD0006280,2026-04-09T14:31:40Z,card,pending,15003.97,SGD
PAY0006281,ORD0006281,2026-05-04T13:54:56Z,card,pending,2142.62,SGD
PAY0006282,ORD0006282,2026-01-30T23:19:23Z,wallet,success,4659.94,SGD
PAY0006283,ORD0006283,2026-04-04T22:48:05Z,card,success,7847.61,SGD
PAY0006284,ORD0006284,2026-01-20T04:55:13Z,card,pending,10378.69,SGD
PAY0006285,ORD0006285,2026-01-03T01:51:53Z,bank_transfer,success,18416.0,SGD
PAY0006286,ORD0006286,2026-04-01T13:30:53Z,card,success,8414.61,SGD
PAY0006287,ORD0006287,2026-05-24T09:54:58Z,card,pending,1340.56,SGD
PAY0006288,ORD0006288,2026-05-09T21:45:23Z,bank_transfer,refunded,17335.74,SGD
PAY0006289,ORD0006289,2026-04-05T10:29:47Z,wallet,success,14491.79,SGD
PAY0006290,ORD0006290,2026-05-23T01:13:48Z,wallet,failed,13110.53,SGD
PAY0006291,ORD0006291,2026-03-07T13:16:46Z,card,success,3628.98,SGD
PAY0006292,ORD0006292,2026-04-24T15:59:10Z,bank_transfer,success,13233.09,SGD
PAY0006293,ORD0006293,2026-04-14T22:23:34Z,wallet,success,3053.42,SGD
PAY0006294,ORD0006294,2026-02-19T01:17:44Z,bank_transfer,success,13282.52,SGD
PAY0006295,ORD0006295,2026-01-28T08:30:15Z,wallet,success,5631.87,SGD
PAY0006296,ORD0006296,2026-03-16T20:00:23Z,wallet,failed,5128.81,SGD
PAY0006297,ORD0006297,2026-01-19T13:02:51Z,paypal,success,11571.29,SGD
PAY0006298,ORD0006298,2026-02-22T15:16:46Z,wallet,pending,1736.26,SGD
PAY0006299,ORD0006299,2026-04-15T03:01:31Z,wallet,refunded,3840.76,SGD
PAY0006300,ORD0006300,2026-01-10T23:39:49Z,bank_transfer,success,1061.2,SGD
PAY0006301,ORD0006301,2026-03-24T02:32:22Z,wallet,success,14018.97,SGD
PAY0006302,ORD0006302,2026-04-20T20:31:45Z,card,success,7952.27,SGD
PAY0006303,ORD0006303,2026-03-19T02:11:30Z,card,success,7057.66,SGD
PAY0006304,ORD0006304,2026-03-30T18:39:45Z,card,success,3150.12,SGD
PAY0006305,ORD0006305,2026-04-09T09:48:56Z,card,success,10532.38,SGD
PAY0006306,ORD0006306,2026-04-23T11:06:40Z,wallet,success,12783.39,SGD
PAY0006307,ORD0006307,2026-02-11T06:15:12Z,card,success,6731.58,SGD
PAY0006308,ORD0006308,2026-04-23T08:40:32Z,card,success,13712.62,SGD
PAY0006309,ORD0006309,2026-02-03T13:47:15Z,card,success,9596.09,SGD
PAY0006310,ORD0006310,2026-01-05T05:11:21Z,bank_transfer,success,10279.62,SGD
PAY0006311,ORD0006311,2026-04-07T13:46:10Z,wallet,success,11155.79,SGD
PAY0006312,ORD0006312,2026-02-28T15:14:29Z,wallet,success,13225.19,SGD
PAY0006313,ORD0006313,2026-04-27T07:59:57Z,paypal,success,17499.08,SGD
PAY0006314,ORD0006314,2026-05-08T07:08:20Z,paypal,pending,8364.94,SGD
PAY0006315,ORD0006315,2026-03-07T00:14:37Z,wallet,success,10122.1,SGD
PAY0006316,ORD0006316,2026-01-28T00:14:20Z,wallet,success,9058.95,SGD
PAY0006317,ORD0006317,2026-01-05T23:46:22Z,card,success,6132.66,SGD
PAY0006318,ORD0006318,2026-05-04T15:48:33Z,card,success,999.49,SGD
PAY0006319,ORD0006319,2026-03-30T16:30:15Z,wallet,success,8763.16,SGD
PAY0006320,ORD0006320,2026-05-07T02:57:51Z,bank_transfer,refunded,4159.5,SGD
PAY0006321,ORD0006321,2026-02-05T03:26:33Z,card,pending,19.64,SGD
PAY0006322,ORD0006322,2026-03-02T15:53:58Z,card,success,1205.08,SGD
PAY0006323,ORD0006323,2026-04-24T15:58:38Z,paypal,success,12086.06,SGD
PAY0006324,ORD0006324,2026-04-22T08:02:31Z,card,success,1112.3,SGD
PAY0006325,ORD0006325,2026-03-30T23:56:44Z,card,success,13561.8,SGD
PAY0006326,ORD0006326,2026-02-21T22:12:32Z,bank_transfer,pending,5332.24,SGD
PAY0006327,ORD0006327,2026-01-15T07:18:14Z,paypal,success,9045.22,SGD
PAY0006328,ORD0006328,2026-01-18T18:40:07Z,card,success,7397.04,SGD
PAY0006329,ORD0006329,2026-03-02T17:51:57Z,wallet,success,4031.34,SGD
PAY0006330,ORD0006330,2026-04-20T12:49:24Z,paypal,success,5221.28,SGD
PAY0006331,ORD0006331,2026-04-06T01:18:40Z,card,success,8068.03,SGD
PAY0006332,ORD0006332,2026-05-21T16:00:26Z,card,success,763.24,SGD
PAY0006333,ORD0006333,2026-02-01T15:51:39Z,wallet,success,292.12,SGD
PAY0006334,ORD0006334,2026-03-01T19:12:58Z,paypal,pending,6146.41,SGD
PAY0006335,ORD0006335,2026-02-10T06:59:53Z,card,success,14206.86,SGD
PAY0006336,ORD0006336,2026-04-01T19:19:04Z,wallet,success,10357.9,SGD
PAY0006337,ORD0006337,2026-02-19T15:59:38Z,paypal,refunded,4384.7,SGD
PAY0006338,ORD0006338,2026-04-24T10:49:07Z,wallet,refunded,7158.5,SGD
PAY0006339,ORD0006339,2026-03-10T14:38:56Z,wallet,success,540.18,SGD
PAY0006340,ORD0006340,2026-03-01T12:33:43Z,card,refunded,1713.56,SGD
PAY0006341,ORD0006341,2026-05-01T15:19:36Z,card,success,6393.54,SGD
PAY0006342,ORD0006342,2026-03-13T00:38:51Z,bank_transfer,success,13653.72,SGD
PAY0006343,ORD0006343,2026-03-22T03:50:57Z,wallet,success,1897.1,SGD
PAY0006344,ORD0006344,2026-02-12T01:51:39Z,card,success,2538.06,SGD
PAY0006345,ORD0006345,2026-04-25T15:55:58Z,card,success,570.07,SGD
PAY0006346,ORD0006346,2026-03-14T08:13:41Z,paypal,success,2707.6,SGD
PAY0006347,ORD0006347,2026-05-22T09:43:41Z,bank_transfer,success,5443.47,SGD
PAY0006348,ORD0006348,2026-02-07T05:00:21Z,wallet,success,2548.51,SGD
PAY0006349,ORD0006349,2026-04-30T07:39:11Z,card,success,6441.14,SGD
PAY0006350,ORD0006350,2026-03-18T00:50:31Z,bank_transfer,success,8480.93,SGD
PAY0006351,ORD0006351,2026-01-01T02:31:33Z,card,success,7525.84,SGD
PAY0006352,ORD0006352,2026-04-15T08:31:35Z,card,success,6484.27,SGD
PAY0006353,ORD0006353,2026-03-23T07:14:42Z,card,success,1752.15,SGD
PAY0006354,ORD0006354,2026-02-27T03:36:48Z,bank_transfer,refunded,11164.95,SGD
PAY0006355,ORD0006355,2026-02-19T23:42:56Z,bank_transfer,success,2026.5,SGD
PAY0006356,ORD0006356,2026-03-31T14:46:30Z,bank_transfer,success,7471.14,SGD
PAY0006357,ORD0006357,2026-01-15T12:23:15Z,card,success,8639.24,SGD
PAY0006358,ORD0006358,2026-03-17T09:29:36Z,bank_transfer,success,5186.36,SGD
PAY0006359,ORD0006359,2026-03-16T14:24:57Z,bank_transfer,success,1184.78,SGD
PAY0006360,ORD0006360,2026-03-08T16:48:22Z,paypal,success,7829.84,SGD
PAY0006361,ORD0006361,2026-04-04T03:20:06Z,bank_transfer,success,13496.23,SGD
PAY0006362,ORD0006362,2026-03-28T02:01:04Z,bank_transfer,success,308.9,SGD
PAY0006363,ORD0006363,2026-03-09T23:13:21Z,wallet,success,9422.58,SGD
PAY0006364,ORD0006364,2026-03-14T23:57:37Z,paypal,success,6980.23,SGD
PAY0006365,ORD0006365,2026-03-07T15:50:05Z,bank_transfer,success,8739.07,SGD
PAY0006366,ORD0006366,2026-02-18T05:57:29Z,wallet,success,12777.66,SGD
PAY0006367,ORD0006367,2026-02-09T16:52:17Z,paypal,failed,12675.28,SGD
PAY0006368,ORD0006368,2026-02-07T01:19:41Z,paypal,success,6000.13,SGD
PAY0006369,ORD0006369,2026-04-14T10:13:01Z,paypal,success,2577.26,SGD
PAY0006370,ORD0006370,2026-05-02T08:35:39Z,bank_transfer,success,229.8,SGD
PAY0006371,ORD0006371,2026-03-01T05:46:18Z,paypal,success,5659.99,SGD
PAY0006372,ORD0006372,2026-04-25T10:21:12Z,wallet,success,4388.03,SGD
PAY0006373,ORD0006373,2026-04-26T00:04:48Z,paypal,success,14933.98,SGD
PAY0006374,ORD0006374,2026-05-01T11:07:36Z,paypal,success,10839.57,SGD
PAY0006375,ORD0006375,2026-03-11T22:35:31Z,bank_transfer,pending,6662.49,SGD
PAY0006376,ORD0006376,2026-03-16T22:39:02Z,card,success,16726.54,SGD
PAY0006377,ORD0006377,2026-02-25T07:05:35Z,card,success,7577.39,SGD
PAY0006378,ORD0006378,2026-01-16T17:30:43Z,paypal,failed,5657.88,SGD
PAY0006379,ORD0006379,2026-05-21T12:31:44Z,wallet,success,5425.62,SGD
PAY0006380,ORD0006380,2026-03-02T08:05:25Z,card,success,2609.22,SGD
PAY0006381,ORD0006381,2026-02-04T09:20:19Z,paypal,success,6348.81,SGD
PAY0006382,ORD0006382,2026-05-07T02:57:58Z,paypal,success,14022.45,SGD
PAY0006383,ORD0006383,2026-05-23T10:41:25Z,paypal,success,10937.38,SGD
PAY0006384,ORD0006384,2026-04-16T10:17:24Z,bank_transfer,refunded,19785.8,SGD
PAY0006385,ORD0006385,2026-03-24T06:43:35Z,paypal,success,4201.77,SGD
PAY0006386,ORD0006386,2026-02-28T22:17:21Z,bank_transfer,failed,556.15,SGD
PAY0006387,ORD0006387,2026-01-24T22:09:30Z,card,success,3131.16,SGD
PAY0006388,ORD0006388,2026-02-12T12:47:31Z,card,success,25605.26,SGD
PAY0006389,ORD0006389,2026-02-05T10:17:26Z,wallet,refunded,8208.32,SGD
PAY0006390,ORD0006390,2026-02-15T06:23:45Z,wallet,failed,14224.5,SGD
PAY0006391,ORD0006391,2026-01-07T12:52:22Z,wallet,success,10060.53,SGD
PAY0006392,ORD0006392,2026-02-25T09:01:29Z,bank_transfer,success,3805.09,SGD
PAY0006393,ORD0006393,2026-02-04T13:23:32Z,card,success,6183.06,SGD
PAY0006394,ORD0006394,2026-02-16T07:27:51Z,card,success,3224.44,SGD
PAY0006395,ORD0006395,2026-02-10T02:27:48Z,card,success,2036.55,SGD
PAY0006396,ORD0006396,2026-03-11T05:07:23Z,bank_transfer,pending,12705.44,SGD
PAY0006397,ORD0006397,2026-03-24T05:11:25Z,card,success,7459.65,SGD
PAY0006398,ORD0006398,2026-03-22T09:46:04Z,card,success,10504.56,SGD
PAY0006399,ORD0006399,2026-04-10T07:48:32Z,paypal,refunded,1332.98,SGD
PAY0006400,ORD0006400,2026-01-04T20:53:05Z,wallet,success,1646.67,SGD
PAY0006401,ORD0006401,2026-03-05T07:00:58Z,card,success,8075.18,SGD
PAY0006402,ORD0006402,2026-01-31T11:36:09Z,bank_transfer,success,-7381.62,SGD
PAY0006403,ORD0006403,2026-04-19T22:50:24Z,card,refunded,3374.34,SGD
PAY0006404,ORD0006404,2026-04-25T10:09:23Z,bank_transfer,success,8742.41,SGD
PAY0006405,ORD0006405,2026-04-03T14:45:27Z,bank_transfer,success,11034.43,SGD
PAY0006406,ORD0006406,2026-02-25T23:37:04Z,wallet,success,4258.46,SGD
PAY0006407,ORD0006407,2026-03-06T22:30:33Z,wallet,success,7076.48,SGD
PAY0006408,ORD0006408,2026-03-12T07:40:27Z,paypal,failed,2480.93,SGD
PAY0006409,ORD0006409,2026-03-10T03:44:42Z,paypal,success,1305.12,SGD
PAY0006410,ORD0006410,2026-05-14T11:29:38Z,card,success,8589.1,SGD
PAY0006411,ORD0006411,2026-04-17T21:42:58Z,bank_transfer,success,5067.87,SGD
PAY0006412,ORD0006412,2026-05-08T16:03:51Z,card,failed,1106.19,SGD
PAY0006413,ORD0006413,2026-01-12T16:16:00Z,wallet,pending,5957.07,SGD
PAY0006414,ORD0006414,2026-05-16T13:36:16Z,bank_transfer,pending,1140.14,SGD
PAY0006415,ORD0006415,2026-05-01T11:11:15Z,bank_transfer,success,8093.91,SGD
PAY0006416,ORD0006416,2026-01-29T10:54:04Z,wallet,success,8140.88,SGD
PAY0006417,ORD0006417,2026-02-20T14:15:48Z,bank_transfer,success,10261.67,SGD
PAY0006418,ORD0006418,2026-04-15T20:11:05Z,card,failed,5089.68,SGD
PAY0006419,ORD0006419,2026-05-22T00:32:45Z,bank_transfer,success,18277.98,SGD
PAY0006420,ORD0006420,2026-01-11T01:40:14Z,bank_transfer,success,4824.74,SGD
PAY0006421,ORD0006421,2026-04-20T19:40:04Z,bank_transfer,success,11784.6,SGD
PAY0006422,ORD0006422,2026-05-06T22:15:09Z,wallet,pending,6975.55,SGD
PAY0006423,ORD0006423,2026-04-08T13:09:33Z,card,success,3176.64,SGD
PAY0006424,ORD0006424,2026-04-04T07:42:30Z,bank_transfer,failed,1752.15,SGD
PAY0006425,ORD0006425,2026-05-14T12:23:26Z,bank_transfer,success,1744.79,SGD
PAY0006426,ORD0006426,2026-03-21T09:12:29Z,bank_transfer,success,6045.39,SGD
PAY0006427,ORD0006427,2026-05-06T20:04:39Z,wallet,success,10420.89,SGD
PAY0006428,ORD0006428,2026-05-16T12:57:11Z,bank_transfer,success,6324.0,SGD
PAY0006429,ORD0006429,2026-05-15T21:21:40Z,paypal,success,13804.11,SGD
PAY0006430,ORD0006430,2026-03-10T15:54:36Z,paypal,success,4700.2,SGD
PAY0006431,ORD0006431,2026-05-13T04:19:08Z,paypal,success,788.88,SGD
PAY0006432,ORD0006432,2026-03-23T20:37:11Z,wallet,success,1811.15,SGD
PAY0006433,ORD0006433,2026-02-01T02:53:48Z,paypal,success,12513.39,SGD
PAY0006434,ORD0006434,2026-04-19T12:50:08Z,card,success,1757.42,SGD
PAY0006435,ORD0006435,2026-05-19T05:19:36Z,bank_transfer,success,7218.86,SGD
PAY0006436,ORD0006436,2026-03-03T23:44:09Z,paypal,pending,2179.23,SGD
PAY0006437,ORD0006437,2026-04-16T14:54:51Z,paypal,success,782.06,SGD
PAY0006438,ORD0006438,2026-02-23T06:09:53Z,bank_transfer,success,4112.04,SGD
PAY0006439,ORD0006439,2026-04-02T21:46:11Z,bank_transfer,success,5114.76,SGD
PAY0006440,ORD0006440,2026-04-12T22:01:42Z,paypal,success,8666.74,SGD
PAY0006441,ORD0006441,2026-05-10T08:50:55Z,card,failed,7389.57,SGD
PAY0006442,ORD0006442,2026-01-29T00:56:27Z,wallet,success,5067.3,SGD
PAY0006443,ORD0006443,2026-05-19T23:11:22Z,card,success,5600.32,SGD
PAY0006444,ORD0006444,2026-01-02T11:52:25Z,bank_transfer,success,13295.94,SGD
PAY0006445,ORD0006445,2026-03-20T06:58:48Z,wallet,failed,14307.94,SGD
PAY0006446,ORD0006446,2026-02-02T20:43:15Z,bank_transfer,success,21978.44,SGD
PAY0006447,ORD0006447,2026-05-08T01:54:28Z,wallet,refunded,8000.16,SGD
PAY0006448,ORD0006448,2026-01-15T23:30:32Z,wallet,refunded,5265.43,SGD
PAY0006449,ORD0006449,2026-04-28T12:17:20Z,card,success,6656.57,SGD
PAY0006450,ORD0006450,2026-01-03T19:03:24Z,paypal,success,11746.21,SGD
PAY0006451,ORD0006451,2026-01-19T19:31:32Z,card,success,3796.83,SGD
PAY0006452,ORD0006452,2026-02-25T23:07:17Z,wallet,success,11576.86,SGD
PAY0006453,ORD0006453,2026-01-25T07:37:19Z,paypal,success,4795.29,SGD
PAY0006454,ORD0006454,2026-05-11T23:12:58Z,wallet,success,1173.09,SGD
PAY0006455,ORD0006455,2026-01-02T07:43:23Z,card,success,19837.58,SGD
PAY0006456,ORD0006456,2026-01-30T05:19:29Z,card,success,12832.11,SGD
PAY0006457,ORD0006457,2026-04-27T05:55:41Z,card,pending,10237.38,SGD
PAY0006458,ORD0006458,2026-03-05T02:26:43Z,card,pending,1963.47,SGD
PAY0006459,ORD0006459,2026-02-22T16:55:25Z,paypal,refunded,355.8,SGD
PAY0006460,ORD0006460,2026-03-26T20:29:22Z,card,refunded,13283.08,SGD
PAY0006461,ORD0006461,2026-03-23T09:21:10Z,wallet,refunded,5443.47,SGD
PAY0006462,ORD0006462,2026-05-16T17:48:51Z,wallet,refunded,12928.39,SGD
PAY0006463,ORD0006463,2026-01-16T06:14:30Z,wallet,success,5748.61,SGD
PAY0006464,ORD0006464,2026-02-19T06:13:30Z,paypal,failed,2486.74,SGD
PAY0006465,ORD0006465,2026-02-17T00:41:57Z,wallet,success,8054.6,SGD
PAY0006466,ORD0006466,2026-05-06T00:23:50Z,card,refunded,5886.05,SGD
PAY0006467,ORD0006467,2026-02-24T13:13:28Z,card,success,7178.72,SGD
PAY0006468,ORD0006468,2026-03-14T23:22:39Z,bank_transfer,success,13983.68,SGD
PAY0006469,ORD0006469,2026-01-22T23:14:10Z,card,success,5622.19,SGD
PAY0006470,ORD0006470,2026-01-12T02:03:33Z,bank_transfer,success,8745.49,SGD
PAY0006471,ORD0006471,2026-05-09T08:34:58Z,paypal,pending,2803.94,SGD
PAY0006472,ORD0006472,2026-01-31T05:15:06Z,paypal,success,10248.88,SGD
PAY0006473,ORD0006473,2026-04-09T04:34:17Z,card,success,6059.22,SGD
PAY0006474,ORD0006474,2026-01-21T00:09:37Z,bank_transfer,success,12262.57,SGD
PAY0006475,ORD0006475,2026-03-16T21:26:44Z,bank_transfer,success,14692.53,SGD
PAY0006476,ORD0006476,2026-01-27T06:12:39Z,wallet,success,5032.55,SGD
PAY0006477,ORD0006477,2026-01-18T17:17:40Z,card,success,13810.21,SGD
PAY0006478,ORD0006478,2026-05-07T17:57:01Z,card,success,2013.48,SGD
PAY0006479,ORD0006479,2026-01-16T04:08:55Z,wallet,success,3645.36,SGD
PAY0006480,ORD0006480,2026-05-20T07:22:01Z,card,success,14788.89,SGD
PAY0006481,ORD0006481,2026-01-23T19:06:26Z,card,success,6690.75,SGD
PAY0006482,ORD0006482,2026-05-22T22:37:35Z,bank_transfer,success,15455.31,SGD
PAY0006483,ORD0006483,2026-05-06T06:59:44Z,bank_transfer,pending,12011.75,SGD
PAY0006484,ORD0006484,2026-01-24T04:31:14Z,bank_transfer,success,2378.34,SGD
PAY0006485,ORD0006485,2026-04-16T07:46:49Z,paypal,success,6979.36,SGD
PAY0006486,ORD0006486,2026-05-08T23:20:21Z,card,success,8862.38,SGD
PAY0006487,ORD0006487,2026-02-20T19:18:37Z,bank_transfer,success,8417.9,SGD
PAY0006488,ORD0006488,2026-04-10T22:20:32Z,wallet,success,3510.3,SGD
PAY0006489,ORD0006489,2026-04-02T15:06:22Z,wallet,success,1879.8,SGD
PAY0006490,ORD0006490,2026-01-30T17:50:11Z,paypal,success,5328.09,SGD
PAY0006491,ORD0006491,2026-03-20T01:41:57Z,card,success,24220.92,SGD
PAY0006492,ORD0006492,2026-01-11T13:47:23Z,wallet,success,5689.77,SGD
PAY0006493,ORD0006493,2026-02-03T13:12:39Z,card,refunded,8077.07,SGD
PAY0006494,ORD0006494,2026-04-03T00:53:54Z,bank_transfer,success,15508.47,SGD
PAY0006495,ORD0006495,2026-04-24T17:26:13Z,paypal,success,4701.61,SGD
PAY0006496,ORD0006496,2026-01-03T19:51:03Z,paypal,success,5384.85,SGD
PAY0006497,ORD0006497,2026-03-15T06:06:40Z,card,success,19324.74,SGD
PAY0006498,ORD0006498,2026-01-04T16:34:27Z,card,failed,17983.83,SGD
PAY0006499,ORD0006499,2026-01-13T22:57:27Z,card,success,4112.04,SGD
PAY0006500,ORD0006500,2026-03-20T05:02:41Z,paypal,success,2328.38,SGD
PAY0006501,ORD0006501,2026-01-08T02:40:47Z,card,failed,14109.59,SGD
PAY0006502,ORD0006502,2026-04-02T00:46:46Z,wallet,success,14769.19,SGD
PAY0006503,ORD0006503,2026-03-07T16:42:40Z,wallet,success,428.16,SGD
PAY0006504,ORD0006504,2026-02-07T19:54:42Z,wallet,success,10496.76,SGD
PAY0006505,ORD0006505,2026-02-26T02:00:21Z,paypal,success,6141.24,SGD
PAY0006506,ORD0006506,2026-01-25T04:45:56Z,card,success,1592.86,SGD
PAY0006507,ORD0006507,2026-01-30T14:30:56Z,wallet,pending,3514.56,SGD
PAY0006508,ORD0006508,2026-04-03T00:55:59Z,card,success,13185.33,SGD
PAY0006509,ORD0006509,2026-04-10T06:08:27Z,bank_transfer,success,13058.61,SGD
PAY0006510,ORD0006510,2026-03-27T03:54:09Z,bank_transfer,success,12152.23,SGD
PAY0006511,ORD0006511,2026-01-21T02:16:09Z,wallet,success,2410.16,SGD
PAY0006512,ORD0006512,2026-03-22T14:19:15Z,wallet,refunded,5149.29,SGD
PAY0006513,ORD0006513,2026-05-23T11:46:07Z,wallet,success,12394.79,SGD
PAY0006514,ORD0006514,2026-03-31T13:32:18Z,wallet,success,10237.54,SGD
PAY0006515,ORD0006515,2026-05-14T16:13:34Z,paypal,success,4354.7,SGD
PAY0006516,ORD0006516,2026-01-21T21:15:05Z,bank_transfer,success,757.23,SGD
PAY0006517,ORD0006517,2026-05-09T23:41:49Z,paypal,refunded,1509.09,SGD
PAY0006518,ORD0006518,2026-04-15T23:48:32Z,wallet,failed,5004.85,SGD
PAY0006519,ORD0006519,2026-02-17T02:15:58Z,bank_transfer,success,13578.64,SGD
PAY0006520,ORD0006520,2026-01-14T05:09:48Z,paypal,success,-12332.35,SGD
PAY0006521,ORD0006521,2026-03-23T03:44:11Z,wallet,success,9865.32,SGD
PAY0006522,ORD0006522,2026-05-04T22:41:31Z,wallet,success,5148.09,SGD
PAY0006523,ORD0006523,2026-04-11T19:05:23Z,card,success,533.7,SGD
PAY0006524,ORD0006524,2026-01-04T05:31:41Z,paypal,pending,7833.35,SGD
PAY0006525,ORD0006525,2026-04-09T11:44:29Z,card,success,6519.49,SGD
PAY0006526,ORD0006526,2026-03-18T19:22:57Z,card,refunded,8736.57,SGD
PAY0006527,ORD0006527,2026-05-06T03:21:06Z,wallet,pending,6887.44,SGD
PAY0006528,ORD0006528,2026-04-18T23:39:44Z,paypal,success,7330.99,SGD
PAY0006529,ORD0006529,2026-04-21T18:48:01Z,bank_transfer,refunded,8462.62,SGD
PAY0006530,ORD0006530,2026-02-27T14:07:52Z,card,success,7299.17,SGD
PAY0006531,ORD0006531,2026-05-20T22:51:44Z,wallet,failed,2213.24,SGD
PAY0006532,ORD0006532,2026-01-07T04:53:47Z,wallet,pending,11314.65,SGD
PAY0006533,ORD0006533,2026-01-22T06:12:03Z,card,success,3022.35,SGD
PAY0006534,ORD0006534,2026-04-21T19:15:02Z,card,refunded,7231.94,SGD
PAY0006535,ORD0006535,2026-05-05T10:50:20Z,paypal,success,889.65,SGD
PAY0006536,ORD0006536,2026-01-04T07:38:36Z,card,success,10470.75,SGD
PAY0006537,ORD0006537,2026-03-12T08:25:41Z,bank_transfer,success,4393.46,SGD
PAY0006538,ORD0006538,2026-05-14T18:25:24Z,wallet,pending,4526.97,SGD
PAY0006539,ORD0006539,2026-01-20T14:56:49Z,paypal,success,9521.14,SGD
PAY0006540,ORD0006540,2026-01-20T05:18:56Z,bank_transfer,success,2389.29,SGD
PAY0006541,ORD0006541,2026-01-22T23:01:35Z,card,success,9248.02,SGD
PAY0006542,ORD0006542,2026-02-17T13:28:25Z,paypal,success,6805.67,SGD
PAY0006543,ORD0006543,2026-05-20T04:20:41Z,wallet,failed,6189.32,SGD
PAY0006544,ORD0006544,2026-01-20T11:19:56Z,bank_transfer,refunded,7571.6,SGD
PAY0006545,ORD0006545,2026-05-13T14:21:10Z,paypal,success,2610.86,SGD
PAY0006546,ORD0006546,2026-02-04T19:39:32Z,wallet,refunded,18849.4,SGD
PAY0006547,ORD0006547,2026-04-21T22:07:34Z,card,refunded,15918.92,SGD
PAY0006548,ORD0006548,2026-03-09T14:41:01Z,card,success,11564.05,SGD
PAY0006549,ORD0006549,2026-05-10T17:06:19Z,paypal,success,2610.86,SGD
PAY0006550,ORD0006550,2026-01-06T09:35:28Z,card,success,11739.6,SGD
PAY0006551,ORD0006551,2026-04-17T06:23:54Z,bank_transfer,success,6073.85,SGD
PAY0006552,ORD0006552,2026-05-14T22:12:20Z,wallet,success,9761.34,SGD
PAY0006553,ORD0006553,2026-03-10T03:12:00Z,paypal,refunded,5294.41,SGD
PAY0006554,ORD0006554,2026-02-22T17:03:57Z,card,success,2129.23,SGD
PAY0006555,ORD0006555,2026-03-04T10:01:11Z,wallet,success,4723.08,SGD
PAY0006556,ORD0006556,2026-01-09T11:32:56Z,paypal,failed,6905.8,SGD
PAY0006557,ORD0006557,2026-04-18T00:56:54Z,wallet,failed,868.47,SGD
PAY0006558,ORD0006558,2026-05-11T13:18:11Z,wallet,success,8361.76,SGD
PAY0006559,ORD0006559,2026-03-20T08:55:24Z,bank_transfer,success,9584.8,SGD
PAY0006560,ORD0006560,2026-05-07T16:50:58Z,wallet,success,4273.49,SGD
PAY0006561,ORD0006561,2026-01-03T13:38:49Z,card,success,7448.67,SGD
PAY0006562,ORD0006562,2026-04-03T01:21:02Z,card,pending,10305.12,SGD
PAY0006563,ORD0006563,2026-04-23T23:17:47Z,card,success,6727.09,SGD
PAY0006564,ORD0006564,2026-02-22T13:42:17Z,card,success,6646.09,SGD
PAY0006565,ORD0006565,2026-04-27T18:55:24Z,bank_transfer,success,12991.09,SGD
PAY0006566,ORD0006566,2026-05-05T20:53:58Z,wallet,success,6436.59,SGD
PAY0006567,ORD0006567,2026-03-11T05:58:51Z,bank_transfer,success,17712.35,SGD
PAY0006568,ORD0006568,2026-02-27T14:54:26Z,card,success,13130.24,SGD
PAY0006569,ORD0006569,2026-03-04T04:50:34Z,bank_transfer,success,4266.85,SGD
PAY0006570,ORD0006570,2026-05-16T09:30:25Z,wallet,refunded,3098.78,SGD
PAY0006571,ORD0006571,2026-04-08T07:04:53Z,bank_transfer,success,-9642.71,SGD
PAY0006572,ORD0006572,2026-03-04T07:37:12Z,card,success,14290.99,SGD
PAY0006573,ORD0006573,2026-03-26T09:10:38Z,card,success,14460.25,SGD
PAY0006574,ORD0006574,2026-02-01T22:42:20Z,card,success,3440.88,SGD
PAY0006575,ORD0006575,2026-01-31T23:16:51Z,paypal,success,1786.74,SGD
PAY0006576,ORD0006576,2026-03-13T15:36:24Z,card,success,3442.41,SGD
PAY0006577,ORD0006577,2026-05-12T22:00:22Z,wallet,success,2071.38,SGD
PAY0006578,ORD0006578,2026-03-31T02:29:06Z,card,refunded,12973.14,SGD
PAY0006579,ORD0006579,2026-03-17T18:44:45Z,bank_transfer,success,13385.21,SGD
PAY0006580,ORD0006580,2026-01-29T21:29:06Z,card,success,14136.88,SGD
PAY0006581,ORD0006581,2026-05-14T13:34:19Z,bank_transfer,success,4811.48,SGD
PAY0006582,ORD0006582,2026-04-09T19:38:45Z,paypal,pending,1636.21,SGD
PAY0006583,ORD0006583,2026-03-21T10:09:19Z,bank_transfer,success,15966.87,SGD
PAY0006584,ORD0006584,2026-03-24T05:33:58Z,wallet,pending,2638.86,SGD
PAY0006585,ORD0006585,2026-04-27T05:44:16Z,paypal,success,10809.84,SGD
PAY0006586,ORD0006586,2026-01-11T21:58:43Z,wallet,success,4211.7,SGD
PAY0006587,ORD0006587,2026-05-13T17:53:00Z,bank_transfer,success,6071.34,SGD
PAY0006588,ORD0006588,2026-05-11T15:10:02Z,bank_transfer,success,6408.21,SGD
PAY0006589,ORD0006589,2026-04-10T07:39:11Z,bank_transfer,success,11700.17,SGD
PAY0006590,ORD0006590,2026-03-25T09:20:46Z,card,success,2116.72,SGD
PAY0006591,ORD0006591,2026-03-25T17:19:16Z,paypal,refunded,3838.16,SGD
PAY0006592,ORD0006592,2026-03-30T18:33:21Z,card,success,12105.1,SGD
PAY0006593,ORD0006593,2026-04-05T22:43:06Z,bank_transfer,success,10489.13,SGD
PAY0006594,ORD0006594,2026-02-20T06:47:53Z,paypal,success,13303.34,SGD
PAY0006595,ORD0006595,2026-03-18T17:57:26Z,card,success,11384.97,SGD
PAY0006596,ORD0006596,2026-03-29T03:57:07Z,card,success,8511.82,SGD
PAY0006597,ORD0006597,2026-01-19T18:34:35Z,card,success,14036.78,SGD
PAY0006598,ORD0006598,2026-04-11T22:24:07Z,paypal,success,2243.02,SGD
PAY0006599,ORD0006599,2026-01-23T13:02:32Z,wallet,success,8080.08,SGD
PAY0006600,ORD0006600,2026-03-05T17:55:38Z,card,success,15354.72,SGD
PAY0006601,ORD0006601,2026-05-24T22:42:26Z,wallet,refunded,901.37,SGD
PAY0006602,ORD0006602,2026-04-16T10:12:46Z,card,success,15349.2,SGD
PAY0006603,ORD0006603,2026-02-27T14:59:32Z,wallet,success,1640.19,SGD
PAY0006604,ORD0006604,2026-01-01T18:29:01Z,bank_transfer,success,5757.72,SGD
PAY0006605,ORD0006605,2026-05-03T07:12:13Z,card,success,7063.31,SGD
PAY0006606,ORD0006606,2026-05-13T01:15:57Z,bank_transfer,pending,8627.63,SGD
PAY0006607,ORD0006607,2026-03-31T08:19:36Z,wallet,success,5409.87,SGD
PAY0006608,ORD0006608,2026-05-11T00:04:12Z,card,success,9922.05,SGD
PAY0006609,ORD0006609,2026-02-09T06:33:54Z,paypal,success,2389.29,SGD
PAY0006610,ORD0006610,2026-03-18T21:04:16Z,bank_transfer,success,10552.45,SGD
PAY0006611,ORD0006611,2026-05-23T10:04:44Z,paypal,success,8534.02,SGD
PAY0006612,ORD0006612,2026-02-07T22:57:17Z,bank_transfer,success,13695.97,SGD
PAY0006613,ORD0006613,2026-04-21T22:02:02Z,bank_transfer,success,7183.55,SGD
PAY0006614,ORD0006614,2026-01-07T15:15:16Z,bank_transfer,failed,2529.53,SGD
PAY0006615,ORD0006615,2026-05-22T04:31:53Z,bank_transfer,success,7087.79,SGD
PAY0006616,ORD0006616,2026-03-04T17:27:14Z,card,success,3633.98,SGD
PAY0006617,ORD0006617,2026-02-06T08:56:37Z,paypal,success,10599.49,SGD
PAY0006618,ORD0006618,2026-05-14T13:36:12Z,paypal,success,7281.06,SGD
PAY0006619,ORD0006619,2026-01-06T19:28:22Z,bank_transfer,success,10811.5,SGD
PAY0006620,ORD0006620,2026-03-12T17:03:19Z,paypal,success,17597.79,SGD
PAY0006621,ORD0006621,2026-03-17T15:55:31Z,wallet,success,8570.56,SGD
PAY0006622,ORD0006622,2026-02-04T22:42:05Z,bank_transfer,success,4973.48,SGD
PAY0006623,ORD0006623,2026-02-25T00:09:59Z,wallet,refunded,2018.25,SGD
PAY0006624,ORD0006624,2026-03-08T14:41:05Z,wallet,success,3960.6,SGD
PAY0006625,ORD0006625,2026-05-20T16:27:51Z,card,success,2298.91,SGD
PAY0006626,ORD0006626,2026-01-20T10:25:47Z,wallet,success,1140.14,SGD
PAY0006627,ORD0006627,2026-02-01T03:29:45Z,wallet,success,584.05,SGD
PAY0006628,ORD0006628,2026-03-09T06:57:34Z,card,success,13375.7,SGD
PAY0006629,ORD0006629,2026-01-26T00:01:45Z,card,refunded,8603.63,SGD
PAY0006630,ORD0006630,2026-04-09T03:09:24Z,card,failed,10585.68,SGD
PAY0006631,ORD0006631,2026-05-11T13:44:21Z,card,pending,212.4,SGD
PAY0006632,ORD0006632,2026-03-09T15:57:36Z,wallet,success,7544.16,SGD
PAY0006633,ORD0006633,2026-02-19T07:53:17Z,bank_transfer,success,2926.74,SGD
PAY0006634,ORD0006634,2026-02-24T16:39:22Z,bank_transfer,success,11096.1,SGD
PAY0006635,ORD0006635,2026-03-24T17:05:08Z,card,success,11854.24,SGD
PAY0006636,ORD0006636,2026-03-15T01:22:43Z,bank_transfer,success,10143.89,SGD
PAY0006637,ORD0006637,2026-03-21T20:55:46Z,paypal,success,11172.24,SGD
PAY0006638,ORD0006638,2026-04-10T19:23:03Z,card,refunded,4121.26,SGD
PAY0006639,ORD0006639,2026-02-18T22:51:21Z,wallet,refunded,2340.2,SGD
PAY0006640,ORD0006640,2026-03-28T06:25:40Z,bank_transfer,refunded,19146.3,SGD
PAY0006641,ORD0006641,2026-02-20T21:58:27Z,paypal,failed,5169.0,SGD
PAY0006642,ORD0006642,2026-03-05T10:09:33Z,paypal,failed,6813.93,SGD
PAY0006643,ORD0006643,2026-04-12T06:59:35Z,wallet,success,11193.62,SGD
PAY0006644,ORD0006644,2026-01-17T02:06:01Z,bank_transfer,success,7467.06,SGD
PAY0006645,ORD0006645,2026-03-02T16:38:29Z,bank_transfer,success,763.24,SGD
PAY0006646,ORD0006646,2026-01-26T04:46:09Z,bank_transfer,success,1271.68,SGD
PAY0006647,ORD0006647,2026-05-23T15:29:57Z,card,success,11266.91,SGD
PAY0006648,ORD0006648,2026-02-11T12:21:35Z,wallet,success,2192.35,SGD
PAY0006649,ORD0006649,2026-05-12T09:31:11Z,bank_transfer,success,3454.32,SGD
PAY0006650,ORD0006650,2026-04-29T17:05:07Z,card,success,19111.38,SGD
PAY0006651,ORD0006651,2026-01-31T19:34:26Z,paypal,failed,10243.2,SGD
PAY0006652,ORD0006652,2026-04-26T01:50:01Z,paypal,success,1894.06,SGD
PAY0006653,ORD0006653,2026-03-28T14:19:45Z,wallet,refunded,3782.3,SGD
PAY0006654,ORD0006654,2026-03-03T08:47:43Z,card,success,4448.9,SGD
PAY0006655,ORD0006655,2026-04-30T08:46:21Z,wallet,success,5654.12,SGD
PAY0006656,ORD0006656,2026-02-09T09:45:51Z,card,success,9219.77,SGD
PAY0006657,ORD0006657,2026-03-18T14:21:30Z,paypal,success,6690.75,SGD
PAY0006658,ORD0006658,2026-02-14T18:30:28Z,bank_transfer,pending,7152.77,SGD
PAY0006659,ORD0006659,2026-04-10T15:46:37Z,card,success,14014.14,SGD
PAY0006660,ORD0006660,2026-05-06T09:09:36Z,card,success,7287.9,SGD
PAY0006661,ORD0006661,2026-01-01T08:21:11Z,wallet,success,12632.02,SGD
PAY0006662,ORD0006662,2026-03-03T08:06:06Z,bank_transfer,success,12079.4,SGD
PAY0006663,ORD0006663,2026-02-08T21:36:28Z,bank_transfer,success,3256.27,SGD
PAY0006664,ORD0006664,2026-01-11T03:40:35Z,bank_transfer,success,3181.77,SGD
PAY0006665,ORD0006665,2026-04-21T19:37:51Z,wallet,success,4762.68,SGD
PAY0006666,ORD0006666,2026-04-29T12:48:04Z,wallet,success,530.6,SGD
PAY0006667,ORD0006667,2026-04-09T10:35:25Z,wallet,success,7082.51,SGD
PAY0006668,ORD0006668,2026-02-02T15:29:07Z,wallet,success,7078.24,SGD
PAY0006669,ORD0006669,2026-01-31T17:16:44Z,card,success,8977.17,SGD
PAY0006670,ORD0006670,2026-02-26T09:37:44Z,paypal,success,7294.3,SGD
PAY0006671,ORD0006671,2026-05-05T19:46:42Z,paypal,success,8887.83,SGD
PAY0006672,ORD0006672,2026-05-20T01:43:14Z,bank_transfer,success,11170.78,SGD
PAY0006673,ORD0006673,2026-02-19T12:56:02Z,wallet,refunded,2723.95,SGD
PAY0006674,ORD0006674,2026-05-12T09:39:31Z,paypal,refunded,6171.45,SGD
PAY0006675,ORD0006675,2026-04-19T19:02:10Z,paypal,refunded,14235.54,SGD
PAY0006676,ORD0006676,2026-02-15T19:37:12Z,paypal,success,3357.27,SGD
PAY0006677,ORD0006677,2026-04-22T17:07:55Z,card,success,6274.96,SGD
PAY0006678,ORD0006678,2026-01-14T14:19:18Z,paypal,refunded,8202.14,SGD
PAY0006679,ORD0006679,2026-01-11T17:42:57Z,wallet,success,7300.17,SGD
PAY0006680,ORD0006680,2026-03-31T07:36:26Z,bank_transfer,success,8938.13,SGD
PAY0006681,ORD0006681,2026-02-16T02:02:39Z,card,success,3901.75,SGD
PAY0006682,ORD0006682,2026-03-21T02:04:25Z,paypal,success,4190.68,SGD
PAY0006683,ORD0006683,2026-01-27T02:21:21Z,bank_transfer,success,4183.22,SGD
PAY0006684,ORD0006684,2026-05-19T22:22:08Z,wallet,refunded,15771.46,SGD
PAY0006685,ORD0006685,2026-04-18T01:15:17Z,bank_transfer,success,5822.93,SGD
PAY0006686,ORD0006686,2026-03-12T20:30:12Z,paypal,success,6662.49,SGD
PAY0006687,ORD0006687,2026-03-25T05:38:52Z,wallet,success,11427.93,SGD
PAY0006688,ORD0006688,2026-04-12T04:28:28Z,bank_transfer,success,6415.84,SGD
PAY0006689,ORD0006689,2026-02-13T17:53:30Z,bank_transfer,failed,7876.52,SGD
PAY0006690,ORD0006690,2026-04-13T21:40:13Z,paypal,pending,3062.84,SGD
PAY0006691,ORD0006691,2026-03-07T04:54:52Z,paypal,pending,6222.06,SGD
PAY0006692,ORD0006692,2026-05-01T07:29:53Z,bank_transfer,success,8258.25,SGD
PAY0006693,ORD0006693,2026-05-15T00:32:22Z,paypal,success,4211.7,SGD
PAY0006694,ORD0006694,2026-03-11T04:56:44Z,card,failed,3471.73,SGD
PAY0006695,ORD0006695,2026-03-01T00:34:26Z,paypal,success,2087.93,SGD
PAY0006696,ORD0006696,2026-03-19T00:20:01Z,paypal,success,18674.46,SGD
PAY0006697,ORD0006697,2026-01-31T22:30:37Z,paypal,pending,4867.91,SGD
PAY0006698,ORD0006698,2026-01-28T23:08:10Z,paypal,success,10615.62,SGD
PAY0006699,ORD0006699,2026-04-09T13:51:44Z,card,success,10441.56,SGD
PAY0006700,ORD0006700,2026-04-08T02:47:52Z,bank_transfer,pending,6927.24,SGD
PAY0006701,ORD0006701,2026-01-14T10:51:01Z,paypal,success,6399.07,SGD
PAY0006702,ORD0006702,2026-05-10T14:49:45Z,paypal,success,9084.87,SGD
PAY0006703,ORD0006703,2026-02-23T02:26:33Z,paypal,pending,2098.87,SGD
PAY0006704,ORD0006704,2026-05-04T01:01:22Z,paypal,success,8574.5,SGD
PAY0006705,ORD0006705,2026-01-21T10:19:21Z,bank_transfer,failed,10492.36,SGD
PAY0006706,ORD0006706,2026-04-19T10:13:31Z,paypal,success,5215.36,SGD
PAY0006707,ORD0006707,2026-02-26T10:39:00Z,paypal,success,840.38,SGD
PAY0006708,ORD0006708,2026-05-05T12:53:30Z,bank_transfer,success,11466.49,SGD
PAY0006709,ORD0006709,2026-04-18T06:17:00Z,bank_transfer,success,12156.46,SGD
PAY0006710,ORD0006710,2026-05-11T23:10:37Z,wallet,success,12907.07,SGD
PAY0006711,ORD0006711,2026-04-02T22:15:05Z,bank_transfer,pending,8316.41,SGD
PAY0006712,ORD0006712,2026-05-23T06:47:45Z,paypal,success,4725.89,SGD
PAY0006713,ORD0006713,2026-03-23T14:40:39Z,paypal,failed,7419.02,SGD
PAY0006714,ORD0006714,2026-01-06T15:07:49Z,paypal,success,-12774.55,SGD
PAY0006715,ORD0006715,2026-04-26T19:10:52Z,paypal,success,2325.19,SGD
PAY0006716,ORD0006716,2026-02-01T08:05:06Z,bank_transfer,success,7753.77,SGD
PAY0006717,ORD0006717,2026-04-01T23:49:40Z,card,success,7491.43,SGD
PAY0006718,ORD0006718,2026-03-05T06:15:47Z,wallet,failed,5236.16,SGD
PAY0006719,ORD0006719,2026-01-18T06:00:52Z,card,success,2061.02,SGD
PAY0006720,ORD0006720,2026-04-12T23:02:05Z,wallet,failed,12644.49,SGD
PAY0006721,ORD0006721,2026-01-25T20:00:52Z,paypal,success,652.56,SGD
PAY0006722,ORD0006722,2026-02-04T17:24:01Z,paypal,success,13218.09,SGD
PAY0006723,ORD0006723,2026-03-04T11:13:20Z,wallet,failed,1700.26,SGD
PAY0006724,ORD0006724,2026-05-15T17:35:34Z,card,success,5427.42,SGD
PAY0006725,ORD0006725,2026-01-15T17:38:22Z,paypal,success,852.31,SGD
PAY0006726,ORD0006726,2026-04-01T19:34:53Z,wallet,success,8905.48,SGD
PAY0006727,ORD0006727,2026-04-30T18:21:21Z,bank_transfer,success,318.6,SGD
PAY0006728,ORD0006728,2026-01-21T21:41:51Z,bank_transfer,success,4030.26,SGD
PAY0006729,ORD0006729,2026-02-19T17:13:38Z,wallet,failed,7766.82,SGD
PAY0006730,ORD0006730,2026-05-21T10:13:20Z,bank_transfer,success,5565.76,SGD
PAY0006731,ORD0006731,2026-04-02T21:36:10Z,paypal,pending,14031.94,SGD
PAY0006732,ORD0006732,2026-01-03T15:50:52Z,wallet,failed,2575.98,SGD
PAY0006733,ORD0006733,2026-05-06T14:33:50Z,paypal,success,12796.58,SGD
PAY0006734,ORD0006734,2026-04-16T22:42:12Z,card,success,5503.5,SGD
PAY0006735,ORD0006735,2026-03-24T18:49:10Z,bank_transfer,refunded,1667.14,SGD
PAY0006736,ORD0006736,2026-02-03T14:00:02Z,bank_transfer,success,5755.22,SGD
PAY0006737,ORD0006737,2026-03-17T21:02:47Z,card,pending,3321.91,SGD
PAY0006738,ORD0006738,2026-01-05T03:57:02Z,bank_transfer,success,6980.96,SGD
PAY0006739,ORD0006739,2026-02-20T16:20:07Z,bank_transfer,success,12338.27,SGD
PAY0006740,ORD0006740,2026-04-25T18:26:05Z,wallet,success,5575.83,SGD
PAY0006741,ORD0006741,2026-03-08T19:38:55Z,card,success,11401.09,SGD
PAY0006742,ORD0006742,2026-01-16T11:45:29Z,bank_transfer,success,9479.53,SGD
PAY0006743,ORD0006743,2026-02-06T23:20:17Z,card,success,5724.01,SGD
PAY0006744,ORD0006744,2026-05-11T18:24:57Z,wallet,success,4770.91,SGD
PAY0006745,ORD0006745,2026-02-16T21:57:12Z,wallet,success,14173.3,SGD
PAY0006746,ORD0006746,2026-03-22T12:24:59Z,wallet,success,13293.78,SGD
PAY0006747,ORD0006747,2026-03-06T23:12:08Z,wallet,success,17703.96,SGD
PAY0006748,ORD0006748,2026-03-31T09:45:47Z,bank_transfer,success,8344.1,SGD
PAY0006749,ORD0006749,2026-05-12T22:37:22Z,paypal,success,8296.37,SGD
PAY0006750,ORD0006750,2026-02-13T13:47:17Z,wallet,success,7442.79,SGD
PAY0006751,ORD0006751,2026-04-13T08:44:17Z,paypal,success,12779.08,SGD
PAY0006752,ORD0006752,2026-02-09T16:00:26Z,card,success,7219.19,SGD
PAY0006753,ORD0006753,2026-03-08T23:00:10Z,card,pending,8552.59,SGD
PAY0006754,ORD0006754,2026-04-05T00:36:57Z,paypal,success,12648.13,SGD
PAY0006755,ORD0006755,2026-03-03T21:44:19Z,bank_transfer,success,10876.06,SGD
PAY0006756,ORD0006756,2026-05-12T23:18:23Z,wallet,success,1657.11,SGD
PAY0006757,ORD0006757,2026-03-13T08:52:39Z,bank_transfer,success,3344.76,SGD
PAY0006758,ORD0006758,2026-04-10T23:12:16Z,card,success,7169.46,SGD
PAY0006759,ORD0006759,2026-04-06T20:37:51Z,card,refunded,9473.04,SGD
PAY0006760,ORD0006760,2026-05-14T18:10:23Z,paypal,success,5978.16,SGD
PAY0006761,ORD0006761,2026-04-01T09:34:55Z,paypal,failed,420.19,SGD
PAY0006762,ORD0006762,2026-01-26T16:52:01Z,wallet,success,9866.98,SGD
PAY0006763,ORD0006763,2026-05-11T04:01:10Z,wallet,refunded,9954.4,SGD
PAY0006764,ORD0006764,2026-04-11T12:12:06Z,card,failed,5880.36,SGD
PAY0006765,ORD0006765,2026-04-05T22:36:55Z,bank_transfer,success,4980.69,SGD
PAY0006766,ORD0006766,2026-03-24T09:32:17Z,bank_transfer,pending,3618.39,SGD
PAY0006767,ORD0006767,2026-05-23T13:50:27Z,card,pending,4885.26,SGD
PAY0006768,ORD0006768,2026-04-29T07:19:49Z,wallet,success,4056.05,SGD
PAY0006769,ORD0006769,2026-04-14T22:18:12Z,wallet,failed,5286.53,SGD
PAY0006770,ORD0006770,2026-02-20T16:58:10Z,card,success,6092.42,SGD
PAY0006771,ORD0006771,2026-03-17T21:13:20Z,paypal,success,2178.5,SGD
PAY0006772,ORD0006772,2026-03-24T04:32:26Z,wallet,success,6598.67,SGD
PAY0006773,ORD0006773,2026-01-13T02:08:07Z,paypal,success,9816.78,SGD
PAY0006774,ORD0006774,2026-01-16T07:13:23Z,wallet,failed,4737.09,SGD
PAY0006775,ORD0006775,2026-02-28T11:03:08Z,wallet,success,9626.35,SGD
PAY0006776,ORD0006776,2026-05-01T16:12:24Z,wallet,success,4159.48,SGD
PAY0006777,ORD0006777,2026-04-08T10:22:50Z,paypal,success,7520.3,SGD
PAY0006778,ORD0006778,2026-05-05T16:15:35Z,wallet,success,8584.95,SGD
PAY0006779,ORD0006779,2026-04-29T04:13:54Z,bank_transfer,success,14580.38,SGD
PAY0006780,ORD0006780,2026-03-29T16:46:20Z,paypal,success,11537.43,SGD
PAY0006781,ORD0006781,2026-02-20T15:19:43Z,paypal,success,5723.48,SGD
PAY0006782,ORD0006782,2026-04-24T19:29:36Z,wallet,success,5322.26,SGD
PAY0006783,ORD0006783,2026-02-03T18:04:07Z,bank_transfer,success,10618.1,SGD
PAY0006784,ORD0006784,2026-01-23T11:35:11Z,paypal,success,1608.82,SGD
PAY0006785,ORD0006785,2026-04-18T21:11:25Z,bank_transfer,success,11999.8,SGD
PAY0006786,ORD0006786,2026-05-15T17:19:26Z,wallet,success,13757.16,SGD
PAY0006787,ORD0006787,2026-04-04T08:03:10Z,bank_transfer,success,7189.81,SGD
PAY0006788,ORD0006788,2026-05-06T19:31:55Z,paypal,success,9574.38,SGD
PAY0006789,ORD0006789,2026-04-13T19:09:44Z,wallet,refunded,6274.83,SGD
PAY0006790,ORD0006790,2026-05-17T09:21:05Z,paypal,success,5409.8,SGD
PAY0006791,ORD0006791,2026-05-15T04:34:50Z,wallet,success,2450.99,SGD
PAY0006792,ORD0006792,2026-04-19T23:14:17Z,wallet,success,5245.13,SGD
PAY0006793,ORD0006793,2026-03-17T17:01:56Z,bank_transfer,success,13642.2,SGD
PAY0006794,ORD0006794,2026-03-30T05:20:34Z,paypal,success,7931.7,SGD
PAY0006795,ORD0006795,2026-01-19T04:40:52Z,card,success,11095.08,SGD
PAY0006796,ORD0006796,2026-04-15T15:42:06Z,card,success,15042.27,SGD
PAY0006797,ORD0006797,2026-05-07T18:21:02Z,paypal,success,4112.04,SGD
PAY0006798,ORD0006798,2026-02-02T00:02:37Z,bank_transfer,success,11981.2,SGD
PAY0006799,ORD0006799,2026-03-15T05:52:37Z,card,failed,4171.12,SGD
PAY0006800,ORD0006800,2026-01-27T21:44:46Z,wallet,success,4323.61,SGD
PAY0006801,ORD0006801,2026-05-03T21:36:35Z,paypal,refunded,7287.9,SGD
PAY0006802,ORD0006802,2026-01-30T03:24:57Z,paypal,failed,12994.78,SGD
PAY0006803,ORD0006803,2026-01-14T23:08:11Z,paypal,success,10587.03,SGD
PAY0006804,ORD0006804,2026-04-22T13:37:40Z,paypal,success,7229.63,SGD
PAY0006805,ORD0006805,2026-03-26T22:54:43Z,paypal,success,5961.83,SGD
PAY0006806,ORD0006806,2026-01-07T02:36:56Z,bank_transfer,failed,7320.24,SGD
PAY0006807,ORD0006807,2026-04-28T17:08:33Z,card,success,15083.89,SGD
PAY0006808,ORD0006808,2026-02-23T03:06:20Z,wallet,success,6978.93,SGD
PAY0006809,ORD0006809,2026-02-14T23:04:57Z,bank_transfer,success,13175.46,SGD
PAY0006810,ORD0006810,2026-05-03T22:08:53Z,card,success,6345.78,SGD
PAY0006811,ORD0006811,2026-02-11T21:42:34Z,paypal,success,2954.0,SGD
PAY0006812,ORD0006812,2026-03-10T09:22:39Z,paypal,success,4181.18,SGD
PAY0006813,ORD0006813,2026-03-12T07:24:01Z,paypal,failed,426.24,SGD
PAY0006814,ORD0006814,2026-02-14T01:28:02Z,card,success,17092.39,SGD
PAY0006815,ORD0006815,2026-03-07T02:48:40Z,bank_transfer,failed,6682.06,SGD
PAY0006816,ORD0006816,2026-01-16T04:55:45Z,wallet,success,14317.66,SGD
PAY0006817,ORD0006817,2026-03-30T09:43:30Z,bank_transfer,success,13270.36,SGD
PAY0006818,ORD0006818,2026-02-14T18:04:10Z,bank_transfer,success,11524.84,SGD
PAY0006819,ORD0006819,2026-03-25T08:54:06Z,bank_transfer,refunded,868.47,SGD
PAY0006820,ORD0006820,2026-01-16T18:13:39Z,wallet,success,628.14,SGD
PAY0006821,ORD0006821,2026-05-07T04:55:09Z,wallet,success,9059.22,SGD
PAY0006822,ORD0006822,2026-02-26T07:11:39Z,wallet,refunded,9176.62,SGD
PAY0006823,ORD0006823,2026-03-19T00:48:26Z,bank_transfer,success,6960.67,SGD
PAY0006824,ORD0006824,2026-04-29T06:51:00Z,card,success,4422.78,SGD
PAY0006825,ORD0006825,2026-05-13T14:32:11Z,paypal,success,898.96,SGD
PAY0006826,ORD0006826,2026-05-17T07:35:20Z,wallet,success,4562.49,SGD
PAY0006827,ORD0006827,2026-04-26T12:51:55Z,bank_transfer,success,-13259.01,SGD
PAY0006828,ORD0006828,2026-03-22T21:34:51Z,card,success,7016.37,SGD
PAY0006829,ORD0006829,2026-05-09T05:53:44Z,card,success,7385.18,SGD
PAY0006830,ORD0006830,2026-02-01T06:59:01Z,paypal,success,1752.15,SGD
PAY0006831,ORD0006831,2026-05-24T07:08:44Z,wallet,success,2044.22,SGD
PAY0006832,ORD0006832,2026-05-01T17:29:12Z,card,pending,9981.18,SGD
PAY0006833,ORD0006833,2026-01-25T14:02:55Z,card,success,71.43,SGD
PAY0006834,ORD0006834,2026-03-22T14:45:53Z,bank_transfer,success,21638.59,SGD
PAY0006835,ORD0006835,2026-03-27T01:17:48Z,wallet,success,5673.82,SGD
PAY0006836,ORD0006836,2026-02-09T01:55:39Z,card,success,10562.06,SGD
PAY0006837,ORD0006837,2026-01-16T11:37:05Z,card,success,4952.68,SGD
PAY0006838,ORD0006838,2026-02-14T08:32:30Z,card,success,10884.52,SGD
PAY0006839,ORD0006839,2026-05-10T07:34:08Z,paypal,success,16068.93,SGD
PAY0006840,ORD0006840,2026-05-23T23:03:32Z,wallet,success,11712.99,SGD
PAY0006841,ORD0006841,2026-02-10T13:11:09Z,paypal,pending,303.82,SGD
PAY0006842,ORD0006842,2026-04-10T17:37:28Z,card,success,17230.06,SGD
PAY0006843,ORD0006843,2026-02-15T03:08:03Z,paypal,success,5033.9,SGD
PAY0006844,ORD0006844,2026-02-26T15:31:28Z,card,success,4497.34,SGD
PAY0006845,ORD0006845,2026-01-28T10:03:55Z,bank_transfer,success,676.44,SGD
PAY0006846,ORD0006846,2026-03-27T01:31:30Z,paypal,success,4592.12,SGD
PAY0006847,ORD0006847,2026-02-20T04:21:15Z,bank_transfer,success,7183.26,SGD
PAY0006848,ORD0006848,2026-04-21T04:48:43Z,card,success,10424.77,SGD
PAY0006849,ORD0006849,2026-04-11T10:12:48Z,paypal,success,11959.11,SGD
PAY0006850,ORD0006850,2026-05-03T07:44:42Z,paypal,success,3272.42,SGD
PAY0006851,ORD0006851,2026-01-29T16:22:01Z,wallet,success,11462.71,SGD
PAY0006852,ORD0006852,2026-03-25T02:28:14Z,wallet,failed,9765.15,SGD
PAY0006853,ORD0006853,2026-04-17T21:30:35Z,wallet,success,10123.41,SGD
PAY0006854,ORD0006854,2026-03-02T20:44:43Z,card,failed,7662.98,SGD
PAY0006855,ORD0006855,2026-03-17T02:21:26Z,paypal,success,1073.58,SGD
PAY0006856,ORD0006856,2026-04-05T05:56:27Z,card,success,6730.83,SGD
PAY0006857,ORD0006857,2026-01-13T22:17:14Z,bank_transfer,success,9390.48,SGD
PAY0006858,ORD0006858,2026-01-09T13:30:00Z,wallet,success,3169.21,SGD
PAY0006859,ORD0006859,2026-01-10T12:08:35Z,wallet,pending,7374.71,SGD
PAY0006860,ORD0006860,2026-02-17T20:46:16Z,paypal,success,7938.45,SGD
PAY0006861,ORD0006861,2026-03-16T15:03:48Z,bank_transfer,success,5615.07,SGD
PAY0006862,ORD0006862,2026-04-16T13:47:35Z,bank_transfer,success,9793.4,SGD
PAY0006863,ORD0006863,2026-05-19T09:57:20Z,paypal,success,4571.84,SGD
PAY0006864,ORD0006864,2026-04-03T13:25:51Z,paypal,success,3988.69,SGD
PAY0006865,ORD0006865,2026-04-13T17:08:55Z,wallet,pending,1288.63,SGD
PAY0006866,ORD0006866,2026-03-09T04:17:03Z,paypal,success,10290.17,SGD
PAY0006867,ORD0006867,2026-02-07T16:59:29Z,card,success,7042.18,SGD
PAY0006868,ORD0006868,2026-02-10T02:47:21Z,bank_transfer,pending,13279.14,SGD
PAY0006869,ORD0006869,2026-03-18T19:59:21Z,wallet,pending,5305.49,SGD
PAY0006870,ORD0006870,2026-03-16T17:34:05Z,paypal,pending,7937.27,SGD
PAY0006871,ORD0006871,2026-02-06T13:50:14Z,card,pending,2762.48,SGD
PAY0006872,ORD0006872,2026-01-09T12:58:39Z,paypal,success,10555.02,SGD
PAY0006873,ORD0006873,2026-03-01T04:02:36Z,paypal,success,17916.37,SGD
PAY0006874,ORD0006874,2026-02-15T07:21:32Z,wallet,success,4079.67,SGD
PAY0006875,ORD0006875,2026-01-16T05:16:44Z,paypal,failed,12851.27,SGD
PAY0006876,ORD0006876,2026-02-12T16:21:04Z,paypal,success,8541.26,SGD
PAY0006877,ORD0006877,2026-04-10T04:53:09Z,bank_transfer,success,11966.79,SGD
PAY0006878,ORD0006878,2026-04-29T22:41:02Z,bank_transfer,success,12519.62,SGD
PAY0006879,ORD0006879,2026-01-19T14:28:27Z,bank_transfer,refunded,8362.38,SGD
PAY0006880,ORD0006880,2026-01-06T23:05:10Z,paypal,success,20955.47,SGD
PAY0006881,ORD0006881,2026-04-05T19:31:23Z,bank_transfer,success,15240.27,SGD
PAY0006882,ORD0006882,2026-03-28T13:34:17Z,card,pending,10914.56,SGD
PAY0006883,ORD0006883,2026-03-20T08:43:58Z,card,success,6174.25,SGD
PAY0006884,ORD0006884,2026-01-28T08:56:11Z,card,success,608.3,SGD
PAY0006885,ORD0006885,2026-03-16T05:40:37Z,card,failed,4104.08,SGD
PAY0006886,ORD0006886,2026-03-08T19:09:46Z,wallet,success,7624.67,SGD
PAY0006887,ORD0006887,2026-02-23T11:02:08Z,card,success,16210.73,SGD
PAY0006888,ORD0006888,2026-01-27T15:30:31Z,card,success,1636.21,SGD
PAY0006889,ORD0006889,2026-01-22T05:45:35Z,card,success,7247.72,SGD
PAY0006890,ORD0006890,2026-05-03T10:36:56Z,paypal,failed,1170.79,SGD
PAY0006891,ORD0006891,2026-01-06T08:58:53Z,card,refunded,8308.86,SGD
PAY0006892,ORD0006892,2026-01-27T01:59:29Z,bank_transfer,success,7909.49,SGD
PAY0006893,ORD0006893,2026-05-22T14:51:27Z,paypal,success,17949.42,SGD
PAY0006894,ORD0006894,2026-05-19T01:22:09Z,card,success,239.43,SGD
PAY0006895,ORD0006895,2026-03-08T10:27:29Z,paypal,success,3947.5,SGD
PAY0006896,ORD0006896,2026-01-26T07:01:00Z,wallet,refunded,11380.46,SGD
PAY0006897,ORD0006897,2026-04-13T10:35:38Z,paypal,success,3923.27,SGD
PAY0006898,ORD0006898,2026-04-20T02:33:10Z,bank_transfer,success,3432.06,SGD
PAY0006899,ORD0006899,2026-04-21T21:36:58Z,card,success,13329.69,SGD
PAY0006900,ORD0006900,2026-03-22T18:04:57Z,bank_transfer,refunded,913.45,SGD
PAY0006901,ORD0006901,2026-04-22T13:55:28Z,bank_transfer,success,10483.57,SGD
PAY0006902,ORD0006902,2026-04-19T03:20:53Z,wallet,refunded,4088.44,SGD
PAY0006903,ORD0006903,2026-01-11T21:23:11Z,paypal,failed,2495.57,SGD
PAY0006904,ORD0006904,2026-05-13T15:09:30Z,card,success,1611.35,SGD
PAY0006905,ORD0006905,2026-03-03T17:37:27Z,wallet,success,19470.49,SGD
PAY0006906,ORD0006906,2026-03-21T02:34:16Z,paypal,success,8267.18,SGD
PAY0006907,ORD0006907,2026-01-05T20:17:46Z,paypal,success,4281.62,SGD
PAY0006908,ORD0006908,2026-05-03T05:12:32Z,wallet,success,9250.16,SGD
PAY0006909,ORD0006909,2026-01-04T23:49:42Z,bank_transfer,pending,4631.63,SGD
PAY0006910,ORD0006910,2026-03-04T11:01:37Z,wallet,success,9696.42,SGD
PAY0006911,ORD0006911,2026-02-14T14:36:08Z,bank_transfer,success,9142.57,SGD
PAY0006912,ORD0006912,2026-04-03T18:18:03Z,card,success,6423.63,SGD
PAY0006913,ORD0006913,2026-01-31T09:09:27Z,card,success,7038.81,SGD
PAY0006914,ORD0006914,2026-05-02T09:06:11Z,bank_transfer,success,-7057.23,SGD
PAY0006915,ORD0006915,2026-04-11T23:33:36Z,wallet,success,5572.56,SGD
PAY0006916,ORD0006916,2026-03-08T08:20:18Z,bank_transfer,success,12241.52,SGD
PAY0006917,ORD0006917,2026-05-21T23:58:17Z,card,success,13422.34,SGD
PAY0006918,ORD0006918,2026-03-28T04:02:02Z,bank_transfer,success,9823.28,SGD
PAY0006919,ORD0006919,2026-04-15T13:13:24Z,wallet,failed,4121.26,SGD
PAY0006920,ORD0006920,2026-03-24T22:50:15Z,paypal,failed,5926.81,SGD
PAY0006921,ORD0006921,2026-02-21T07:47:54Z,card,success,4835.3,SGD
PAY0006922,ORD0006922,2026-03-25T03:26:52Z,paypal,failed,13002.23,SGD
PAY0006923,ORD0006923,2026-03-14T09:55:06Z,wallet,success,4821.87,SGD
PAY0006924,ORD0006924,2026-02-18T14:31:44Z,wallet,success,14560.37,SGD
PAY0006925,ORD0006925,2026-02-24T22:37:11Z,paypal,success,646.92,SGD
PAY0006926,ORD0006926,2026-04-13T22:13:15Z,bank_transfer,success,1045.0,SGD
PAY0006927,ORD0006927,2026-02-01T12:44:32Z,bank_transfer,failed,10838.34,SGD
PAY0006928,ORD0006928,2026-02-27T23:07:15Z,paypal,success,14229.4,SGD
PAY0006929,ORD0006929,2026-01-24T14:44:24Z,card,success,13534.16,SGD
PAY0006930,ORD0006930,2026-03-13T21:35:32Z,bank_transfer,success,788.88,SGD
PAY0006931,ORD0006931,2026-05-13T16:31:54Z,card,success,7229.72,SGD
PAY0006932,ORD0006932,2026-03-30T19:56:12Z,paypal,failed,17960.03,SGD
PAY0006933,ORD0006933,2026-01-01T09:27:41Z,wallet,refunded,14189.48,SGD
PAY0006934,ORD0006934,2026-04-28T06:00:42Z,wallet,success,2608.83,SGD
PAY0006935,ORD0006935,2026-03-18T10:14:14Z,wallet,success,3237.84,SGD
PAY0006936,ORD0006936,2026-03-17T04:22:28Z,paypal,success,4278.85,SGD
PAY0006937,ORD0006937,2026-02-26T00:03:13Z,paypal,pending,14764.08,SGD
PAY0006938,ORD0006938,2026-02-01T21:50:05Z,card,success,3417.84,SGD
PAY0006939,ORD0006939,2026-03-23T13:13:42Z,bank_transfer,refunded,7466.7,SGD
PAY0006940,ORD0006940,2026-02-26T16:43:24Z,paypal,refunded,4460.5,SGD
PAY0006941,ORD0006941,2026-02-27T18:52:51Z,bank_transfer,success,12509.1,SGD
PAY0006942,ORD0006942,2026-04-05T20:41:39Z,card,refunded,1946.82,SGD
PAY0006943,ORD0006943,2026-05-16T17:10:22Z,bank_transfer,success,4682.05,SGD
PAY0006944,ORD0006944,2026-05-04T04:28:15Z,wallet,success,2887.35,SGD
PAY0006945,ORD0006945,2026-03-19T07:07:12Z,bank_transfer,success,5609.75,SGD
PAY0006946,ORD0006946,2026-05-19T05:16:27Z,card,refunded,10600.6,SGD
PAY0006947,ORD0006947,2026-04-27T10:38:27Z,wallet,success,13682.73,SGD
PAY0006948,ORD0006948,2026-03-19T22:46:21Z,paypal,success,13401.38,SGD
PAY0006949,ORD0006949,2026-04-06T17:33:48Z,card,success,303.82,SGD
PAY0006950,ORD0006950,2026-01-27T20:34:42Z,paypal,refunded,5443.47,SGD
PAY0006951,ORD0006951,2026-03-10T20:05:21Z,wallet,success,3313.46,SGD
PAY0006952,ORD0006952,2026-04-21T05:21:01Z,card,success,5155.47,SGD
PAY0006953,ORD0006953,2026-01-18T22:11:31Z,bank_transfer,success,11529.75,SGD
PAY0006954,ORD0006954,2026-03-15T09:07:56Z,bank_transfer,failed,16495.1,SGD
PAY0006955,ORD0006955,2026-01-20T17:33:40Z,paypal,failed,1382.99,SGD
PAY0006956,ORD0006956,2026-05-22T16:06:42Z,card,success,11587.4,SGD
PAY0006957,ORD0006957,2026-04-06T11:34:11Z,bank_transfer,pending,3337.64,SGD
PAY0006958,ORD0006958,2026-01-02T09:36:45Z,card,success,835.05,SGD
PAY0006959,ORD0006959,2026-04-05T14:56:02Z,wallet,success,8303.18,SGD
PAY0006960,ORD0006960,2026-05-02T16:02:09Z,paypal,success,12670.65,SGD
PAY0006961,ORD0006961,2026-02-11T04:30:44Z,card,success,1799.17,SGD
PAY0006962,ORD0006962,2026-01-27T14:59:19Z,bank_transfer,failed,8784.93,SGD
PAY0006963,ORD0006963,2026-03-26T16:12:53Z,card,success,12940.35,SGD
PAY0006964,ORD0006964,2026-01-23T21:07:25Z,card,success,556.15,SGD
PAY0006965,ORD0006965,2026-01-09T15:42:57Z,wallet,refunded,3323.07,SGD
PAY0006966,ORD0006966,2026-02-09T08:21:04Z,wallet,failed,6157.6,SGD
PAY0006967,ORD0006967,2026-04-18T16:21:53Z,wallet,success,3813.81,SGD
PAY0006968,ORD0006968,2026-01-01T06:30:51Z,wallet,success,9498.1,SGD
PAY0006969,ORD0006969,2026-01-30T23:41:01Z,wallet,success,6894.18,SGD
PAY0006970,ORD0006970,2026-05-14T16:36:55Z,wallet,success,9500.19,SGD
PAY0006971,ORD0006971,2026-04-04T21:17:12Z,card,success,1913.09,SGD
PAY0006972,ORD0006972,2026-01-13T15:47:03Z,card,success,2193.44,SGD
PAY0006973,ORD0006973,2026-03-14T11:05:50Z,wallet,refunded,7139.21,SGD
PAY0006974,ORD0006974,2026-02-23T02:54:05Z,paypal,success,9440.38,SGD
PAY0006975,ORD0006975,2026-03-01T11:46:17Z,bank_transfer,success,5687.53,SGD
PAY0006976,ORD0006976,2026-02-02T07:14:13Z,bank_transfer,success,106.2,SGD
PAY0006977,ORD0006977,2026-03-04T20:38:57Z,paypal,success,5995.55,SGD
PAY0006978,ORD0006978,2026-05-19T06:05:12Z,bank_transfer,failed,4365.44,SGD
PAY0006979,ORD0006979,2026-04-01T02:18:34Z,card,refunded,7122.06,SGD
PAY0006980,ORD0006980,2026-04-29T13:17:34Z,card,success,3785.95,SGD
PAY0006981,ORD0006981,2026-01-15T23:14:36Z,card,success,6602.73,SGD
PAY0006982,ORD0006982,2026-01-18T14:19:25Z,wallet,success,2056.06,SGD
PAY0006983,ORD0006983,2026-03-01T22:48:26Z,paypal,refunded,2899.52,SGD
PAY0006984,ORD0006984,2026-04-28T02:16:18Z,bank_transfer,success,6132.56,SGD
PAY0006985,ORD0006985,2026-05-22T09:19:45Z,bank_transfer,success,8434.0,SGD
PAY0006986,ORD0006986,2026-01-17T08:09:45Z,bank_transfer,success,552.37,SGD
PAY0006987,ORD0006987,2026-03-07T04:15:33Z,card,refunded,15546.03,SGD
PAY0006988,ORD0006988,2026-05-08T14:09:49Z,paypal,success,13587.81,SGD
PAY0006989,ORD0006989,2026-03-01T00:22:55Z,wallet,success,1957.68,SGD
PAY0006990,ORD0006990,2026-01-18T12:31:33Z,wallet,success,2154.26,SGD
PAY0006991,ORD0006991,2026-02-19T09:49:27Z,wallet,success,5337.2,SGD
PAY0006992,ORD0006992,2026-01-11T03:13:55Z,card,success,6157.82,SGD
PAY0006993,ORD0006993,2026-05-01T02:19:45Z,bank_transfer,success,3400.11,SGD
PAY0006994,ORD0006994,2026-05-24T16:11:32Z,paypal,pending,10342.3,SGD
PAY0006995,ORD0006995,2026-01-25T19:12:39Z,wallet,success,8427.18,SGD
PAY0006996,ORD0006996,2026-03-24T05:17:54Z,card,refunded,5208.78,SGD
PAY0006997,ORD0006997,2026-04-16T19:52:57Z,card,success,15614.71,SGD
PAY0006998,ORD0006998,2026-01-12T00:35:12Z,wallet,success,4831.99,SGD
PAY0006999,ORD0006999,2026-01-19T02:46:50Z,wallet,success,533.7,SGD
PAY0007000,ORD0007000,2026-05-14T04:57:35Z,wallet,success,9933.13,SGD
PAY0007001,ORD0007001,2026-01-02T10:38:03Z,paypal,success,10421.74,SGD
PAY0007002,ORD0007002,2026-04-30T09:44:39Z,wallet,success,7455.79,SGD
PAY0007003,ORD0007003,2026-03-12T08:43:36Z,bank_transfer,success,7954.82,SGD
PAY0007004,ORD0007004,2026-05-17T16:42:48Z,paypal,pending,3349.98,SGD
PAY0007005,ORD0007005,2026-03-14T15:27:12Z,card,pending,3256.04,SGD
PAY0007006,ORD0007006,2026-03-02T18:28:45Z,bank_transfer,success,6893.21,SGD
PAY0007007,ORD0007007,2026-01-19T21:07:36Z,bank_transfer,success,2534.44,SGD
PAY0007008,ORD0007008,2026-02-14T02:31:12Z,paypal,success,4549.46,SGD
PAY0007009,ORD0007009,2026-05-07T19:06:36Z,card,pending,4378.29,SGD
PAY0007010,ORD0007010,2026-04-02T05:44:54Z,card,refunded,8690.38,SGD
PAY0007011,ORD0007011,2026-04-13T10:45:59Z,paypal,success,7809.63,SGD
PAY0007012,ORD0007012,2026-04-22T09:30:35Z,paypal,success,11547.1,SGD
PAY0007013,ORD0007013,2026-04-14T16:26:33Z,wallet,success,6760.54,SGD
PAY0007014,ORD0007014,2026-04-06T07:46:55Z,card,success,1271.27,SGD
PAY0007015,ORD0007015,2026-04-20T12:04:49Z,bank_transfer,success,5097.87,SGD
PAY0007016,ORD0007016,2026-05-12T00:01:07Z,card,success,405.21,SGD
PAY0007017,ORD0007017,2026-01-20T17:06:34Z,bank_transfer,failed,7291.35,SGD
PAY0007018,ORD0007018,2026-05-21T16:53:50Z,bank_transfer,pending,11894.75,SGD
PAY0007019,ORD0007019,2026-02-17T21:23:35Z,card,refunded,6434.16,SGD
PAY0007020,ORD0007020,2026-01-15T02:28:10Z,bank_transfer,success,14007.9,SGD
PAY0007021,ORD0007021,2026-02-26T13:56:41Z,card,success,4448.9,SGD
PAY0007022,ORD0007022,2026-03-26T05:11:59Z,wallet,refunded,3294.45,SGD
PAY0007023,ORD0007023,2026-02-15T04:03:51Z,card,success,948.0,SGD
PAY0007024,ORD0007024,2026-04-16T02:39:05Z,paypal,success,6453.5,SGD
PAY0007025,ORD0007025,2026-03-11T01:58:24Z,paypal,success,12859.41,SGD
PAY0007026,ORD0007026,2026-03-13T08:04:32Z,paypal,failed,1871.42,SGD
PAY0007027,ORD0007027,2026-01-31T01:20:31Z,wallet,success,16648.72,SGD
PAY0007028,ORD0007028,2026-01-27T20:44:32Z,paypal,success,7106.77,SGD
PAY0007029,ORD0007029,2026-01-28T02:50:32Z,paypal,success,11315.37,SGD
PAY0007030,ORD0007030,2026-05-11T22:53:34Z,bank_transfer,refunded,4784.07,SGD
PAY0007031,ORD0007031,2026-02-07T10:24:05Z,paypal,pending,2279.05,SGD
PAY0007032,ORD0007032,2026-05-02T22:57:25Z,wallet,refunded,11292.67,SGD
PAY0007033,ORD0007033,2026-03-24T04:02:32Z,bank_transfer,failed,7996.68,SGD
PAY0007034,ORD0007034,2026-04-01T14:11:08Z,card,success,4607.15,SGD
PAY0007035,ORD0007035,2026-02-01T17:59:47Z,card,success,10604.29,SGD
PAY0007036,ORD0007036,2026-01-07T15:48:22Z,card,success,17160.25,SGD
PAY0007037,ORD0007037,2026-03-04T00:56:24Z,wallet,success,3723.46,SGD
PAY0007038,ORD0007038,2026-02-25T21:56:52Z,card,success,8411.02,SGD
PAY0007039,ORD0007039,2026-03-17T16:35:04Z,paypal,success,6944.54,SGD
PAY0007040,ORD0007040,2026-04-25T11:52:15Z,paypal,success,16519.35,SGD
PAY0007041,ORD0007041,2026-04-18T19:25:12Z,card,success,2102.05,SGD
PAY0007042,ORD0007042,2026-01-11T15:11:30Z,bank_transfer,success,3585.8,SGD
PAY0007043,ORD0007043,2026-05-06T21:25:02Z,paypal,success,10390.47,SGD
PAY0007044,ORD0007044,2026-05-04T21:14:25Z,bank_transfer,failed,16214.45,SGD
PAY0007045,ORD0007045,2026-03-28T08:03:33Z,wallet,success,14181.97,SGD
PAY0007046,ORD0007046,2026-02-17T18:54:46Z,bank_transfer,refunded,5455.68,SGD
PAY0007047,ORD0007047,2026-03-06T05:55:30Z,bank_transfer,failed,1164.98,SGD
PAY0007048,ORD0007048,2026-01-29T09:46:21Z,wallet,success,7062.22,SGD
PAY0007049,ORD0007049,2026-04-21T05:29:39Z,bank_transfer,pending,6605.61,SGD
PAY0007050,ORD0007050,2026-04-01T19:32:25Z,paypal,success,4545.94,SGD
PAY0007051,ORD0007051,2026-04-04T10:10:16Z,wallet,success,2403.8,SGD
PAY0007052,ORD0007052,2026-04-27T22:32:58Z,bank_transfer,pending,8381.12,SGD
PAY0007053,ORD0007053,2026-04-17T20:18:53Z,paypal,success,3291.32,SGD
PAY0007054,ORD0007054,2026-01-29T07:48:53Z,bank_transfer,failed,1495.88,SGD
PAY0007055,ORD0007055,2026-01-13T08:54:50Z,card,success,9636.18,SGD
PAY0007056,ORD0007056,2026-03-20T12:03:11Z,bank_transfer,success,10114.26,SGD
PAY0007057,ORD0007057,2026-01-28T12:12:47Z,card,success,3754.58,SGD
PAY0007058,ORD0007058,2026-04-22T16:10:39Z,bank_transfer,success,8726.36,SGD
PAY0007059,ORD0007059,2026-02-03T21:39:49Z,paypal,success,9228.69,SGD
PAY0007060,ORD0007060,2026-03-13T14:37:18Z,bank_transfer,success,4951.79,SGD
PAY0007061,ORD0007061,2026-04-06T04:12:35Z,bank_transfer,success,8445.81,SGD
PAY0007062,ORD0007062,2026-04-11T03:45:22Z,paypal,pending,2920.23,SGD
PAY0007063,ORD0007063,2026-02-07T13:28:34Z,wallet,success,6427.86,SGD
PAY0007064,ORD0007064,2026-04-13T07:44:16Z,wallet,success,13290.35,SGD
PAY0007065,ORD0007065,2026-01-27T23:26:31Z,bank_transfer,success,381.62,SGD
PAY0007066,ORD0007066,2026-02-08T22:17:04Z,paypal,success,11809.26,SGD
PAY0007067,ORD0007067,2026-01-23T03:27:32Z,card,success,7605.4,SGD
PAY0007068,ORD0007068,2026-03-09T00:41:01Z,bank_transfer,failed,10824.59,SGD
PAY0007069,ORD0007069,2026-03-18T05:17:31Z,wallet,success,17660.99,SGD
PAY0007070,ORD0007070,2026-01-13T15:41:34Z,wallet,success,25710.63,SGD
PAY0007071,ORD0007071,2026-04-24T17:42:33Z,bank_transfer,success,5730.53,SGD
PAY0007072,ORD0007072,2026-04-17T11:38:17Z,paypal,success,8080.09,SGD
PAY0007073,ORD0007073,2026-05-15T01:05:00Z,bank_transfer,success,3575.67,SGD
PAY0007074,ORD0007074,2026-03-05T06:11:34Z,paypal,success,14312.16,SGD
PAY0007075,ORD0007075,2026-01-20T14:12:25Z,paypal,success,2953.16,SGD
PAY0007076,ORD0007076,2026-02-16T01:19:03Z,bank_transfer,success,5737.54,SGD
PAY0007077,ORD0007077,2026-04-06T10:12:00Z,paypal,success,8902.88,SGD
PAY0007078,ORD0007078,2026-04-27T10:16:08Z,card,success,4980.76,SGD
PAY0007079,ORD0007079,2026-01-04T22:40:21Z,wallet,success,17654.26,SGD
PAY0007080,ORD0007080,2026-05-22T01:33:44Z,card,success,5959.22,SGD
PAY0007081,ORD0007081,2026-05-05T16:46:13Z,wallet,refunded,5759.21,SGD
PAY0007082,ORD0007082,2026-04-05T21:41:08Z,paypal,success,8376.07,SGD
PAY0007083,ORD0007083,2026-05-19T12:29:39Z,wallet,refunded,15006.36,SGD
PAY0007084,ORD0007084,2026-02-03T00:46:55Z,card,success,1006.74,SGD
PAY0007085,ORD0007085,2026-02-24T22:54:21Z,paypal,pending,4632.03,SGD
PAY0007086,ORD0007086,2026-05-15T05:06:07Z,card,success,16654.98,SGD
PAY0007087,ORD0007087,2026-05-09T04:50:00Z,wallet,success,4633.08,SGD
PAY0007088,ORD0007088,2026-03-22T15:00:10Z,card,success,5511.21,SGD
PAY0007089,ORD0007089,2026-02-12T12:23:10Z,wallet,success,109.26,SGD
PAY0007090,ORD0007090,2026-01-05T11:35:21Z,card,success,1592.86,SGD
PAY0007091,ORD0007091,2026-03-17T18:01:52Z,card,success,7390.92,SGD
PAY0007092,ORD0007092,2026-01-25T18:06:17Z,card,success,3607.89,SGD
PAY0007093,ORD0007093,2026-04-01T06:00:20Z,bank_transfer,success,12946.55,SGD
PAY0007094,ORD0007094,2026-05-23T21:43:14Z,wallet,success,13584.63,SGD
PAY0007095,ORD0007095,2026-01-13T21:54:09Z,wallet,pending,796.43,SGD
PAY0007096,ORD0007096,2026-04-14T15:21:23Z,bank_transfer,success,7999.0,SGD
PAY0007097,ORD0007097,2026-04-22T21:59:04Z,paypal,success,5211.13,SGD
PAY0007098,ORD0007098,2026-01-20T21:41:15Z,paypal,success,3409.47,SGD
PAY0007099,ORD0007099,2026-01-14T08:40:49Z,bank_transfer,success,3849.89,SGD
PAY0007100,ORD0007100,2026-05-15T00:32:16Z,bank_transfer,success,556.15,SGD
PAY0007101,ORD0007101,2026-02-21T22:59:48Z,wallet,failed,16170.5,SGD
PAY0007102,ORD0007102,2026-03-01T02:02:35Z,bank_transfer,success,1486.86,SGD
PAY0007103,ORD0007103,2026-02-28T06:00:33Z,wallet,failed,4486.04,SGD
PAY0007104,ORD0007104,2026-02-26T17:27:29Z,paypal,success,7347.64,SGD
PAY0007105,ORD0007105,2026-04-14T19:15:32Z,bank_transfer,success,5545.32,SGD
PAY0007106,ORD0007106,2026-04-24T22:51:38Z,paypal,success,6931.51,SGD
PAY0007107,ORD0007107,2026-01-11T02:35:16Z,card,success,2083.5,SGD
PAY0007108,ORD0007108,2026-01-22T15:24:16Z,card,success,3538.26,SGD
PAY0007109,ORD0007109,2026-04-12T07:57:00Z,paypal,success,6018.57,SGD
PAY0007110,ORD0007110,2026-04-19T04:47:28Z,paypal,success,11087.98,SGD
PAY0007111,ORD0007111,2026-03-28T13:17:09Z,paypal,success,13207.69,SGD
PAY0007112,ORD0007112,2026-01-17T03:47:43Z,paypal,failed,1999.47,SGD
PAY0007113,ORD0007113,2026-02-11T06:49:24Z,card,success,12735.13,SGD
PAY0007114,ORD0007114,2026-01-19T02:49:42Z,wallet,success,10366.45,SGD
PAY0007115,ORD0007115,2026-04-03T09:02:10Z,card,success,7996.55,SGD
PAY0007116,ORD0007116,2026-04-17T14:00:12Z,wallet,refunded,9930.21,SGD
PAY0007117,ORD0007117,2026-04-02T03:02:17Z,bank_transfer,success,12000.99,SGD
PAY0007118,ORD0007118,2026-02-12T21:27:35Z,paypal,pending,1711.01,SGD
PAY0007119,ORD0007119,2026-01-12T00:21:13Z,card,pending,2763.18,SGD
PAY0007120,ORD0007120,2026-01-30T10:33:54Z,paypal,success,5916.94,SGD
PAY0007121,ORD0007121,2026-02-20T13:22:38Z,bank_transfer,success,234.51,SGD
PAY0007122,ORD0007122,2026-01-31T04:52:20Z,paypal,success,2557.62,SGD
PAY0007123,ORD0007123,2026-05-03T19:19:14Z,paypal,failed,4824.82,SGD
PAY0007124,ORD0007124,2026-03-11T12:38:28Z,wallet,success,8676.3,SGD
PAY0007125,ORD0007125,2026-05-20T17:15:01Z,paypal,success,7651.62,SGD
PAY0007126,ORD0007126,2026-01-02T22:26:25Z,paypal,success,8374.92,SGD
PAY0007127,ORD0007127,2026-02-02T11:23:59Z,bank_transfer,success,17488.64,SGD
PAY0007128,ORD0007128,2026-01-08T03:07:13Z,wallet,failed,1365.22,SGD
PAY0007129,ORD0007129,2026-03-25T18:38:05Z,bank_transfer,success,20395.16,SGD
PAY0007130,ORD0007130,2026-04-08T00:16:48Z,card,success,457.71,SGD
PAY0007131,ORD0007131,2026-04-09T13:03:15Z,paypal,success,3632.49,SGD
PAY0007132,ORD0007132,2026-01-02T07:29:06Z,bank_transfer,success,15656.51,SGD
PAY0007133,ORD0007133,2026-01-20T19:52:58Z,card,failed,5606.84,SGD
PAY0007134,ORD0007134,2026-03-12T16:50:42Z,wallet,success,20669.9,SGD
PAY0007135,ORD0007135,2026-03-28T15:00:09Z,card,pending,14580.23,SGD
PAY0007136,ORD0007136,2026-05-03T03:57:25Z,paypal,success,16191.93,SGD
PAY0007137,ORD0007137,2026-03-09T23:46:53Z,card,success,6085.41,SGD
PAY0007138,ORD0007138,2026-03-18T01:51:25Z,card,success,5097.57,SGD
PAY0007139,ORD0007139,2026-02-22T16:39:35Z,bank_transfer,success,11157.52,SGD
PAY0007140,ORD0007140,2026-04-28T01:02:37Z,paypal,success,3392.3,SGD
PAY0007141,ORD0007141,2026-01-02T17:55:19Z,card,success,11026.03,SGD
PAY0007142,ORD0007142,2026-03-06T11:08:42Z,card,pending,15423.86,SGD
PAY0007143,ORD0007143,2026-03-24T00:58:55Z,wallet,success,4519.21,SGD
PAY0007144,ORD0007144,2026-01-29T21:30:48Z,card,success,7694.02,SGD
PAY0007145,ORD0007145,2026-05-05T11:07:56Z,bank_transfer,failed,2272.98,SGD
PAY0007146,ORD0007146,2026-04-02T17:28:42Z,card,success,12214.82,SGD
PAY0007147,ORD0007147,2026-04-09T14:12:28Z,wallet,refunded,8749.98,SGD
PAY0007148,ORD0007148,2026-01-08T13:09:28Z,bank_transfer,success,1720.47,SGD
PAY0007149,ORD0007149,2026-02-25T14:18:57Z,paypal,success,6793.18,SGD
PAY0007150,ORD0007150,2026-05-21T19:45:42Z,paypal,refunded,12534.22,SGD
PAY0007151,ORD0007151,2026-03-30T07:33:51Z,bank_transfer,success,10612.4,SGD
PAY0007152,ORD0007152,2026-04-17T20:30:56Z,paypal,success,3884.37,SGD
PAY0007153,ORD0007153,2026-04-04T13:43:38Z,paypal,success,4651.04,SGD
PAY0007154,ORD0007154,2026-04-01T22:10:36Z,paypal,success,15289.86,SGD
PAY0007155,ORD0007155,2026-01-19T09:38:23Z,card,success,5256.97,SGD
PAY0007156,ORD0007156,2026-03-02T08:42:58Z,card,success,647.42,SGD
PAY0007157,ORD0007157,2026-05-07T12:54:32Z,bank_transfer,pending,6338.58,SGD
PAY0007158,ORD0007158,2026-03-30T21:16:45Z,card,pending,10904.6,SGD
PAY0007159,ORD0007159,2026-01-03T14:16:26Z,card,success,6731.1,SGD
PAY0007160,ORD0007160,2026-03-24T06:02:19Z,wallet,pending,5200.68,SGD
PAY0007161,ORD0007161,2026-01-29T20:13:29Z,card,success,10992.19,SGD
PAY0007162,ORD0007162,2026-04-04T17:16:57Z,bank_transfer,success,4551.68,SGD
PAY0007163,ORD0007163,2026-03-03T14:34:47Z,bank_transfer,pending,9561.11,SGD
PAY0007164,ORD0007164,2026-02-12T17:41:22Z,card,success,628.14,SGD
PAY0007165,ORD0007165,2026-04-20T13:00:16Z,wallet,pending,10807.06,SGD
PAY0007166,ORD0007166,2026-04-12T04:21:57Z,paypal,failed,9570.42,SGD
PAY0007167,ORD0007167,2026-02-07T07:29:52Z,wallet,success,13008.11,SGD
PAY0007168,ORD0007168,2026-03-28T21:15:54Z,bank_transfer,success,4258.46,SGD
PAY0007169,ORD0007169,2026-03-09T12:54:17Z,paypal,success,4049.84,SGD
PAY0007170,ORD0007170,2026-03-30T21:59:23Z,wallet,success,11498.23,SGD
PAY0007171,ORD0007171,2026-01-06T01:23:06Z,card,success,7723.08,SGD
PAY0007172,ORD0007172,2026-01-12T06:07:31Z,bank_transfer,success,4448.6,SGD
PAY0007173,ORD0007173,2026-01-08T08:02:28Z,bank_transfer,success,12066.98,SGD
PAY0007174,ORD0007174,2026-01-04T08:21:25Z,paypal,success,5626.46,SGD
PAY0007175,ORD0007175,2026-01-11T19:50:53Z,card,refunded,10577.91,SGD
PAY0007176,ORD0007176,2026-02-27T14:52:51Z,paypal,success,9619.64,SGD
PAY0007177,ORD0007177,2026-03-01T15:38:31Z,bank_transfer,success,3418.72,SGD
PAY0007178,ORD0007178,2026-03-02T18:51:18Z,wallet,success,15749.87,SGD
PAY0007179,ORD0007179,2026-02-23T06:05:04Z,bank_transfer,success,2010.56,SGD
PAY0007180,ORD0007180,2026-01-27T14:50:32Z,card,success,2429.3,SGD
PAY0007181,ORD0007181,2026-05-08T14:01:47Z,card,success,8093.25,SGD
PAY0007182,ORD0007182,2026-01-12T13:44:43Z,wallet,failed,6487.97,SGD
PAY0007183,ORD0007183,2026-01-12T21:48:07Z,bank_transfer,success,1144.86,SGD
PAY0007184,ORD0007184,2026-03-16T22:13:05Z,wallet,failed,7984.96,SGD
PAY0007185,ORD0007185,2026-05-05T06:30:13Z,wallet,success,6693.52,SGD
PAY0007186,ORD0007186,2026-02-02T21:56:09Z,wallet,failed,1670.1,SGD
PAY0007187,ORD0007187,2026-04-27T22:39:10Z,wallet,success,10037.4,SGD
PAY0007188,ORD0007188,2026-01-17T01:20:42Z,bank_transfer,refunded,1591.8,SGD
PAY0007189,ORD0007189,2026-03-04T00:55:05Z,paypal,success,3462.45,SGD
PAY0007190,ORD0007190,2026-01-05T17:29:55Z,bank_transfer,success,2015.13,SGD
PAY0007191,ORD0007191,2026-03-17T02:19:07Z,card,success,13840.85,SGD
PAY0007192,ORD0007192,2026-05-21T00:29:50Z,paypal,success,4692.24,SGD
PAY0007193,ORD0007193,2026-02-17T09:26:15Z,paypal,success,6889.23,SGD
PAY0007194,ORD0007194,2026-04-27T16:00:55Z,paypal,success,804.41,SGD
PAY0007195,ORD0007195,2026-01-03T05:26:15Z,bank_transfer,success,11786.58,SGD
PAY0007196,ORD0007196,2026-04-04T22:55:57Z,wallet,success,7614.09,SGD
PAY0007197,ORD0007197,2026-02-15T15:18:44Z,wallet,success,4094.68,SGD
PAY0007198,ORD0007198,2026-01-30T07:51:22Z,bank_transfer,pending,3952.9,SGD
PAY0007199,ORD0007199,2026-04-28T05:16:23Z,card,success,5863.38,SGD
PAY0007200,ORD0007200,2026-05-17T15:17:11Z,paypal,pending,2953.16,SGD
PAY0007201,ORD0007201,2026-03-11T14:00:44Z,bank_transfer,success,10281.57,SGD
PAY0007202,ORD0007202,2026-02-19T09:22:36Z,card,success,6202.09,SGD
PAY0007203,ORD0007203,2026-02-13T02:28:14Z,card,success,5332.01,SGD
PAY0007204,ORD0007204,2026-03-07T12:47:32Z,card,refunded,11571.15,SGD
PAY0007205,ORD0007205,2026-05-05T17:50:11Z,paypal,success,15176.69,SGD
PAY0007206,ORD0007206,2026-01-25T05:36:44Z,card,success,12720.1,SGD
PAY0007207,ORD0007207,2026-01-27T02:05:30Z,wallet,success,7539.09,SGD
PAY0007208,ORD0007208,2026-01-30T12:41:03Z,card,success,10164.48,SGD
PAY0007209,ORD0007209,2026-02-14T07:07:31Z,paypal,success,5000.37,SGD
PAY0007210,ORD0007210,2026-05-11T18:36:48Z,bank_transfer,success,14194.06,SGD
PAY0007211,ORD0007211,2026-05-21T03:13:44Z,bank_transfer,pending,5019.11,SGD
PAY0007212,ORD0007212,2026-01-17T12:32:02Z,wallet,refunded,15627.35,SGD
PAY0007213,ORD0007213,2026-04-18T20:45:20Z,bank_transfer,success,7478.49,SGD
PAY0007214,ORD0007214,2026-04-04T12:18:53Z,paypal,failed,17368.55,SGD
PAY0007215,ORD0007215,2026-05-09T12:02:44Z,paypal,success,10792.66,SGD
PAY0007216,ORD0007216,2026-04-28T14:40:55Z,paypal,refunded,5936.54,SGD
PAY0007217,ORD0007217,2026-03-23T03:26:41Z,card,success,4393.4,SGD
PAY0007218,ORD0007218,2026-01-24T17:34:35Z,bank_transfer,success,13398.53,SGD
PAY0007219,ORD0007219,2026-02-28T23:01:41Z,wallet,success,2230.25,SGD
PAY0007220,ORD0007220,2026-01-28T10:52:10Z,paypal,success,7033.99,SGD
PAY0007221,ORD0007221,2026-04-12T13:56:40Z,bank_transfer,success,5133.03,SGD
PAY0007222,ORD0007222,2026-03-10T14:47:49Z,bank_transfer,success,6337.79,SGD
PAY0007223,ORD0007223,2026-03-27T06:04:57Z,paypal,success,5442.66,SGD
PAY0007224,ORD0007224,2026-05-06T08:49:15Z,bank_transfer,success,2330.04,SGD
PAY0007225,ORD0007225,2026-02-02T00:13:59Z,paypal,success,4046.34,SGD
PAY0007226,ORD0007226,2026-04-30T07:44:57Z,paypal,success,4732.65,SGD
PAY0007227,ORD0007227,2026-03-11T15:42:38Z,paypal,success,9170.18,SGD
PAY0007228,ORD0007228,2026-04-17T08:48:41Z,bank_transfer,refunded,2167.05,SGD
PAY0007229,ORD0007229,2026-03-31T03:53:15Z,bank_transfer,success,4997.48,SGD
PAY0007230,ORD0007230,2026-01-07T20:39:59Z,wallet,refunded,2338.79,SGD
PAY0007231,ORD0007231,2026-03-08T15:55:58Z,wallet,success,2772.7,SGD
PAY0007232,ORD0007232,2026-01-08T07:38:07Z,paypal,pending,16773.41,SGD
PAY0007233,ORD0007233,2026-04-27T07:01:59Z,wallet,success,11454.63,SGD
PAY0007234,ORD0007234,2026-02-02T15:52:13Z,paypal,refunded,7287.9,SGD
PAY0007235,ORD0007235,2026-03-22T17:07:16Z,bank_transfer,success,18112.3,SGD
PAY0007236,ORD0007236,2026-04-01T11:52:55Z,wallet,pending,7891.8,SGD
PAY0007237,ORD0007237,2026-04-10T14:37:00Z,card,refunded,15650.22,SGD
PAY0007238,ORD0007238,2026-04-11T13:43:28Z,bank_transfer,success,14642.22,SGD
PAY0007239,ORD0007239,2026-03-15T14:02:20Z,wallet,failed,5559.11,SGD
PAY0007240,ORD0007240,2026-01-27T23:38:10Z,card,success,5958.38,SGD
PAY0007241,ORD0007241,2026-03-04T19:10:57Z,bank_transfer,refunded,13399.43,SGD
PAY0007242,ORD0007242,2026-03-28T22:16:40Z,card,success,12779.97,SGD
PAY0007243,ORD0007243,2026-05-01T05:11:41Z,paypal,success,10052.37,SGD
PAY0007244,ORD0007244,2026-03-05T08:34:43Z,bank_transfer,pending,239.43,SGD
PAY0007245,ORD0007245,2026-02-05T03:23:24Z,bank_transfer,pending,7791.64,SGD
PAY0007246,ORD0007246,2026-05-16T04:34:00Z,paypal,success,10062.43,SGD
PAY0007247,ORD0007247,2026-02-03T01:15:28Z,card,success,2607.91,SGD
PAY0007248,ORD0007248,2026-02-27T09:45:17Z,card,refunded,487.77,SGD
PAY0007249,ORD0007249,2026-03-29T11:46:27Z,wallet,success,7820.94,SGD
PAY0007250,ORD0007250,2026-03-04T06:09:49Z,card,success,9618.24,SGD
PAY0007251,ORD0007251,2026-03-15T03:07:44Z,card,success,12517.33,SGD
PAY0007252,ORD0007252,2026-01-29T20:13:26Z,bank_transfer,failed,1621.18,SGD
PAY0007253,ORD0007253,2026-05-03T20:37:26Z,wallet,failed,8252.53,SGD
PAY0007254,ORD0007254,2026-02-18T09:36:03Z,wallet,success,19.64,SGD
PAY0007255,ORD0007255,2026-01-18T17:47:12Z,wallet,pending,15622.41,SGD
PAY0007256,ORD0007256,2026-02-16T21:30:31Z,card,success,4916.12,SGD
PAY0007257,ORD0007257,2026-05-19T04:01:41Z,paypal,success,5891.84,SGD
PAY0007258,ORD0007258,2026-01-04T03:34:28Z,card,success,632.0,SGD
PAY0007259,ORD0007259,2026-02-14T04:59:58Z,paypal,success,1976.45,SGD
PAY0007260,ORD0007260,2026-04-23T07:21:15Z,bank_transfer,success,7632.69,SGD
PAY0007261,ORD0007261,2026-03-01T22:00:17Z,paypal,failed,15500.85,SGD
PAY0007262,ORD0007262,2026-04-01T12:08:32Z,wallet,refunded,14344.45,SGD
PAY0007263,ORD0007263,2026-03-18T20:08:08Z,wallet,success,5098.42,SGD
PAY0007264,ORD0007264,2026-02-04T23:57:31Z,bank_transfer,success,7704.81,SGD
PAY0007265,ORD0007265,2026-03-07T19:11:19Z,wallet,success,10950.86,SGD
PAY0007266,ORD0007266,2026-01-11T18:56:11Z,wallet,success,3095.9,SGD
PAY0007267,ORD0007267,2026-04-10T03:07:33Z,wallet,success,11664.51,SGD
PAY0007268,ORD0007268,2026-04-07T19:12:52Z,bank_transfer,pending,16500.3,SGD
PAY0007269,ORD0007269,2026-03-30T16:40:47Z,bank_transfer,success,9827.76,SGD
PAY0007270,ORD0007270,2026-02-17T04:01:49Z,bank_transfer,success,4441.66,SGD
PAY0007271,ORD0007271,2026-02-22T06:17:10Z,bank_transfer,success,7181.19,SGD
PAY0007272,ORD0007272,2026-01-10T00:50:27Z,card,success,11400.59,SGD
PAY0007273,ORD0007273,2026-01-26T07:03:09Z,wallet,success,5340.48,SGD
PAY0007274,ORD0007274,2026-01-31T14:56:18Z,card,success,17227.06,SGD
PAY0007275,ORD0007275,2026-04-06T13:29:56Z,card,success,14155.05,SGD
PAY0007276,ORD0007276,2026-03-18T22:40:14Z,wallet,success,11174.82,SGD
PAY0007277,ORD0007277,2026-04-14T20:50:18Z,bank_transfer,pending,11579.01,SGD
PAY0007278,ORD0007278,2026-04-11T19:58:11Z,paypal,refunded,5790.24,SGD
PAY0007279,ORD0007279,2026-03-02T15:50:04Z,wallet,success,1474.26,SGD
PAY0007280,ORD0007280,2026-05-07T20:20:36Z,bank_transfer,success,17335.73,SGD
PAY0007281,ORD0007281,2026-04-03T21:26:31Z,wallet,refunded,2923.06,SGD
PAY0007282,ORD0007282,2026-04-24T19:10:00Z,paypal,failed,9846.06,SGD
PAY0007283,ORD0007283,2026-01-24T14:16:15Z,paypal,failed,17236.81,SGD
PAY0007284,ORD0007284,2026-03-20T05:04:40Z,wallet,success,11710.03,SGD
PAY0007285,ORD0007285,2026-01-18T17:07:01Z,paypal,failed,13624.16,SGD
PAY0007286,ORD0007286,2026-01-03T01:24:42Z,paypal,success,10398.86,SGD
PAY0007287,ORD0007287,2026-01-14T23:38:02Z,card,success,11270.34,SGD
PAY0007288,ORD0007288,2026-01-08T17:43:09Z,paypal,success,10102.55,SGD
PAY0007289,ORD0007289,2026-05-13T12:20:24Z,card,success,840.38,SGD
PAY0007290,ORD0007290,2026-03-24T13:13:51Z,card,success,3545.02,SGD
PAY0007291,ORD0007291,2026-02-27T04:17:44Z,card,success,835.05,SGD
PAY0007292,ORD0007292,2026-01-28T06:17:59Z,bank_transfer,success,1671.27,SGD
PAY0007293,ORD0007293,2026-02-25T02:46:48Z,bank_transfer,failed,4480.41,SGD
PAY0007294,ORD0007294,2026-02-28T06:49:14Z,card,pending,16105.04,SGD
PAY0007295,ORD0007295,2026-03-13T08:34:03Z,wallet,success,10608.39,SGD
PAY0007296,ORD0007296,2026-03-19T04:54:11Z,card,success,12058.08,SGD
PAY0007297,ORD0007297,2026-04-28T07:40:16Z,paypal,success,3260.26,SGD
PAY0007298,ORD0007298,2026-03-06T01:23:41Z,paypal,success,11726.0,SGD
PAY0007299,ORD0007299,2026-03-24T00:30:48Z,card,success,2764.65,SGD
PAY0007300,ORD0007300,2026-01-29T15:38:15Z,paypal,pending,5512.6,SGD
PAY0007301,ORD0007301,2026-03-02T12:54:31Z,card,success,14290.41,SGD
PAY0007302,ORD0007302,2026-01-14T02:57:00Z,bank_transfer,success,15784.66,SGD
PAY0007303,ORD0007303,2026-01-14T01:34:32Z,card,success,14826.48,SGD
PAY0007304,ORD0007304,2026-05-08T21:53:36Z,wallet,success,17859.33,SGD
PAY0007305,ORD0007305,2026-03-02T00:28:02Z,bank_transfer,success,12128.26,SGD
PAY0007306,ORD0007306,2026-02-03T21:04:12Z,bank_transfer,success,8994.52,SGD
PAY0007307,ORD0007307,2026-01-24T03:52:58Z,paypal,failed,6868.71,SGD
PAY0007308,ORD0007308,2026-02-20T02:16:48Z,wallet,success,12979.74,SGD
PAY0007309,ORD0007309,2026-01-03T03:47:59Z,paypal,success,12073.25,SGD
PAY0007310,ORD0007310,2026-02-16T00:06:42Z,bank_transfer,refunded,2036.55,SGD
PAY0007311,ORD0007311,2026-01-26T04:13:51Z,paypal,success,5866.02,SGD
PAY0007312,ORD0007312,2026-04-23T10:43:46Z,bank_transfer,success,12020.1,SGD
PAY0007313,ORD0007313,2026-03-21T16:19:04Z,paypal,success,2454.72,SGD
PAY0007314,ORD0007314,2026-02-03T11:40:38Z,paypal,success,12416.77,SGD
PAY0007315,ORD0007315,2026-03-22T17:33:35Z,card,success,3382.14,SGD
PAY0007316,ORD0007316,2026-03-31T17:07:18Z,wallet,success,4843.54,SGD
PAY0007317,ORD0007317,2026-04-04T12:46:12Z,paypal,refunded,16794.31,SGD
PAY0007318,ORD0007318,2026-04-08T07:40:51Z,paypal,success,10582.02,SGD
PAY0007319,ORD0007319,2026-05-21T00:53:17Z,wallet,failed,8354.51,SGD
PAY0007320,ORD0007320,2026-04-18T21:29:47Z,bank_transfer,success,6606.16,SGD
PAY0007321,ORD0007321,2026-04-15T10:34:51Z,card,success,12969.39,SGD
PAY0007322,ORD0007322,2026-04-12T22:49:04Z,paypal,success,12858.66,SGD
PAY0007323,ORD0007323,2026-02-19T21:42:42Z,card,success,10910.47,SGD
PAY0007324,ORD0007324,2026-04-10T20:26:42Z,wallet,success,7550.83,SGD
PAY0007325,ORD0007325,2026-04-08T20:06:14Z,wallet,success,8217.09,SGD
PAY0007326,ORD0007326,2026-03-21T04:35:45Z,wallet,refunded,8445.21,SGD
PAY0007327,ORD0007327,2026-02-17T08:18:47Z,wallet,success,10808.91,SGD
PAY0007328,ORD0007328,2026-05-12T19:38:38Z,bank_transfer,success,5996.43,SGD
PAY0007329,ORD0007329,2026-01-12T19:04:10Z,paypal,success,12512.42,SGD
PAY0007330,ORD0007330,2026-03-24T02:24:27Z,paypal,success,10815.57,SGD
PAY0007331,ORD0007331,2026-02-19T17:16:15Z,paypal,pending,20349.95,SGD
PAY0007332,ORD0007332,2026-04-25T14:55:23Z,wallet,success,3843.66,SGD
PAY0007333,ORD0007333,2026-04-22T11:40:58Z,card,success,6015.72,SGD
PAY0007334,ORD0007334,2026-02-04T10:22:46Z,paypal,success,3816.72,SGD
PAY0007335,ORD0007335,2026-05-10T14:26:41Z,paypal,success,12079.66,SGD
PAY0007336,ORD0007336,2026-02-14T23:47:51Z,paypal,success,14888.44,SGD
PAY0007337,ORD0007337,2026-01-10T08:03:17Z,paypal,success,4878.02,SGD
PAY0007338,ORD0007338,2026-01-02T08:46:06Z,card,refunded,9380.42,SGD
PAY0007339,ORD0007339,2026-05-02T13:33:12Z,wallet,success,10376.45,SGD
PAY0007340,ORD0007340,2026-01-30T00:25:50Z,wallet,success,9217.64,SGD
PAY0007341,ORD0007341,2026-01-21T21:13:21Z,wallet,success,6408.29,SGD
PAY0007342,ORD0007342,2026-01-05T23:25:44Z,wallet,success,15615.97,SGD
PAY0007343,ORD0007343,2026-01-02T01:03:04Z,wallet,success,4861.86,SGD
PAY0007344,ORD0007344,2026-05-10T21:31:54Z,paypal,success,10820.21,SGD
PAY0007345,ORD0007345,2026-01-17T23:54:26Z,paypal,success,12012.05,SGD
PAY0007346,ORD0007346,2026-01-06T15:47:21Z,card,success,14499.45,SGD
PAY0007347,ORD0007347,2026-05-04T18:05:36Z,wallet,failed,8421.68,SGD
PAY0007348,ORD0007348,2026-01-12T16:06:55Z,paypal,refunded,7774.45,SGD
PAY0007349,ORD0007349,2026-01-29T04:00:19Z,wallet,success,703.53,SGD
PAY0007350,ORD0007350,2026-03-28T05:00:44Z,wallet,refunded,10849.0,SGD
PAY0007351,ORD0007351,2026-02-22T19:05:47Z,bank_transfer,success,9824.66,SGD
PAY0007352,ORD0007352,2026-03-30T20:25:55Z,paypal,success,17948.69,SGD
PAY0007353,ORD0007353,2026-01-23T06:23:50Z,paypal,failed,11225.04,SGD
PAY0007354,ORD0007354,2026-04-05T21:29:09Z,wallet,success,13294.91,SGD
PAY0007355,ORD0007355,2026-04-11T19:48:52Z,paypal,success,10491.93,SGD
PAY0007356,ORD0007356,2026-05-09T10:01:41Z,card,success,17127.87,SGD
PAY0007357,ORD0007357,2026-01-15T05:04:29Z,wallet,success,10507.63,SGD
PAY0007358,ORD0007358,2026-05-22T02:04:44Z,bank_transfer,pending,9998.63,SGD
PAY0007359,ORD0007359,2026-02-17T02:31:43Z,paypal,success,9698.04,SGD
PAY0007360,ORD0007360,2026-04-16T19:25:51Z,paypal,success,8633.31,SGD
PAY0007361,ORD0007361,2026-01-08T05:06:55Z,paypal,success,4928.28,SGD
PAY0007362,ORD0007362,2026-04-05T18:51:32Z,bank_transfer,success,4543.66,SGD
PAY0007363,ORD0007363,2026-03-15T04:51:31Z,card,success,8298.32,SGD
PAY0007364,ORD0007364,2026-05-21T21:29:51Z,card,success,10706.89,SGD
PAY0007365,ORD0007365,2026-03-27T14:02:17Z,paypal,success,15272.41,SGD
PAY0007366,ORD0007366,2026-03-10T23:01:05Z,card,success,5599.47,SGD
PAY0007367,ORD0007367,2026-02-09T00:23:07Z,bank_transfer,success,913.45,SGD
PAY0007368,ORD0007368,2026-01-22T12:43:32Z,bank_transfer,success,6026.53,SGD
PAY0007369,ORD0007369,2026-01-14T07:22:20Z,bank_transfer,success,6690.57,SGD
PAY0007370,ORD0007370,2026-02-16T17:50:29Z,card,pending,15574.15,SGD
PAY0007371,ORD0007371,2026-02-09T09:25:41Z,paypal,failed,12748.0,SGD
PAY0007372,ORD0007372,2026-04-29T21:05:41Z,wallet,success,2205.28,SGD
PAY0007373,ORD0007373,2026-03-21T17:50:52Z,wallet,success,6046.13,SGD
PAY0007374,ORD0007374,2026-03-19T11:41:59Z,bank_transfer,success,4499.56,SGD
PAY0007375,ORD0007375,2026-03-04T22:11:03Z,card,success,11836.21,SGD
PAY0007376,ORD0007376,2026-03-19T15:54:04Z,paypal,refunded,2117.96,SGD
PAY0007377,ORD0007377,2026-05-08T21:37:57Z,card,success,2288.34,SGD
PAY0007378,ORD0007378,2026-05-20T22:02:54Z,paypal,success,21278.85,SGD
PAY0007379,ORD0007379,2026-04-24T16:07:07Z,wallet,success,5140.68,SGD
PAY0007380,ORD0007380,2026-04-13T10:11:30Z,paypal,success,2638.31,SGD
PAY0007381,ORD0007381,2026-05-09T06:16:16Z,card,success,4088.44,SGD
PAY0007382,ORD0007382,2026-02-22T11:01:01Z,card,success,5921.33,SGD
PAY0007383,ORD0007383,2026-04-30T00:57:49Z,card,success,4985.59,SGD
PAY0007384,ORD0007384,2026-03-05T15:12:24Z,bank_transfer,refunded,13212.6,SGD
PAY0007385,ORD0007385,2026-01-12T01:54:30Z,card,success,4557.87,SGD
PAY0007386,ORD0007386,2026-02-21T11:05:23Z,bank_transfer,success,1725.33,SGD
PAY0007387,ORD0007387,2026-01-17T07:09:09Z,bank_transfer,success,11508.91,SGD
PAY0007388,ORD0007388,2026-05-15T11:47:55Z,wallet,success,3828.13,SGD
PAY0007389,ORD0007389,2026-03-24T01:14:30Z,card,success,12707.55,SGD
PAY0007390,ORD0007390,2026-04-28T11:55:06Z,wallet,failed,18395.92,SGD
PAY0007391,ORD0007391,2026-03-16T00:24:24Z,wallet,success,17207.11,SGD
PAY0007392,ORD0007392,2026-02-27T17:24:24Z,paypal,success,6623.61,SGD
PAY0007393,ORD0007393,2026-01-17T05:11:33Z,card,success,9213.33,SGD
PAY0007394,ORD0007394,2026-05-21T03:35:37Z,card,success,285.44,SGD
PAY0007395,ORD0007395,2026-02-25T21:01:54Z,wallet,success,7675.46,SGD
PAY0007396,ORD0007396,2026-03-26T02:52:13Z,wallet,pending,2439.17,SGD
PAY0007397,ORD0007397,2026-03-29T11:13:13Z,bank_transfer,success,12103.74,SGD
PAY0007398,ORD0007398,2026-01-14T13:09:39Z,paypal,success,6422.1,SGD
PAY0007399,ORD0007399,2026-04-22T14:46:47Z,bank_transfer,pending,11075.66,SGD
PAY0007400,ORD0007400,2026-05-11T22:37:57Z,wallet,pending,4017.24,SGD
PAY0007401,ORD0007401,2026-02-01T07:01:46Z,bank_transfer,pending,2665.51,SGD
PAY0007402,ORD0007402,2026-04-16T20:21:01Z,bank_transfer,success,1130.93,SGD
PAY0007403,ORD0007403,2026-01-08T07:05:50Z,wallet,success,1777.17,SGD
PAY0007404,ORD0007404,2026-01-01T07:54:39Z,bank_transfer,success,647.42,SGD
PAY0007405,ORD0007405,2026-03-07T17:13:24Z,bank_transfer,success,9594.42,SGD
PAY0007406,ORD0007406,2026-03-11T10:27:46Z,card,success,10037.98,SGD
PAY0007407,ORD0007407,2026-04-13T08:08:55Z,paypal,success,8577.67,SGD
PAY0007408,ORD0007408,2026-03-23T12:18:17Z,paypal,success,13181.08,SGD
PAY0007409,ORD0007409,2026-01-27T15:20:03Z,paypal,refunded,4565.72,SGD
PAY0007410,ORD0007410,2026-04-17T12:04:47Z,wallet,success,5385.27,SGD
PAY0007411,ORD0007411,2026-04-07T22:42:45Z,wallet,success,5497.34,SGD
PAY0007412,ORD0007412,2026-04-19T23:59:39Z,bank_transfer,success,4305.8,SGD
PAY0007413,ORD0007413,2026-04-10T21:57:32Z,wallet,pending,7705.14,SGD
PAY0007414,ORD0007414,2026-05-11T17:04:05Z,paypal,success,9207.86,SGD
PAY0007415,ORD0007415,2026-01-18T14:33:17Z,card,success,5651.36,SGD
PAY0007416,ORD0007416,2026-04-16T00:18:14Z,paypal,failed,1144.17,SGD
PAY0007417,ORD0007417,2026-02-16T11:35:01Z,bank_transfer,pending,4376.55,SGD
PAY0007418,ORD0007418,2026-02-15T01:12:18Z,card,success,7181.28,SGD
PAY0007419,ORD0007419,2026-03-24T17:12:59Z,wallet,pending,4973.48,SGD
PAY0007420,ORD0007420,2026-05-19T05:46:03Z,bank_transfer,pending,6745.33,SGD
PAY0007421,ORD0007421,2026-03-25T07:36:15Z,paypal,success,7642.54,SGD
PAY0007422,ORD0007422,2026-05-09T01:25:52Z,card,success,250.81,SGD
PAY0007423,ORD0007423,2026-04-26T14:26:05Z,paypal,pending,1341.31,SGD
PAY0007424,ORD0007424,2026-01-20T03:44:00Z,wallet,success,3670.52,SGD
PAY0007425,ORD0007425,2026-02-26T11:29:13Z,paypal,success,1824.9,SGD
PAY0007426,ORD0007426,2026-04-29T05:13:56Z,wallet,success,2116.27,SGD
PAY0007427,ORD0007427,2026-04-09T13:23:09Z,paypal,failed,2454.72,SGD
PAY0007428,ORD0007428,2026-01-13T15:01:34Z,paypal,success,2542.54,SGD
PAY0007429,ORD0007429,2026-02-07T19:03:34Z,paypal,success,14200.52,SGD
PAY0007430,ORD0007430,2026-04-16T08:13:25Z,card,success,318.6,SGD
PAY0007431,ORD0007431,2026-05-14T07:59:38Z,wallet,success,5498.96,SGD
PAY0007432,ORD0007432,2026-03-21T20:13:35Z,bank_transfer,success,8425.45,SGD
PAY0007433,ORD0007433,2026-05-02T06:04:18Z,paypal,success,4815.42,SGD
PAY0007434,ORD0007434,2026-05-09T02:12:35Z,wallet,pending,11071.58,SGD
PAY0007435,ORD0007435,2026-03-29T09:23:50Z,paypal,success,16780.47,SGD
PAY0007436,ORD0007436,2026-04-12T07:32:14Z,wallet,refunded,8042.48,SGD
PAY0007437,ORD0007437,2026-02-12T07:01:09Z,card,success,7169.74,SGD
PAY0007438,ORD0007438,2026-03-22T23:45:57Z,wallet,success,8113.35,SGD
PAY0007439,ORD0007439,2026-01-09T22:51:42Z,bank_transfer,pending,6755.77,SGD
PAY0007440,ORD0007440,2026-04-25T02:45:17Z,card,refunded,17499.35,SGD
PAY0007441,ORD0007441,2026-01-26T02:39:30Z,paypal,failed,5169.0,SGD
PAY0007442,ORD0007442,2026-01-16T22:03:06Z,card,success,12539.42,SGD
PAY0007443,ORD0007443,2026-01-12T19:58:52Z,card,success,8200.5,SGD
PAY0007444,ORD0007444,2026-01-15T14:36:40Z,paypal,success,7660.22,SGD
PAY0007445,ORD0007445,2026-02-17T23:12:24Z,wallet,success,1947.95,SGD
PAY0007446,ORD0007446,2026-04-27T15:57:24Z,paypal,success,14425.09,SGD
PAY0007447,ORD0007447,2026-02-03T16:14:03Z,paypal,success,1507.23,SGD
PAY0007448,ORD0007448,2026-05-14T21:42:33Z,paypal,failed,2406.49,SGD
PAY0007449,ORD0007449,2026-02-01T14:37:37Z,wallet,success,9543.32,SGD
PAY0007450,ORD0007450,2026-01-24T11:38:49Z,wallet,pending,7681.59,SGD
PAY0007451,ORD0007451,2026-03-28T10:41:19Z,bank_transfer,success,11374.48,SGD
PAY0007452,ORD0007452,2026-02-05T13:57:01Z,card,success,11634.75,SGD
PAY0007453,ORD0007453,2026-03-16T22:56:13Z,wallet,success,4102.8,SGD
PAY0007454,ORD0007454,2026-02-01T03:14:01Z,paypal,failed,17615.94,SGD
PAY0007455,ORD0007455,2026-02-03T01:25:48Z,card,failed,4677.58,SGD
PAY0007456,ORD0007456,2026-05-16T00:39:21Z,wallet,success,7250.65,SGD
PAY0007457,ORD0007457,2026-01-28T12:13:50Z,wallet,pending,10950.12,SGD
PAY0007458,ORD0007458,2026-04-21T22:58:47Z,paypal,failed,7629.6,SGD
PAY0007459,ORD0007459,2026-04-03T05:01:42Z,card,failed,19777.44,SGD
PAY0007460,ORD0007460,2026-03-25T06:53:56Z,card,success,9518.23,SGD
PAY0007461,ORD0007461,2026-05-19T22:55:35Z,paypal,refunded,592.39,SGD
PAY0007462,ORD0007462,2026-01-05T07:57:52Z,bank_transfer,success,3562.51,SGD
PAY0007463,ORD0007463,2026-04-19T06:32:50Z,wallet,failed,7638.54,SGD
PAY0007464,ORD0007464,2026-04-13T08:23:36Z,wallet,failed,4468.35,SGD
PAY0007465,ORD0007465,2026-01-29T02:44:04Z,wallet,success,4449.08,SGD
PAY0007466,ORD0007466,2026-01-20T12:27:05Z,paypal,success,9869.28,SGD
PAY0007467,ORD0007467,2026-03-19T02:21:31Z,paypal,success,2610.86,SGD
PAY0007468,ORD0007468,2026-03-31T16:03:32Z,paypal,success,1304.61,SGD
PAY0007469,ORD0007469,2026-04-01T19:45:02Z,wallet,pending,7067.28,SGD
PAY0007470,ORD0007470,2026-01-10T00:39:26Z,wallet,success,4961.86,SGD
PAY0007471,ORD0007471,2026-05-14T06:12:34Z,bank_transfer,failed,6911.85,SGD
PAY0007472,ORD0007472,2026-03-16T19:44:58Z,card,success,5738.26,SGD
PAY0007473,ORD0007473,2026-02-15T11:57:52Z,paypal,refunded,523.0,SGD
PAY0007474,ORD0007474,2026-02-16T13:25:08Z,paypal,success,4148.74,SGD
PAY0007475,ORD0007475,2026-05-15T10:30:05Z,bank_transfer,success,9232.4,SGD
PAY0007476,ORD0007476,2026-01-10T01:09:08Z,wallet,success,17488.63,SGD
PAY0007477,ORD0007477,2026-02-06T20:54:43Z,wallet,success,8053.35,SGD
PAY0007478,ORD0007478,2026-04-30T21:24:22Z,wallet,success,7398.75,SGD
PAY0007479,ORD0007479,2026-04-01T10:32:38Z,card,success,6132.66,SGD
PAY0007480,ORD0007480,2026-03-11T13:51:18Z,card,success,2764.65,SGD
PAY0007481,ORD0007481,2026-01-11T22:05:24Z,wallet,success,2109.9,SGD
PAY0007482,ORD0007482,2026-03-10T15:34:35Z,card,success,1294.84,SGD
PAY0007483,ORD0007483,2026-05-11T04:46:33Z,wallet,success,7894.71,SGD
PAY0007484,ORD0007484,2026-03-19T06:59:21Z,paypal,success,6357.91,SGD
PAY0007485,ORD0007485,2026-01-06T12:50:40Z,paypal,success,23279.11,SGD
PAY0007486,ORD0007486,2026-03-11T00:42:35Z,bank_transfer,failed,1856.5,SGD
PAY0007487,ORD0007487,2026-04-26T05:34:18Z,card,success,16038.43,SGD
PAY0007488,ORD0007488,2026-04-30T07:27:25Z,card,success,11087.57,SGD
PAY0007489,ORD0007489,2026-03-01T18:33:23Z,card,success,7904.99,SGD
PAY0007490,ORD0007490,2026-01-31T08:22:02Z,wallet,success,17975.98,SGD
PAY0007491,ORD0007491,2026-01-10T14:27:19Z,bank_transfer,success,8952.54,SGD
PAY0007492,ORD0007492,2026-05-17T16:04:46Z,paypal,success,2770.65,SGD
PAY0007493,ORD0007493,2026-03-31T15:42:58Z,bank_transfer,success,8140.36,SGD
PAY0007494,ORD0007494,2026-01-04T13:46:52Z,card,failed,12972.27,SGD
PAY0007495,ORD0007495,2026-03-28T05:22:34Z,bank_transfer,success,13365.83,SGD
PAY0007496,ORD0007496,2026-03-18T08:54:28Z,bank_transfer,success,2753.83,SGD
PAY0007497,ORD0007497,2026-04-22T01:23:14Z,paypal,success,4448.81,SGD
PAY0007498,ORD0007498,2026-04-19T05:36:54Z,card,success,14213.49,SGD
PAY0007499,ORD0007499,2026-04-01T22:19:00Z,bank_transfer,success,17213.61,SGD
PAY0007500,ORD0007500,2026-02-25T05:14:47Z,card,success,1844.15,SGD
PAY0007501,ORD0007501,2026-03-04T12:12:40Z,paypal,failed,3572.8,SGD
PAY0007502,ORD0007502,2026-02-14T23:59:36Z,wallet,success,6381.17,SGD
PAY0007503,ORD0007503,2026-02-15T05:11:42Z,wallet,failed,12430.61,SGD
PAY0007504,ORD0007504,2026-01-12T19:28:28Z,bank_transfer,failed,14125.98,SGD
PAY0007505,ORD0007505,2026-03-04T01:51:51Z,bank_transfer,success,7400.13,SGD
PAY0007506,ORD0007506,2026-05-23T09:23:21Z,bank_transfer,success,12104.45,SGD
PAY0007507,ORD0007507,2026-01-05T07:40:02Z,wallet,success,2090.59,SGD
PAY0007508,ORD0007508,2026-04-27T11:43:49Z,paypal,success,4415.44,SGD
PAY0007509,ORD0007509,2026-05-05T06:12:22Z,bank_transfer,success,3242.36,SGD
PAY0007510,ORD0007510,2026-01-09T14:28:14Z,bank_transfer,success,13809.88,SGD
PAY0007511,ORD0007511,2026-02-04T13:29:15Z,paypal,success,18065.58,SGD
PAY0007512,ORD0007512,2026-03-26T04:38:46Z,paypal,success,10426.31,SGD
PAY0007513,ORD0007513,2026-01-14T18:42:41Z,wallet,pending,58.92,SGD
PAY0007514,ORD0007514,2026-01-17T15:59:59Z,bank_transfer,pending,14117.35,SGD
PAY0007515,ORD0007515,2026-04-29T03:11:37Z,wallet,failed,1843.1,SGD
PAY0007516,ORD0007516,2026-04-16T04:14:34Z,wallet,success,3402.72,SGD
PAY0007517,ORD0007517,2026-01-28T01:10:38Z,paypal,pending,6101.91,SGD
PAY0007518,ORD0007518,2026-05-24T19:49:01Z,paypal,success,8221.94,SGD
PAY0007519,ORD0007519,2026-05-11T10:39:35Z,wallet,success,5292.24,SGD
PAY0007520,ORD0007520,2026-03-29T05:40:32Z,card,success,10387.89,SGD
PAY0007521,ORD0007521,2026-01-10T18:26:43Z,bank_transfer,success,19680.41,SGD
PAY0007522,ORD0007522,2026-04-02T00:12:56Z,paypal,failed,5158.13,SGD
PAY0007523,ORD0007523,2026-04-17T20:26:29Z,bank_transfer,success,7404.24,SGD
PAY0007524,ORD0007524,2026-03-04T01:36:27Z,bank_transfer,success,1974.78,SGD
PAY0007525,ORD0007525,2026-02-03T12:53:49Z,bank_transfer,success,14690.02,SGD
PAY0007526,ORD0007526,2026-04-03T07:07:55Z,paypal,success,2083.74,SGD
PAY0007527,ORD0007527,2026-01-27T13:04:06Z,paypal,success,8345.08,SGD
PAY0007528,ORD0007528,2026-04-21T04:29:28Z,paypal,success,4422.78,SGD
PAY0007529,ORD0007529,2026-02-21T07:51:27Z,wallet,failed,2229.84,SGD
PAY0007530,ORD0007530,2026-01-29T11:20:54Z,bank_transfer,pending,9772.05,SGD
PAY0007531,ORD0007531,2026-03-25T00:42:10Z,paypal,refunded,570.07,SGD
PAY0007532,ORD0007532,2026-01-12T05:08:08Z,paypal,success,7334.21,SGD
PAY0007533,ORD0007533,2026-01-07T07:28:03Z,wallet,success,3062.84,SGD
PAY0007534,ORD0007534,2026-03-03T13:15:30Z,wallet,success,1611.35,SGD
PAY0007535,ORD0007535,2026-02-19T20:19:16Z,bank_transfer,success,9987.26,SGD
PAY0007536,ORD0007536,2026-04-13T12:53:55Z,paypal,failed,16715.95,SGD
PAY0007537,ORD0007537,2026-03-01T17:56:20Z,card,success,5285.9,SGD
PAY0007538,ORD0007538,2026-01-01T06:46:54Z,card,success,10196.06,SGD
PAY0007539,ORD0007539,2026-02-17T11:04:03Z,card,success,11593.34,SGD
PAY0007540,ORD0007540,2026-04-10T06:01:15Z,wallet,failed,4289.54,SGD
PAY0007541,ORD0007541,2026-01-03T06:45:04Z,card,success,5271.18,SGD
PAY0007542,ORD0007542,2026-01-10T20:55:58Z,bank_transfer,success,3013.16,SGD
PAY0007543,ORD0007543,2026-01-07T22:30:49Z,card,success,13634.82,SGD
PAY0007544,ORD0007544,2026-03-22T02:52:59Z,card,success,1210.9,SGD
PAY0007545,ORD0007545,2026-01-06T03:30:20Z,paypal,success,6830.33,SGD
PAY0007546,ORD0007546,2026-03-19T07:11:02Z,wallet,success,8828.36,SGD
PAY0007547,ORD0007547,2026-05-09T14:06:36Z,wallet,success,12152.52,SGD
PAY0007548,ORD0007548,2026-01-14T05:53:39Z,paypal,success,1127.02,SGD
PAY0007549,ORD0007549,2026-05-14T14:48:47Z,wallet,success,4839.82,SGD
PAY0007550,ORD0007550,2026-04-07T10:05:36Z,card,success,7456.98,SGD
PAY0007551,ORD0007551,2026-05-19T17:40:37Z,wallet,success,5876.45,SGD
PAY0007552,ORD0007552,2026-04-04T11:19:27Z,wallet,success,9001.35,SGD
PAY0007553,ORD0007553,2026-02-05T03:29:01Z,wallet,success,7895.63,SGD
PAY0007554,ORD0007554,2026-02-02T06:24:29Z,wallet,success,14362.62,SGD
PAY0007555,ORD0007555,2026-01-21T22:01:33Z,wallet,success,6777.16,SGD
PAY0007556,ORD0007556,2026-03-25T20:35:26Z,bank_transfer,success,8415.03,SGD
PAY0007557,ORD0007557,2026-03-03T23:07:11Z,bank_transfer,success,5149.28,SGD
PAY0007558,ORD0007558,2026-02-13T12:41:47Z,bank_transfer,success,7650.38,SGD
PAY0007559,ORD0007559,2026-02-05T21:31:42Z,card,success,5163.95,SGD
PAY0007560,ORD0007560,2026-01-30T10:19:52Z,paypal,success,5915.76,SGD
PAY0007561,ORD0007561,2026-02-27T13:14:40Z,wallet,success,5884.16,SGD
PAY0007562,ORD0007562,2026-05-16T16:28:00Z,card,success,5489.24,SGD
PAY0007563,ORD0007563,2026-01-06T15:50:04Z,paypal,success,10807.41,SGD
PAY0007564,ORD0007564,2026-05-05T00:16:37Z,paypal,success,7238.78,SGD
PAY0007565,ORD0007565,2026-04-26T02:36:07Z,bank_transfer,pending,8316.72,SGD
PAY0007566,ORD0007566,2026-01-13T20:32:20Z,wallet,success,10636.2,SGD
PAY0007567,ORD0007567,2026-05-08T16:55:56Z,paypal,success,1663.92,SGD
PAY0007568,ORD0007568,2026-01-24T15:46:18Z,bank_transfer,success,4566.93,SGD
PAY0007569,ORD0007569,2026-02-28T06:26:14Z,wallet,success,6867.63,SGD
PAY0007570,ORD0007570,2026-01-10T14:18:21Z,bank_transfer,success,9074.34,SGD
PAY0007571,ORD0007571,2026-04-08T00:36:11Z,wallet,success,13937.88,SGD
PAY0007572,ORD0007572,2026-01-13T18:30:42Z,paypal,success,8661.65,SGD
PAY0007573,ORD0007573,2026-05-14T06:37:27Z,bank_transfer,success,13901.56,SGD
PAY0007574,ORD0007574,2026-05-03T16:25:55Z,bank_transfer,success,7227.55,SGD
PAY0007575,ORD0007575,2026-03-10T18:22:48Z,card,success,8575.62,SGD
PAY0007576,ORD0007576,2026-03-28T08:05:41Z,wallet,success,1353.26,SGD
PAY0007577,ORD0007577,2026-05-16T01:04:21Z,bank_transfer,success,19899.37,SGD
PAY0007578,ORD0007578,2026-03-17T22:35:14Z,bank_transfer,success,10953.97,SGD
PAY0007579,ORD0007579,2026-04-05T05:26:59Z,wallet,success,3446.0,SGD
PAY0007580,ORD0007580,2026-04-18T16:56:12Z,card,success,3598.63,SGD
PAY0007581,ORD0007581,2026-01-04T04:56:59Z,card,success,2793.48,SGD
PAY0007582,ORD0007582,2026-04-14T19:09:31Z,paypal,failed,1146.96,SGD
PAY0007583,ORD0007583,2026-05-18T17:54:04Z,paypal,refunded,2540.66,SGD
PAY0007584,ORD0007584,2026-01-23T17:20:28Z,bank_transfer,success,3865.89,SGD
PAY0007585,ORD0007585,2026-03-14T16:23:58Z,bank_transfer,success,872.15,SGD
PAY0007586,ORD0007586,2026-05-06T07:47:49Z,bank_transfer,success,13781.5,SGD
PAY0007587,ORD0007587,2026-05-20T13:11:12Z,bank_transfer,success,2679.6,SGD
PAY0007588,ORD0007588,2026-03-14T13:50:22Z,paypal,failed,11602.74,SGD
PAY0007589,ORD0007589,2026-01-14T18:01:12Z,paypal,success,11202.45,SGD
PAY0007590,ORD0007590,2026-05-11T08:08:22Z,bank_transfer,success,6585.82,SGD
PAY0007591,ORD0007591,2026-04-19T01:34:11Z,wallet,pending,8222.79,SGD
PAY0007592,ORD0007592,2026-03-26T02:21:07Z,bank_transfer,failed,11109.43,SGD
PAY0007593,ORD0007593,2026-03-29T21:04:41Z,paypal,refunded,4518.81,SGD
PAY0007594,ORD0007594,2026-03-30T18:39:17Z,wallet,success,1438.79,SGD
PAY0007595,ORD0007595,2026-03-15T05:03:03Z,bank_transfer,success,4677.58,SGD
PAY0007596,ORD0007596,2026-04-03T04:21:14Z,card,success,3772.41,SGD
PAY0007597,ORD0007597,2026-01-23T06:49:15Z,paypal,refunded,7839.39,SGD
PAY0007598,ORD0007598,2026-02-02T19:07:38Z,wallet,refunded,10176.59,SGD
PAY0007599,ORD0007599,2026-05-15T18:13:59Z,paypal,success,15070.55,SGD
PAY0007600,ORD0007600,2026-03-27T01:45:12Z,card,failed,14116.9,SGD
PAY0007601,ORD0007601,2026-01-12T23:11:58Z,card,pending,3181.77,SGD
PAY0007602,ORD0007602,2026-05-24T09:17:37Z,card,success,13912.46,SGD
PAY0007603,ORD0007603,2026-05-16T19:36:16Z,wallet,success,4077.78,SGD
PAY0007604,ORD0007604,2026-04-25T10:15:48Z,wallet,success,18549.52,SGD
PAY0007605,ORD0007605,2026-01-12T07:41:59Z,bank_transfer,pending,4993.03,SGD
PAY0007606,ORD0007606,2026-01-10T08:14:53Z,card,success,12388.85,SGD
PAY0007607,ORD0007607,2026-02-20T04:16:30Z,paypal,failed,4393.9,SGD
PAY0007608,ORD0007608,2026-03-04T01:14:07Z,card,success,4961.76,SGD
PAY0007609,ORD0007609,2026-03-12T13:59:21Z,card,success,1668.45,SGD
PAY0007610,ORD0007610,2026-04-30T17:14:59Z,wallet,success,6559.38,SGD
PAY0007611,ORD0007611,2026-01-30T18:08:50Z,card,refunded,5762.1,SGD
PAY0007612,ORD0007612,2026-02-06T08:31:42Z,paypal,refunded,14284.75,SGD
PAY0007613,ORD0007613,2026-02-21T01:09:39Z,bank_transfer,pending,6037.67,SGD
PAY0007614,ORD0007614,2026-01-21T05:06:56Z,paypal,success,9198.56,SGD
PAY0007615,ORD0007615,2026-03-09T21:17:06Z,bank_transfer,success,7477.67,SGD
PAY0007616,ORD0007616,2026-04-10T19:35:47Z,card,success,6592.48,SGD
PAY0007617,ORD0007617,2026-05-02T10:41:22Z,bank_transfer,failed,5455.68,SGD
PAY0007618,ORD0007618,2026-02-11T17:44:46Z,wallet,success,1656.99,SGD
PAY0007619,ORD0007619,2026-02-09T20:26:53Z,wallet,success,4264.77,SGD
PAY0007620,ORD0007620,2026-03-25T15:17:12Z,wallet,success,4723.57,SGD
PAY0007621,ORD0007621,2026-01-01T14:39:54Z,bank_transfer,success,8333.86,SGD
PAY0007622,ORD0007622,2026-05-16T05:38:00Z,card,success,7542.01,SGD
PAY0007623,ORD0007623,2026-05-16T23:02:40Z,wallet,success,11702.81,SGD
PAY0007624,ORD0007624,2026-02-13T12:58:25Z,bank_transfer,failed,4834.05,SGD
PAY0007625,ORD0007625,2026-01-08T20:20:18Z,bank_transfer,success,1877.29,SGD
PAY0007626,ORD0007626,2026-02-15T07:19:09Z,bank_transfer,pending,8207.42,SGD
PAY0007627,ORD0007627,2026-01-25T00:36:53Z,wallet,refunded,13015.73,SGD
PAY0007628,ORD0007628,2026-03-06T18:42:19Z,wallet,success,9000.23,SGD
PAY0007629,ORD0007629,2026-01-10T12:44:01Z,bank_transfer,success,4367.69,SGD
PAY0007630,ORD0007630,2026-03-19T00:01:02Z,card,success,17258.02,SGD
PAY0007631,ORD0007631,2026-02-10T13:56:41Z,paypal,pending,9393.31,SGD
PAY0007632,ORD0007632,2026-04-06T23:24:30Z,paypal,failed,14104.21,SGD
PAY0007633,ORD0007633,2026-02-11T21:38:46Z,card,success,23221.89,SGD
PAY0007634,ORD0007634,2026-02-10T01:34:14Z,wallet,refunded,5613.79,SGD
PAY0007635,ORD0007635,2026-02-20T10:11:11Z,bank_transfer,pending,12492.45,SGD
PAY0007636,ORD0007636,2026-05-09T04:46:35Z,bank_transfer,success,11577.06,SGD
PAY0007637,ORD0007637,2026-02-24T04:50:47Z,wallet,success,11880.3,SGD
PAY0007638,ORD0007638,2026-02-23T08:08:10Z,bank_transfer,success,15035.66,SGD
PAY0007639,ORD0007639,2026-04-13T14:47:17Z,paypal,failed,3344.76,SGD
PAY0007640,ORD0007640,2026-04-08T20:31:46Z,bank_transfer,failed,3408.6,SGD
PAY0007641,ORD0007641,2026-04-29T04:39:50Z,paypal,pending,1694.46,SGD
PAY0007642,ORD0007642,2026-02-25T19:42:38Z,bank_transfer,success,10322.09,SGD
PAY0007643,ORD0007643,2026-04-30T00:26:16Z,card,success,7496.83,SGD
PAY0007644,ORD0007644,2026-02-13T08:46:41Z,wallet,success,25294.75,SGD
PAY0007645,ORD0007645,2026-03-13T07:52:09Z,paypal,failed,6869.81,SGD
PAY0007646,ORD0007646,2026-04-26T09:47:30Z,paypal,failed,5319.66,SGD
PAY0007647,ORD0007647,2026-05-11T21:23:58Z,wallet,pending,7139.21,SGD
PAY0007648,ORD0007648,2026-01-03T00:58:21Z,card,success,2641.14,SGD
PAY0007649,ORD0007649,2026-03-25T19:05:14Z,bank_transfer,success,11780.39,SGD
PAY0007650,ORD0007650,2026-01-29T09:12:10Z,card,pending,8522.49,SGD
PAY0007651,ORD0007651,2026-05-23T22:55:42Z,bank_transfer,success,4670.27,SGD
PAY0007652,ORD0007652,2026-01-01T05:57:15Z,bank_transfer,success,11259.47,SGD
PAY0007653,ORD0007653,2026-03-17T00:42:57Z,paypal,success,4141.92,SGD
PAY0007654,ORD0007654,2026-03-24T20:56:56Z,wallet,success,14479.43,SGD
PAY0007655,ORD0007655,2026-03-20T23:14:00Z,paypal,success,7051.01,SGD
PAY0007656,ORD0007656,2026-02-15T00:49:22Z,paypal,success,1589.34,SGD
PAY0007657,ORD0007657,2026-05-08T19:30:30Z,card,success,12370.97,SGD
PAY0007658,ORD0007658,2026-04-16T19:39:47Z,bank_transfer,success,4460.07,SGD
PAY0007659,ORD0007659,2026-01-03T00:10:49Z,paypal,success,3794.88,SGD
PAY0007660,ORD0007660,2026-04-26T23:57:13Z,paypal,success,7802.76,SGD
PAY0007661,ORD0007661,2026-05-11T01:59:41Z,paypal,success,2608.83,SGD
PAY0007662,ORD0007662,2026-04-08T04:00:56Z,wallet,success,16233.55,SGD
PAY0007663,ORD0007663,2026-03-12T01:42:58Z,wallet,failed,5652.85,SGD
PAY0007664,ORD0007664,2026-05-11T13:52:16Z,card,success,1014.66,SGD
PAY0007665,ORD0007665,2026-01-14T09:47:51Z,wallet,success,13472.49,SGD
PAY0007666,ORD0007666,2026-01-13T09:04:45Z,card,success,10681.55,SGD
PAY0007667,ORD0007667,2026-01-08T08:56:41Z,card,refunded,1910.81,SGD
PAY0007668,ORD0007668,2026-04-11T17:58:34Z,bank_transfer,pending,911.46,SGD
PAY0007669,ORD0007669,2026-01-14T05:27:26Z,wallet,success,11704.0,SGD
PAY0007670,ORD0007670,2026-03-12T01:20:15Z,paypal,refunded,348.94,SGD
PAY0007671,ORD0007671,2026-01-08T05:30:50Z,card,success,20600.85,SGD
PAY0007672,ORD0007672,2026-01-12T17:35:01Z,card,success,12249.28,SGD
PAY0007673,ORD0007673,2026-03-23T06:42:31Z,paypal,success,10408.54,SGD
PAY0007674,ORD0007674,2026-01-27T01:07:59Z,bank_transfer,success,7840.62,SGD
PAY0007675,ORD0007675,2026-03-27T20:12:49Z,bank_transfer,success,12658.41,SGD
PAY0007676,ORD0007676,2026-01-30T22:24:00Z,wallet,success,2594.32,SGD
PAY0007677,ORD0007677,2026-02-20T22:30:46Z,bank_transfer,success,9672.63,SGD
PAY0007678,ORD0007678,2026-02-22T03:29:31Z,paypal,success,10809.26,SGD
PAY0007679,ORD0007679,2026-05-12T03:31:25Z,paypal,success,1531.42,SGD
PAY0007680,ORD0007680,2026-02-20T16:28:34Z,paypal,success,10553.02,SGD
PAY0007681,ORD0007681,2026-03-21T08:22:42Z,bank_transfer,success,12008.53,SGD
PAY0007682,ORD0007682,2026-03-13T22:13:19Z,bank_transfer,success,5188.63,SGD
PAY0007683,ORD0007683,2026-05-18T04:31:11Z,wallet,success,10442.38,SGD
PAY0007684,ORD0007684,2026-01-28T06:22:45Z,card,success,14083.29,SGD
PAY0007685,ORD0007685,2026-03-17T14:07:13Z,bank_transfer,refunded,6501.15,SGD
PAY0007686,ORD0007686,2026-01-01T20:46:58Z,wallet,success,4650.63,SGD
PAY0007687,ORD0007687,2026-02-08T14:59:23Z,card,success,12518.31,SGD
PAY0007688,ORD0007688,2026-04-03T09:51:39Z,wallet,pending,12819.7,SGD
PAY0007689,ORD0007689,2026-03-16T09:01:00Z,wallet,success,7785.4,SGD
PAY0007690,ORD0007690,2026-04-22T04:23:47Z,wallet,failed,5615.07,SGD
PAY0007691,ORD0007691,2026-03-31T02:17:31Z,bank_transfer,success,6127.58,SGD
PAY0007692,ORD0007692,2026-01-07T00:20:55Z,paypal,success,9524.12,SGD
PAY0007693,ORD0007693,2026-05-18T01:51:21Z,bank_transfer,success,11207.86,SGD
PAY0007694,ORD0007694,2026-02-14T09:29:26Z,card,success,6513.55,SGD
PAY0007695,ORD0007695,2026-01-16T15:07:49Z,bank_transfer,success,5741.19,SGD
PAY0007696,ORD0007696,2026-03-22T23:39:11Z,wallet,success,19130.27,SGD
PAY0007697,ORD0007697,2026-03-20T05:40:05Z,paypal,refunded,9480.91,SGD
PAY0007698,ORD0007698,2026-01-03T03:51:44Z,card,success,2372.87,SGD
PAY0007699,ORD0007699,2026-01-11T13:14:07Z,wallet,success,5413.14,SGD
PAY0007700,ORD0007700,2026-01-28T14:17:43Z,paypal,refunded,8128.72,SGD
PAY0007701,ORD0007701,2026-05-06T22:57:04Z,bank_transfer,pending,6467.14,SGD
PAY0007702,ORD0007702,2026-03-26T06:14:17Z,wallet,success,2272.98,SGD
PAY0007703,ORD0007703,2026-04-24T20:31:34Z,paypal,failed,2113.81,SGD
PAY0007704,ORD0007704,2026-01-12T14:45:48Z,paypal,success,6871.5,SGD
PAY0007705,ORD0007705,2026-04-04T06:13:48Z,wallet,success,5443.47,SGD
PAY0007706,ORD0007706,2026-04-08T03:30:12Z,wallet,success,7806.25,SGD
PAY0007707,ORD0007707,2026-01-30T11:40:09Z,card,success,11741.98,SGD
PAY0007708,ORD0007708,2026-01-03T17:47:39Z,bank_transfer,refunded,1539.28,SGD
PAY0007709,ORD0007709,2026-03-05T01:19:37Z,wallet,success,8947.62,SGD
PAY0007710,ORD0007710,2026-01-08T19:54:35Z,card,refunded,17408.96,SGD
PAY0007711,ORD0007711,2026-01-02T17:50:41Z,card,success,7235.41,SGD
PAY0007712,ORD0007712,2026-01-28T04:54:19Z,card,success,3870.33,SGD
PAY0007713,ORD0007713,2026-01-06T00:13:42Z,wallet,success,11856.71,SGD
PAY0007714,ORD0007714,2026-01-21T02:44:01Z,paypal,success,2717.05,SGD
PAY0007715,ORD0007715,2026-03-06T11:14:26Z,paypal,success,1589.34,SGD
PAY0007716,ORD0007716,2026-05-17T11:32:02Z,card,success,6690.75,SGD
PAY0007717,ORD0007717,2026-01-02T15:12:46Z,wallet,pending,8585.3,SGD
PAY0007718,ORD0007718,2026-01-22T06:30:04Z,card,failed,9335.44,SGD
PAY0007719,ORD0007719,2026-01-09T16:06:47Z,bank_transfer,success,11267.28,SGD
PAY0007720,ORD0007720,2026-05-20T19:32:05Z,wallet,success,6515.64,SGD
PAY0007721,ORD0007721,2026-03-01T02:03:51Z,paypal,success,8412.14,SGD
PAY0007722,ORD0007722,2026-01-18T09:17:01Z,paypal,refunded,6054.52,SGD
PAY0007723,ORD0007723,2026-03-12T21:55:25Z,bank_transfer,failed,10777.05,SGD
PAY0007724,ORD0007724,2026-03-03T09:39:10Z,card,success,4116.7,SGD
PAY0007725,ORD0007725,2026-01-11T22:18:49Z,paypal,pending,2760.12,SGD
PAY0007726,ORD0007726,2026-03-01T18:34:43Z,paypal,success,10295.99,SGD
PAY0007727,ORD0007727,2026-04-15T11:55:56Z,bank_transfer,success,3622.3,SGD
PAY0007728,ORD0007728,2026-02-13T17:05:23Z,bank_transfer,success,14866.94,SGD
PAY0007729,ORD0007729,2026-01-24T14:31:14Z,bank_transfer,success,2038.89,SGD
PAY0007730,ORD0007730,2026-02-03T03:42:15Z,paypal,pending,14516.03,SGD
PAY0007731,ORD0007731,2026-05-23T14:36:35Z,card,success,5074.38,SGD
PAY0007732,ORD0007732,2026-02-07T01:07:21Z,paypal,success,5571.36,SGD
PAY0007733,ORD0007733,2026-01-27T10:49:42Z,card,failed,9035.98,SGD
PAY0007734,ORD0007734,2026-01-24T13:50:40Z,bank_transfer,success,1106.19,SGD
PAY0007735,ORD0007735,2026-04-11T17:09:23Z,wallet,success,13318.65,SGD
PAY0007736,ORD0007736,2026-02-18T02:34:33Z,bank_transfer,pending,12569.15,SGD
PAY0007737,ORD0007737,2026-03-16T10:32:55Z,bank_transfer,refunded,6924.33,SGD
PAY0007738,ORD0007738,2026-04-19T13:48:39Z,bank_transfer,failed,1294.71,SGD
PAY0007739,ORD0007739,2026-05-08T21:26:25Z,wallet,success,11315.13,SGD
PAY0007740,ORD0007740,2026-01-16T03:34:16Z,wallet,success,15565.43,SGD
PAY0007741,ORD0007741,2026-05-11T00:54:39Z,card,success,11284.46,SGD
PAY0007742,ORD0007742,2026-02-11T06:19:52Z,wallet,success,2224.45,SGD
PAY0007743,ORD0007743,2026-03-21T00:00:26Z,wallet,failed,4296.59,SGD
PAY0007744,ORD0007744,2026-05-14T20:29:26Z,card,success,4367.74,SGD
PAY0007745,ORD0007745,2026-03-08T03:16:36Z,wallet,success,2681.12,SGD
PAY0007746,ORD0007746,2026-05-23T23:43:50Z,paypal,success,1464.18,SGD
PAY0007747,ORD0007747,2026-04-04T08:22:20Z,wallet,success,14448.75,SGD
PAY0007748,ORD0007748,2026-04-06T00:33:28Z,card,refunded,15680.33,SGD
PAY0007749,ORD0007749,2026-03-02T18:23:10Z,card,success,11879.97,SGD
PAY0007750,ORD0007750,2026-05-14T19:23:21Z,wallet,success,19934.91,SGD
PAY0007751,ORD0007751,2026-02-25T05:30:10Z,bank_transfer,success,-10186.0,SGD
PAY0007752,ORD0007752,2026-04-02T13:15:41Z,bank_transfer,success,18962.13,SGD
PAY0007753,ORD0007753,2026-05-16T15:13:49Z,wallet,failed,5493.84,SGD
PAY0007754,ORD0007754,2026-01-17T12:22:49Z,card,success,10462.34,SGD
PAY0007755,ORD0007755,2026-04-06T11:42:14Z,bank_transfer,success,6237.28,SGD
PAY0007756,ORD0007756,2026-02-01T09:48:06Z,paypal,pending,6288.15,SGD
PAY0007757,ORD0007757,2026-01-06T17:55:40Z,paypal,pending,3588.92,SGD
PAY0007758,ORD0007758,2026-02-01T06:09:24Z,paypal,success,6455.14,SGD
PAY0007759,ORD0007759,2026-01-05T06:06:37Z,card,success,6072.28,SGD
PAY0007760,ORD0007760,2026-03-10T12:14:39Z,card,success,8740.97,SGD
PAY0007761,ORD0007761,2026-03-30T19:37:24Z,wallet,success,9042.19,SGD
PAY0007762,ORD0007762,2026-03-13T07:46:30Z,bank_transfer,failed,303.82,SGD
PAY0007763,ORD0007763,2026-04-08T16:30:36Z,wallet,success,6817.43,SGD
PAY0007764,ORD0007764,2026-04-15T02:29:28Z,paypal,success,15334.2,SGD
PAY0007765,ORD0007765,2026-04-21T05:24:26Z,wallet,success,7562.57,SGD
PAY0007766,ORD0007766,2026-05-18T07:24:30Z,paypal,success,9297.56,SGD
PAY0007767,ORD0007767,2026-02-01T00:32:12Z,paypal,refunded,5612.6,SGD
PAY0007768,ORD0007768,2026-01-25T03:29:26Z,paypal,success,6892.34,SGD
PAY0007769,ORD0007769,2026-02-03T03:37:02Z,wallet,pending,2026.38,SGD
PAY0007770,ORD0007770,2026-04-24T03:02:51Z,card,success,-11761.17,SGD
PAY0007771,ORD0007771,2026-01-08T03:03:03Z,wallet,refunded,3106.65,SGD
PAY0007772,ORD0007772,2026-04-14T13:55:59Z,paypal,success,3180.48,SGD
PAY0007773,ORD0007773,2026-03-14T08:18:45Z,paypal,failed,16259.46,SGD
PAY0007774,ORD0007774,2026-05-03T15:07:57Z,paypal,pending,11573.82,SGD
PAY0007775,ORD0007775,2026-03-02T01:33:10Z,paypal,refunded,5112.28,SGD
PAY0007776,ORD0007776,2026-02-02T18:30:56Z,bank_transfer,success,3774.59,SGD
PAY0007777,ORD0007777,2026-05-04T16:04:22Z,card,refunded,2489.01,SGD
PAY0007778,ORD0007778,2026-01-13T11:35:33Z,wallet,success,11998.46,SGD
PAY0007779,ORD0007779,2026-04-16T12:07:22Z,card,success,1957.94,SGD
PAY0007780,ORD0007780,2026-03-01T20:23:58Z,wallet,success,10765.08,SGD
PAY0007781,ORD0007781,2026-01-20T05:44:06Z,paypal,success,14489.81,SGD
PAY0007782,ORD0007782,2026-02-20T13:20:42Z,bank_transfer,success,12901.77,SGD
PAY0007783,ORD0007783,2026-01-07T14:33:44Z,card,success,9810.71,SGD
PAY0007784,ORD0007784,2026-03-27T22:17:47Z,card,success,17872.02,SGD
PAY0007785,ORD0007785,2026-05-20T13:31:45Z,paypal,success,4285.24,SGD
PAY0007786,ORD0007786,2026-05-11T09:04:12Z,card,failed,9964.73,SGD
PAY0007787,ORD0007787,2026-03-31T17:38:38Z,card,success,17845.35,SGD
PAY0007788,ORD0007788,2026-01-17T07:06:50Z,card,success,6883.92,SGD
PAY0007789,ORD0007789,2026-03-05T12:50:22Z,card,success,11828.95,SGD
PAY0007790,ORD0007790,2026-03-29T19:10:17Z,card,success,5318.11,SGD
PAY0007791,ORD0007791,2026-02-07T03:34:15Z,wallet,refunded,7018.05,SGD
PAY0007792,ORD0007792,2026-05-05T15:23:08Z,bank_transfer,success,10436.27,SGD
PAY0007793,ORD0007793,2026-05-24T13:11:30Z,wallet,pending,9766.65,SGD
PAY0007794,ORD0007794,2026-04-09T12:20:07Z,bank_transfer,success,7492.93,SGD
PAY0007795,ORD0007795,2026-02-27T11:41:35Z,bank_transfer,refunded,4441.66,SGD
PAY0007796,ORD0007796,2026-05-03T17:56:00Z,card,success,6532.3,SGD
PAY0007797,ORD0007797,2026-02-05T10:12:22Z,bank_transfer,pending,13441.95,SGD
PAY0007798,ORD0007798,2026-04-27T22:24:23Z,card,success,7460.22,SGD
PAY0007799,ORD0007799,2026-01-24T17:06:29Z,wallet,success,1757.06,SGD
PAY0007800,ORD0007800,2026-04-22T12:39:25Z,wallet,success,3241.24,SGD
PAY0007801,ORD0007801,2026-01-19T03:03:41Z,wallet,refunded,8365.38,SGD
PAY0007802,ORD0007802,2026-04-20T16:31:10Z,paypal,success,10499.85,SGD
PAY0007803,ORD0007803,2026-03-27T23:47:43Z,wallet,failed,3287.13,SGD
PAY0007804,ORD0007804,2026-04-16T21:42:54Z,wallet,failed,11250.36,SGD
PAY0007805,ORD0007805,2026-01-18T23:05:17Z,bank_transfer,failed,10818.37,SGD
PAY0007806,ORD0007806,2026-05-10T06:09:00Z,card,success,2060.63,SGD
PAY0007807,ORD0007807,2026-04-17T03:47:29Z,card,failed,4368.09,SGD
PAY0007808,ORD0007808,2026-03-02T09:21:23Z,bank_transfer,pending,3138.24,SGD
PAY0007809,ORD0007809,2026-02-18T05:21:52Z,wallet,success,4546.01,SGD
PAY0007810,ORD0007810,2026-01-28T08:21:46Z,wallet,success,4367.17,SGD
PAY0007811,ORD0007811,2026-05-07T11:17:54Z,wallet,success,3286.1,SGD
PAY0007812,ORD0007812,2026-04-17T11:22:22Z,card,success,10645.1,SGD
PAY0007813,ORD0007813,2026-05-02T23:18:37Z,bank_transfer,success,1991.62,SGD
PAY0007814,ORD0007814,2026-05-24T07:46:10Z,wallet,success,9927.2,SGD
PAY0007815,ORD0007815,2026-04-26T01:56:18Z,paypal,success,4077.78,SGD
PAY0007816,ORD0007816,2026-04-30T12:33:57Z,paypal,success,7951.14,SGD
PAY0007817,ORD0007817,2026-04-12T02:33:09Z,wallet,pending,2722.72,SGD
PAY0007818,ORD0007818,2026-03-18T23:27:18Z,wallet,success,3270.06,SGD
PAY0007819,ORD0007819,2026-01-29T22:38:00Z,bank_transfer,failed,5037.85,SGD
PAY0007820,ORD0007820,2026-04-26T08:19:02Z,paypal,failed,22398.74,SGD
PAY0007821,ORD0007821,2026-04-20T09:46:31Z,bank_transfer,failed,4991.76,SGD
PAY0007822,ORD0007822,2026-03-09T15:08:15Z,bank_transfer,success,3900.23,SGD
PAY0007823,ORD0007823,2026-01-04T22:48:58Z,paypal,success,9354.28,SGD
PAY0007824,ORD0007824,2026-01-23T15:14:45Z,card,refunded,3714.14,SGD
PAY0007825,ORD0007825,2026-04-09T10:16:51Z,card,success,4681.49,SGD
PAY0007826,ORD0007826,2026-04-15T23:06:00Z,paypal,success,12055.88,SGD
PAY0007827,ORD0007827,2026-02-22T12:35:13Z,card,success,6871.35,SGD
PAY0007828,ORD0007828,2026-05-05T19:07:03Z,wallet,refunded,9005.55,SGD
PAY0007829,ORD0007829,2026-01-04T04:21:52Z,bank_transfer,refunded,3800.0,SGD
PAY0007830,ORD0007830,2026-04-28T16:52:20Z,bank_transfer,refunded,10067.69,SGD
PAY0007831,ORD0007831,2026-05-15T14:46:18Z,paypal,pending,4432.18,SGD
PAY0007832,ORD0007832,2026-03-23T01:52:59Z,card,success,7843.05,SGD
PAY0007833,ORD0007833,2026-01-06T02:02:00Z,paypal,success,8941.06,SGD
PAY0007834,ORD0007834,2026-05-03T00:13:39Z,bank_transfer,success,4148.8,SGD
PAY0007835,ORD0007835,2026-01-02T18:04:39Z,card,success,9533.84,SGD
PAY0007836,ORD0007836,2026-01-28T17:31:45Z,bank_transfer,failed,15223.56,SGD
PAY0007837,ORD0007837,2026-05-06T00:55:38Z,card,success,11127.01,SGD
PAY0007838,ORD0007838,2026-04-13T03:04:19Z,card,failed,10041.89,SGD
PAY0007839,ORD0007839,2026-01-26T07:37:36Z,card,success,4408.86,SGD
PAY0007840,ORD0007840,2026-04-14T10:37:52Z,paypal,pending,12878.63,SGD
PAY0007841,ORD0007841,2026-03-03T10:03:57Z,bank_transfer,refunded,3165.01,SGD
PAY0007842,ORD0007842,2026-01-11T08:30:57Z,card,failed,7801.51,SGD
PAY0007843,ORD0007843,2026-05-15T02:42:51Z,bank_transfer,success,6736.47,SGD
PAY0007844,ORD0007844,2026-04-06T13:59:15Z,bank_transfer,success,8390.11,SGD
PAY0007845,ORD0007845,2026-04-27T19:52:56Z,wallet,success,6196.05,SGD
PAY0007846,ORD0007846,2026-04-09T22:41:36Z,card,success,13836.57,SGD
PAY0007847,ORD0007847,2026-05-22T12:50:15Z,bank_transfer,failed,13296.06,SGD
PAY0007848,ORD0007848,2026-03-27T10:52:35Z,bank_transfer,success,1080.43,SGD
PAY0007849,ORD0007849,2026-03-12T15:25:17Z,bank_transfer,success,3291.32,SGD
PAY0007850,ORD0007850,2026-02-04T03:07:06Z,card,pending,5859.41,SGD
PAY0007851,ORD0007851,2026-04-25T03:30:13Z,wallet,refunded,1193.49,SGD
PAY0007852,ORD0007852,2026-01-31T19:22:13Z,paypal,success,7713.08,SGD
PAY0007853,ORD0007853,2026-03-13T15:24:39Z,paypal,success,11674.8,SGD
PAY0007854,ORD0007854,2026-03-12T16:48:22Z,paypal,success,14979.65,SGD
PAY0007855,ORD0007855,2026-03-29T20:08:28Z,wallet,success,10707.64,SGD
PAY0007856,ORD0007856,2026-03-15T02:03:31Z,card,success,6379.35,SGD
PAY0007857,ORD0007857,2026-05-10T05:38:24Z,card,refunded,8698.18,SGD
PAY0007858,ORD0007858,2026-02-07T15:22:50Z,card,success,12178.25,SGD
PAY0007859,ORD0007859,2026-03-19T15:11:14Z,bank_transfer,success,7336.66,SGD
PAY0007860,ORD0007860,2026-01-07T01:52:26Z,card,pending,5990.31,SGD
PAY0007861,ORD0007861,2026-04-03T06:04:27Z,paypal,success,8702.0,SGD
PAY0007862,ORD0007862,2026-01-30T04:13:28Z,paypal,refunded,6132.66,SGD
PAY0007863,ORD0007863,2026-02-02T11:16:23Z,paypal,success,4936.98,SGD
PAY0007864,ORD0007864,2026-05-06T00:47:28Z,wallet,failed,3767.65,SGD
PAY0007865,ORD0007865,2026-01-08T07:44:12Z,bank_transfer,success,2704.11,SGD
PAY0007866,ORD0007866,2026-01-01T18:49:17Z,card,refunded,14264.93,SGD
PAY0007867,ORD0007867,2026-01-01T23:04:38Z,wallet,success,13223.1,SGD
PAY0007868,ORD0007868,2026-02-24T13:06:43Z,bank_transfer,success,9216.34,SGD
PAY0007869,ORD0007869,2026-01-29T16:01:44Z,bank_transfer,pending,3183.06,SGD
PAY0007870,ORD0007870,2026-01-26T08:29:41Z,bank_transfer,success,11003.56,SGD
PAY0007871,ORD0007871,2026-05-06T03:43:35Z,card,success,2574.0,SGD
PAY0007872,ORD0007872,2026-04-04T07:56:18Z,paypal,success,3488.15,SGD
PAY0007873,ORD0007873,2026-04-20T11:48:05Z,card,success,9451.6,SGD
PAY0007874,ORD0007874,2026-05-05T09:56:40Z,bank_transfer,success,13250.01,SGD
PAY0007875,ORD0007875,2026-01-13T12:17:14Z,bank_transfer,success,810.42,SGD
PAY0007876,ORD0007876,2026-02-27T09:22:28Z,card,success,6870.51,SGD
PAY0007877,ORD0007877,2026-01-18T14:20:44Z,bank_transfer,success,6147.27,SGD
PAY0007878,ORD0007878,2026-04-12T08:53:48Z,paypal,success,3144.54,SGD
PAY0007879,ORD0007879,2026-01-19T21:23:42Z,wallet,failed,4422.78,SGD
PAY0007880,ORD0007880,2026-04-22T09:37:34Z,bank_transfer,success,2820.95,SGD
PAY0007881,ORD0007881,2026-03-29T08:30:53Z,wallet,success,12202.66,SGD
PAY0007882,ORD0007882,2026-02-23T08:55:32Z,card,success,18896.6,SGD
PAY0007883,ORD0007883,2026-03-06T22:12:05Z,wallet,success,12252.38,SGD
PAY0007884,ORD0007884,2026-01-27T14:05:20Z,card,pending,4381.04,SGD
PAY0007885,ORD0007885,2026-02-28T15:12:50Z,bank_transfer,failed,2015.13,SGD
PAY0007886,ORD0007886,2026-04-16T23:49:59Z,bank_transfer,failed,16065.7,SGD
PAY0007887,ORD0007887,2026-03-07T21:08:07Z,card,success,4113.29,SGD
PAY0007888,ORD0007888,2026-04-20T20:29:30Z,wallet,failed,7787.57,SGD
PAY0007889,ORD0007889,2026-04-07T13:01:54Z,bank_transfer,failed,2112.4,SGD
PAY0007890,ORD0007890,2026-04-12T21:40:42Z,card,success,4279.56,SGD
PAY0007891,ORD0007891,2026-04-24T03:41:14Z,paypal,success,16043.07,SGD
PAY0007892,ORD0007892,2026-02-13T14:34:37Z,bank_transfer,pending,1793.87,SGD
PAY0007893,ORD0007893,2026-05-06T13:09:03Z,wallet,success,17051.53,SGD
PAY0007894,ORD0007894,2026-04-16T23:45:34Z,wallet,failed,405.21,SGD
PAY0007895,ORD0007895,2026-01-19T18:04:49Z,wallet,success,3759.05,SGD
PAY0007896,ORD0007896,2026-01-04T16:33:09Z,card,success,-1643.05,SGD
PAY0007897,ORD0007897,2026-03-08T05:07:50Z,card,success,2785.8,SGD
PAY0007898,ORD0007898,2026-03-18T06:30:26Z,bank_transfer,success,9179.8,SGD
PAY0007899,ORD0007899,2026-01-08T07:12:54Z,bank_transfer,failed,5732.43,SGD
PAY0007900,ORD0007900,2026-03-11T16:28:13Z,card,refunded,10216.01,SGD
PAY0007901,ORD0007901,2026-01-17T05:40:28Z,bank_transfer,failed,14400.82,SGD
PAY0007902,ORD0007902,2026-01-01T11:07:37Z,card,failed,14405.32,SGD
PAY0007903,ORD0007903,2026-03-29T18:30:58Z,paypal,success,5085.99,SGD
PAY0007904,ORD0007904,2026-04-18T13:04:57Z,bank_transfer,success,4740.77,SGD
PAY0007905,ORD0007905,2026-01-25T19:35:16Z,wallet,pending,10707.58,SGD
PAY0007906,ORD0007906,2026-04-24T08:05:46Z,wallet,success,9694.53,SGD
PAY0007907,ORD0007907,2026-03-29T18:12:53Z,paypal,success,6409.06,SGD
PAY0007908,ORD0007908,2026-01-14T05:23:51Z,wallet,success,6022.83,SGD
PAY0007909,ORD0007909,2026-05-14T12:29:47Z,card,success,11823.13,SGD
PAY0007910,ORD0007910,2026-01-31T03:58:42Z,card,success,8637.92,SGD
PAY0007911,ORD0007911,2026-04-01T17:21:55Z,wallet,success,3106.65,SGD
PAY0007912,ORD0007912,2026-03-28T20:13:17Z,bank_transfer,failed,3726.0,SGD
PAY0007913,ORD0007913,2026-05-06T09:50:52Z,paypal,success,10426.8,SGD
PAY0007914,ORD0007914,2026-04-09T16:55:44Z,card,pending,6803.56,SGD
PAY0007915,ORD0007915,2026-01-28T06:57:09Z,bank_transfer,success,14777.35,SGD
PAY0007916,ORD0007916,2026-01-05T18:19:33Z,card,success,6546.92,SGD
PAY0007917,ORD0007917,2026-03-03T22:48:07Z,wallet,success,2899.52,SGD
PAY0007918,ORD0007918,2026-03-12T00:35:07Z,bank_transfer,success,14889.86,SGD
PAY0007919,ORD0007919,2026-02-28T07:53:13Z,wallet,success,10643.7,SGD
PAY0007920,ORD0007920,2026-01-30T18:16:27Z,bank_transfer,success,5083.38,SGD
PAY0007921,ORD0007921,2026-04-19T23:11:51Z,paypal,success,8143.5,SGD
PAY0007922,ORD0007922,2026-02-10T05:58:07Z,wallet,success,8914.38,SGD
PAY0007923,ORD0007923,2026-01-18T11:53:38Z,bank_transfer,success,6348.81,SGD
PAY0007924,ORD0007924,2026-02-08T23:26:35Z,paypal,success,6285.4,SGD
PAY0007925,ORD0007925,2026-03-12T20:27:49Z,card,success,14226.82,SGD
PAY0007926,ORD0007926,2026-04-15T02:23:27Z,bank_transfer,success,3385.28,SGD
PAY0007927,ORD0007927,2026-01-06T17:50:35Z,bank_transfer,success,9390.22,SGD
PAY0007928,ORD0007928,2026-01-18T22:04:52Z,card,success,7468.11,SGD
PAY0007929,ORD0007929,2026-03-13T01:36:03Z,bank_transfer,success,14896.9,SGD
PAY0007930,ORD0007930,2026-03-30T14:58:08Z,card,failed,11205.49,SGD
PAY0007931,ORD0007931,2026-03-20T19:45:28Z,paypal,success,14225.37,SGD
PAY0007932,ORD0007932,2026-04-22T12:46:49Z,wallet,success,703.53,SGD
PAY0007933,ORD0007933,2026-02-06T10:47:23Z,bank_transfer,success,1288.63,SGD
PAY0007934,ORD0007934,2026-03-04T23:03:11Z,card,success,9334.14,SGD
PAY0007935,ORD0007935,2026-05-01T03:29:02Z,wallet,success,1944.97,SGD
PAY0007936,ORD0007936,2026-03-17T13:28:47Z,paypal,success,9846.26,SGD
PAY0007937,ORD0007937,2026-04-14T17:47:16Z,paypal,pending,926.7,SGD
PAY0007938,ORD0007938,2026-01-31T03:27:25Z,paypal,success,15876.23,SGD
PAY0007939,ORD0007939,2026-03-01T11:10:13Z,card,success,1942.26,SGD
PAY0007940,ORD0007940,2026-01-06T08:32:30Z,bank_transfer,pending,7878.37,SGD
PAY0007941,ORD0007941,2026-01-14T03:52:38Z,bank_transfer,success,338.22,SGD
PAY0007942,ORD0007942,2026-05-13T16:08:31Z,card,pending,9845.74,SGD
PAY0007943,ORD0007943,2026-03-04T00:03:16Z,card,success,12371.03,SGD
PAY0007944,ORD0007944,2026-04-12T10:25:29Z,card,success,13966.71,SGD
PAY0007945,ORD0007945,2026-03-04T17:37:02Z,paypal,success,212.4,SGD
PAY0007946,ORD0007946,2026-02-14T01:13:02Z,card,success,6210.7,SGD
PAY0007947,ORD0007947,2026-02-19T14:41:20Z,wallet,success,10487.02,SGD
PAY0007948,ORD0007948,2026-02-28T07:03:40Z,paypal,success,9603.27,SGD
PAY0007949,ORD0007949,2026-05-15T22:55:05Z,bank_transfer,success,5812.52,SGD
PAY0007950,ORD0007950,2026-04-25T00:13:40Z,bank_transfer,success,1640.19,SGD
PAY0007951,ORD0007951,2026-04-13T01:39:45Z,wallet,success,6438.33,SGD
PAY0007952,ORD0007952,2026-01-11T04:49:51Z,card,success,14869.9,SGD
PAY0007953,ORD0007953,2026-01-28T14:59:40Z,bank_transfer,pending,1871.97,SGD
PAY0007954,ORD0007954,2026-03-11T23:06:09Z,wallet,success,6861.94,SGD
PAY0007955,ORD0007955,2026-04-26T11:06:12Z,wallet,success,11477.5,SGD
PAY0007956,ORD0007956,2026-02-02T05:21:02Z,wallet,success,18801.3,SGD
PAY0007957,ORD0007957,2026-01-10T23:23:17Z,wallet,pending,5105.52,SGD
PAY0007958,ORD0007958,2026-04-18T10:45:00Z,bank_transfer,refunded,15507.6,SGD
PAY0007959,ORD0007959,2026-05-06T01:12:45Z,bank_transfer,failed,2782.76,SGD
PAY0007960,ORD0007960,2026-05-01T02:33:23Z,wallet,success,9612.64,SGD
PAY0007961,ORD0007961,2026-01-02T07:22:55Z,card,refunded,6810.5,SGD
PAY0007962,ORD0007962,2026-04-08T19:12:28Z,paypal,success,15082.82,SGD
PAY0007963,ORD0007963,2026-01-19T13:16:37Z,wallet,success,5530.67,SGD
PAY0007964,ORD0007964,2026-05-05T15:00:44Z,bank_transfer,success,4594.26,SGD
PAY0007965,ORD0007965,2026-01-22T01:12:24Z,paypal,success,10075.84,SGD
PAY0007966,ORD0007966,2026-03-23T18:37:10Z,paypal,failed,17089.74,SGD
PAY0007967,ORD0007967,2026-03-16T15:59:36Z,bank_transfer,success,6210.82,SGD
PAY0007968,ORD0007968,2026-03-27T20:49:13Z,paypal,success,9661.97,SGD
PAY0007969,ORD0007969,2026-05-19T23:35:44Z,wallet,success,4660.14,SGD
PAY0007970,ORD0007970,2026-03-28T18:31:57Z,card,success,14002.65,SGD
PAY0007971,ORD0007971,2026-05-12T23:40:35Z,bank_transfer,pending,3138.24,SGD
PAY0007972,ORD0007972,2026-04-04T23:24:26Z,wallet,success,3355.3,SGD
PAY0007973,ORD0007973,2026-05-14T08:22:03Z,bank_transfer,success,14071.93,SGD
PAY0007974,ORD0007974,2026-01-04T19:02:45Z,wallet,success,15890.72,SGD
PAY0007975,ORD0007975,2026-02-18T07:48:35Z,paypal,success,12153.77,SGD
PAY0007976,ORD0007976,2026-01-21T13:32:48Z,card,success,1826.9,SGD
PAY0007977,ORD0007977,2026-05-11T08:09:31Z,card,success,10365.2,SGD
PAY0007978,ORD0007978,2026-04-13T03:17:15Z,card,success,10688.82,SGD
PAY0007979,ORD0007979,2026-03-16T10:01:42Z,card,pending,1976.45,SGD
PAY0007980,ORD0007980,2026-03-20T20:49:16Z,bank_transfer,success,3771.92,SGD
PAY0007981,ORD0007981,2026-03-12T07:30:19Z,wallet,success,14253.49,SGD
PAY0007982,ORD0007982,2026-02-03T17:04:56Z,wallet,failed,9547.6,SGD
PAY0007983,ORD0007983,2026-02-18T03:52:48Z,card,refunded,11161.48,SGD
PAY0007984,ORD0007984,2026-05-10T11:54:59Z,paypal,failed,18931.15,SGD
PAY0007985,ORD0007985,2026-04-01T12:00:47Z,wallet,refunded,3222.7,SGD
PAY0007986,ORD0007986,2026-05-07T04:44:59Z,paypal,success,3794.88,SGD
PAY0007987,ORD0007987,2026-01-25T21:17:10Z,paypal,pending,15274.05,SGD
PAY0007988,ORD0007988,2026-03-31T19:38:54Z,card,success,14925.16,SGD
PAY0007989,ORD0007989,2026-01-22T21:03:53Z,wallet,success,6824.19,SGD
PAY0007990,ORD0007990,2026-03-31T14:08:47Z,card,success,10027.76,SGD
PAY0007991,ORD0007991,2026-01-22T13:48:05Z,card,refunded,3788.12,SGD
PAY0007992,ORD0007992,2026-02-26T14:48:17Z,wallet,success,1305.43,SGD
PAY0007993,ORD0007993,2026-04-20T07:37:15Z,wallet,success,1611.35,SGD
PAY0007994,ORD0007994,2026-04-13T12:05:54Z,bank_transfer,failed,8144.28,SGD
PAY0007995,ORD0007995,2026-02-03T21:06:53Z,paypal,refunded,2487.28,SGD
PAY0007996,ORD0007996,2026-01-11T02:51:26Z,bank_transfer,success,8123.13,SGD
PAY0007997,ORD0007997,2026-02-22T00:38:25Z,paypal,success,1640.19,SGD
PAY0007998,ORD0007998,2026-02-28T22:55:25Z,bank_transfer,pending,12874.35,SGD
PAY0007999,ORD0007999,2026-03-26T09:07:14Z,card,success,1620.62,SGD
PAY0008000,ORD0008000,2026-03-19T22:46:37Z,card,failed,10759.35,SGD
PAY0008001,ORD0008001,2026-05-01T16:47:46Z,paypal,success,6217.69,SGD
PAY0008002,ORD0008002,2026-04-06T02:36:54Z,card,success,2520.74,SGD
PAY0008003,ORD0008003,2026-04-30T01:30:14Z,paypal,success,20144.8,SGD
PAY0008004,ORD0008004,2026-01-29T08:24:33Z,wallet,success,12843.31,SGD
PAY0008005,ORD0008005,2026-03-29T16:28:38Z,card,success,6787.89,SGD
PAY0008006,ORD0008006,2026-03-26T17:39:14Z,wallet,pending,2123.32,SGD
PAY0008007,ORD0008007,2026-01-07T06:14:13Z,bank_transfer,success,13541.35,SGD
PAY0008008,ORD0008008,2026-01-29T04:12:46Z,bank_transfer,success,9566.42,SGD
PAY0008009,ORD0008009,2026-03-22T07:43:37Z,wallet,failed,20656.6,SGD
PAY0008010,ORD0008010,2026-01-23T03:30:21Z,paypal,success,6513.42,SGD
PAY0008011,ORD0008011,2026-03-16T13:58:31Z,bank_transfer,success,4710.05,SGD
PAY0008012,ORD0008012,2026-03-30T12:51:59Z,wallet,success,9746.45,SGD
PAY0008013,ORD0008013,2026-02-07T01:20:12Z,bank_transfer,success,7287.9,SGD
PAY0008014,ORD0008014,2026-01-12T10:10:45Z,bank_transfer,success,1126.45,SGD
PAY0008015,ORD0008015,2026-01-18T08:41:06Z,bank_transfer,success,1036.56,SGD
PAY0008016,ORD0008016,2026-04-19T15:20:27Z,bank_transfer,success,2429.3,SGD
PAY0008017,ORD0008017,2026-01-21T10:39:11Z,wallet,success,592.39,SGD
PAY0008018,ORD0008018,2026-03-13T07:02:19Z,bank_transfer,success,4499.56,SGD
PAY0008019,ORD0008019,2026-01-28T03:36:55Z,paypal,success,3746.55,SGD
PAY0008020,ORD0008020,2026-04-23T21:52:42Z,card,success,8655.24,SGD
PAY0008021,ORD0008021,2026-05-09T13:21:36Z,wallet,success,3509.31,SGD
PAY0008022,ORD0008022,2026-04-13T23:48:12Z,card,success,3146.02,SGD
PAY0008023,ORD0008023,2026-03-18T03:25:59Z,paypal,refunded,1168.1,SGD
PAY0008024,ORD0008024,2026-02-21T20:53:37Z,wallet,success,3354.06,SGD
PAY0008025,ORD0008025,2026-01-20T02:16:41Z,card,success,3344.76,SGD
PAY0008026,ORD0008026,2026-01-06T00:57:20Z,bank_transfer,refunded,6329.17,SGD
PAY0008027,ORD0008027,2026-03-09T16:41:14Z,wallet,success,10153.79,SGD
PAY0008028,ORD0008028,2026-04-17T20:48:32Z,wallet,success,4158.33,SGD
PAY0008029,ORD0008029,2026-01-17T07:28:15Z,bank_transfer,success,8041.35,SGD
PAY0008030,ORD0008030,2026-04-23T17:06:36Z,bank_transfer,pending,16285.14,SGD
PAY0008031,ORD0008031,2026-01-20T08:58:32Z,bank_transfer,pending,608.3,SGD
PAY0008032,ORD0008032,2026-01-23T08:35:19Z,card,pending,6256.85,SGD
PAY0008033,ORD0008033,2026-01-17T11:04:16Z,bank_transfer,refunded,6163.91,SGD
PAY0008034,ORD0008034,2026-03-12T00:13:46Z,card,success,7458.31,SGD
PAY0008035,ORD0008035,2026-05-14T06:17:14Z,bank_transfer,success,999.49,SGD
PAY0008036,ORD0008036,2026-03-17T21:20:54Z,paypal,pending,3542.03,SGD
PAY0008037,ORD0008037,2026-04-02T16:47:42Z,bank_transfer,success,2562.44,SGD
PAY0008038,ORD0008038,2026-01-31T14:32:13Z,paypal,success,11458.34,SGD
PAY0008039,ORD0008039,2026-01-31T04:06:57Z,bank_transfer,success,14516.77,SGD
PAY0008040,ORD0008040,2026-04-19T04:01:13Z,card,success,4066.34,SGD
PAY0008041,ORD0008041,2026-02-11T21:11:33Z,paypal,success,2339.78,SGD
PAY0008042,ORD0008042,2026-04-04T22:51:18Z,card,success,2071.1,SGD
PAY0008043,ORD0008043,2026-02-06T01:33:01Z,wallet,success,6445.93,SGD
PAY0008044,ORD0008044,2026-05-07T07:09:15Z,bank_transfer,success,14598.69,SGD
PAY0008045,ORD0008045,2026-05-14T06:13:57Z,paypal,success,4663.5,SGD
PAY0008046,ORD0008046,2026-02-27T21:24:35Z,paypal,success,11078.73,SGD
PAY0008047,ORD0008047,2026-04-14T01:32:47Z,card,success,3375.67,SGD
PAY0008048,ORD0008048,2026-03-19T21:51:59Z,wallet,success,4077.78,SGD
PAY0008049,ORD0008049,2026-03-31T21:39:36Z,wallet,success,6007.17,SGD
PAY0008050,ORD0008050,2026-01-26T23:16:42Z,paypal,pending,7785.1,SGD
PAY0008051,ORD0008051,2026-05-17T13:34:12Z,wallet,failed,5358.7,SGD
PAY0008052,ORD0008052,2026-05-24T14:19:40Z,paypal,success,11346.81,SGD
PAY0008053,ORD0008053,2026-02-21T17:47:25Z,bank_transfer,success,6833.18,SGD
PAY0008054,ORD0008054,2026-02-08T08:37:32Z,wallet,pending,7190.04,SGD
PAY0008055,ORD0008055,2026-02-18T04:48:50Z,paypal,success,5433.45,SGD
PAY0008056,ORD0008056,2026-01-09T09:33:00Z,paypal,success,5372.23,SGD
PAY0008057,ORD0008057,2026-01-18T01:07:30Z,bank_transfer,success,15153.24,SGD
PAY0008058,ORD0008058,2026-04-26T15:05:57Z,wallet,success,11558.06,SGD
PAY0008059,ORD0008059,2026-03-22T03:41:46Z,wallet,success,2490.38,SGD
PAY0008060,ORD0008060,2026-04-21T21:29:42Z,card,success,8733.78,SGD
PAY0008061,ORD0008061,2026-01-30T14:59:57Z,card,success,4593.15,SGD
PAY0008062,ORD0008062,2026-01-07T12:24:48Z,wallet,success,19449.29,SGD
PAY0008063,ORD0008063,2026-05-16T19:05:52Z,card,success,9148.93,SGD
PAY0008064,ORD0008064,2026-02-01T20:57:09Z,wallet,success,7438.71,SGD
PAY0008065,ORD0008065,2026-05-01T14:33:21Z,bank_transfer,success,11783.73,SGD
PAY0008066,ORD0008066,2026-04-17T22:37:57Z,paypal,success,5107.0,SGD
PAY0008067,ORD0008067,2026-04-23T06:06:03Z,bank_transfer,success,552.37,SGD
PAY0008068,ORD0008068,2026-04-09T16:38:32Z,card,pending,8235.32,SGD
PAY0008069,ORD0008069,2026-02-07T11:55:28Z,wallet,success,2620.61,SGD
PAY0008070,ORD0008070,2026-05-22T03:56:06Z,card,success,14540.98,SGD
PAY0008071,ORD0008071,2026-01-22T14:27:16Z,wallet,refunded,4991.76,SGD
PAY0008072,ORD0008072,2026-02-19T15:31:46Z,paypal,success,8819.2,SGD
PAY0008073,ORD0008073,2026-03-20T05:13:25Z,wallet,success,14262.89,SGD
PAY0008074,ORD0008074,2026-03-12T05:15:55Z,wallet,success,9075.1,SGD
PAY0008075,ORD0008075,2026-01-12T04:33:34Z,wallet,success,7478.41,SGD
PAY0008076,ORD0008076,2026-05-06T11:12:08Z,card,success,12006.69,SGD
PAY0008077,ORD0008077,2026-05-01T20:37:25Z,wallet,success,9401.61,SGD
PAY0008078,ORD0008078,2026-01-06T03:03:33Z,paypal,success,4572.82,SGD
PAY0008079,ORD0008079,2026-01-20T20:42:26Z,card,success,14775.08,SGD
PAY0008080,ORD0008080,2026-02-08T04:23:30Z,wallet,success,5433.45,SGD
PAY0008081,ORD0008081,2026-01-26T04:49:47Z,card,success,9082.29,SGD
PAY0008082,ORD0008082,2026-04-19T18:01:04Z,paypal,failed,10389.77,SGD
PAY0008083,ORD0008083,2026-04-03T07:43:36Z,paypal,success,2575.98,SGD
PAY0008084,ORD0008084,2026-03-25T00:07:43Z,wallet,success,9801.39,SGD
PAY0008085,ORD0008085,2026-04-29T13:12:07Z,card,success,15405.04,SGD
PAY0008086,ORD0008086,2026-01-01T08:37:22Z,wallet,success,12231.07,SGD
PAY0008087,ORD0008087,2026-04-23T13:43:41Z,card,success,21060.01,SGD
PAY0008088,ORD0008088,2026-01-13T20:41:05Z,paypal,success,10182.52,SGD
PAY0008089,ORD0008089,2026-04-24T04:17:19Z,card,success,16418.79,SGD
PAY0008090,ORD0008090,2026-01-13T10:35:33Z,paypal,pending,5373.66,SGD
PAY0008091,ORD0008091,2026-05-23T15:50:36Z,paypal,pending,1916.29,SGD
PAY0008092,ORD0008092,2026-05-19T01:53:45Z,bank_transfer,success,15712.98,SGD
PAY0008093,ORD0008093,2026-05-03T08:29:46Z,wallet,success,9492.84,SGD
PAY0008094,ORD0008094,2026-05-01T23:34:02Z,card,success,4936.16,SGD
PAY0008095,ORD0008095,2026-02-27T02:02:45Z,paypal,success,13436.03,SGD
PAY0008096,ORD0008096,2026-04-10T02:25:13Z,bank_transfer,success,9958.83,SGD
PAY0008097,ORD0008097,2026-03-14T16:26:31Z,wallet,success,19214.47,SGD
PAY0008098,ORD0008098,2026-01-06T11:08:55Z,card,success,10281.9,SGD
PAY0008099,ORD0008099,2026-03-23T08:12:00Z,wallet,pending,13941.07,SGD
PAY0008100,ORD0008100,2026-01-28T03:07:23Z,card,success,8744.88,SGD
PAY0008101,ORD0008101,2026-02-13T19:11:07Z,card,refunded,9035.92,SGD
PAY0008102,ORD0008102,2026-04-25T08:14:31Z,wallet,success,2233.6,SGD
PAY0008103,ORD0008103,2026-01-16T15:25:50Z,wallet,failed,7968.37,SGD
PAY0008104,ORD0008104,2026-02-20T03:46:08Z,card,success,11440.92,SGD
PAY0008105,ORD0008105,2026-04-04T23:42:01Z,bank_transfer,success,15651.57,SGD
PAY0008106,ORD0008106,2026-04-11T06:37:32Z,wallet,pending,12435.08,SGD
PAY0008107,ORD0008107,2026-05-08T04:09:28Z,paypal,pending,6572.73,SGD
PAY0008108,ORD0008108,2026-05-17T18:20:20Z,wallet,pending,2681.12,SGD
PAY0008109,ORD0008109,2026-03-14T19:55:59Z,bank_transfer,success,10679.97,SGD
PAY0008110,ORD0008110,2026-04-03T09:07:44Z,paypal,success,10636.09,SGD
PAY0008111,ORD0008111,2026-05-16T16:59:23Z,card,success,5916.88,SGD
PAY0008112,ORD0008112,2026-02-08T02:22:56Z,card,pending,6747.51,SGD
PAY0008113,ORD0008113,2026-02-04T08:57:46Z,card,success,987.9,SGD
PAY0008114,ORD0008114,2026-04-22T17:38:24Z,paypal,success,6122.28,SGD
PAY0008115,ORD0008115,2026-03-11T21:55:27Z,bank_transfer,success,9857.95,SGD
PAY0008116,ORD0008116,2026-03-23T10:59:59Z,card,pending,9812.47,SGD
PAY0008117,ORD0008117,2026-04-12T04:19:21Z,bank_transfer,success,12012.2,SGD
PAY0008118,ORD0008118,2026-03-27T22:01:53Z,bank_transfer,success,7121.79,SGD
PAY0008119,ORD0008119,2026-01-19T15:21:24Z,wallet,success,11181.01,SGD
PAY0008120,ORD0008120,2026-04-23T06:52:59Z,bank_transfer,success,7109.79,SGD
PAY0008121,ORD0008121,2026-04-13T23:16:21Z,bank_transfer,success,15453.36,SGD
PAY0008122,ORD0008122,2026-02-21T13:08:14Z,wallet,refunded,17792.87,SGD
PAY0008123,ORD0008123,2026-04-16T23:30:45Z,bank_transfer,success,11737.58,SGD
PAY0008124,ORD0008124,2026-05-12T13:15:22Z,paypal,success,1704.3,SGD
PAY0008125,ORD0008125,2026-05-14T05:32:52Z,paypal,success,3373.19,SGD
PAY0008126,ORD0008126,2026-03-05T18:42:47Z,bank_transfer,success,1854.63,SGD
PAY0008127,ORD0008127,2026-04-18T08:15:36Z,wallet,failed,14673.54,SGD
PAY0008128,ORD0008128,2026-05-01T23:33:36Z,bank_transfer,success,13344.81,SGD
PAY0008129,ORD0008129,2026-02-02T03:28:49Z,paypal,success,1112.3,SGD
PAY0008130,ORD0008130,2026-01-24T01:12:35Z,paypal,success,13037.58,SGD
PAY0008131,ORD0008131,2026-02-11T18:16:05Z,paypal,success,12163.73,SGD
PAY0008132,ORD0008132,2026-03-27T06:10:27Z,bank_transfer,success,1260.57,SGD
PAY0008133,ORD0008133,2026-01-15T10:49:08Z,card,failed,3680.43,SGD
PAY0008134,ORD0008134,2026-05-11T17:04:07Z,paypal,success,3771.92,SGD
PAY0008135,ORD0008135,2026-05-09T16:08:02Z,bank_transfer,success,2085.92,SGD
PAY0008136,ORD0008136,2026-04-16T15:21:55Z,bank_transfer,refunded,6699.02,SGD
PAY0008137,ORD0008137,2026-02-02T12:19:59Z,paypal,success,14987.78,SGD
PAY0008138,ORD0008138,2026-03-17T04:55:00Z,bank_transfer,success,4715.89,SGD
PAY0008139,ORD0008139,2026-02-07T20:40:51Z,wallet,success,8831.41,SGD
PAY0008140,ORD0008140,2026-02-16T02:38:22Z,paypal,success,6296.61,SGD
PAY0008141,ORD0008141,2026-03-07T21:13:21Z,card,success,7615.53,SGD
PAY0008142,ORD0008142,2026-03-03T16:03:26Z,card,success,15103.3,SGD
PAY0008143,ORD0008143,2026-05-16T04:01:59Z,paypal,success,11375.76,SGD
PAY0008144,ORD0008144,2026-03-09T03:11:18Z,card,success,632.0,SGD
PAY0008145,ORD0008145,2026-02-04T13:23:08Z,wallet,refunded,658.6,SGD
PAY0008146,ORD0008146,2026-01-22T11:39:14Z,paypal,success,12492.96,SGD
PAY0008147,ORD0008147,2026-03-25T00:26:30Z,wallet,success,8285.93,SGD
PAY0008148,ORD0008148,2026-01-27T13:15:20Z,paypal,success,16321.24,SGD
PAY0008149,ORD0008149,2026-05-06T13:29:24Z,card,success,12040.27,SGD
PAY0008150,ORD0008150,2026-05-09T03:04:31Z,paypal,failed,1843.1,SGD
PAY0008151,ORD0008151,2026-01-21T16:01:15Z,bank_transfer,success,886.72,SGD
PAY0008152,ORD0008152,2026-01-24T20:16:06Z,card,success,5427.6,SGD
PAY0008153,ORD0008153,2026-01-22T11:46:26Z,bank_transfer,success,6051.86,SGD
PAY0008154,ORD0008154,2026-02-25T14:46:36Z,bank_transfer,refunded,5697.94,SGD
PAY0008155,ORD0008155,2026-04-08T05:09:56Z,bank_transfer,success,14473.35,SGD
PAY0008156,ORD0008156,2026-03-13T21:21:00Z,wallet,pending,5677.45,SGD
PAY0008157,ORD0008157,2026-04-05T13:30:06Z,paypal,success,3696.88,SGD
PAY0008158,ORD0008158,2026-04-30T21:42:05Z,paypal,pending,3283.65,SGD
PAY0008159,ORD0008159,2026-05-20T18:06:00Z,card,success,15403.23,SGD
PAY0008160,ORD0008160,2026-03-14T19:20:16Z,paypal,success,975.58,SGD
PAY0008161,ORD0008161,2026-05-21T22:32:53Z,wallet,success,12082.97,SGD
PAY0008162,ORD0008162,2026-04-09T13:22:17Z,card,success,8316.54,SGD
PAY0008163,ORD0008163,2026-02-24T21:36:52Z,bank_transfer,success,1539.28,SGD
PAY0008164,ORD0008164,2026-05-09T19:05:45Z,bank_transfer,success,2262.01,SGD
PAY0008165,ORD0008165,2026-03-17T14:34:41Z,wallet,success,6081.29,SGD
PAY0008166,ORD0008166,2026-03-22T22:56:00Z,bank_transfer,failed,10805.0,SGD
PAY0008167,ORD0008167,2026-02-02T18:09:13Z,bank_transfer,success,15098.79,SGD
PAY0008168,ORD0008168,2026-02-16T04:34:20Z,paypal,pending,10365.18,SGD
PAY0008169,ORD0008169,2026-01-27T19:12:17Z,paypal,success,1361.36,SGD
PAY0008170,ORD0008170,2026-04-30T13:38:33Z,bank_transfer,refunded,338.22,SGD
PAY0008171,ORD0008171,2026-02-03T06:24:26Z,wallet,failed,898.96,SGD
PAY0008172,ORD0008172,2026-01-07T11:18:16Z,bank_transfer,success,218.52,SGD
PAY0008173,ORD0008173,2026-03-19T19:54:17Z,card,success,11672.01,SGD
PAY0008174,ORD0008174,2026-01-09T22:06:07Z,bank_transfer,success,10724.42,SGD
PAY0008175,ORD0008175,2026-03-25T19:23:05Z,wallet,success,2550.39,SGD
PAY0008176,ORD0008176,2026-03-11T09:31:29Z,wallet,success,4834.05,SGD
PAY0008177,ORD0008177,2026-03-07T01:22:14Z,bank_transfer,success,16654.13,SGD
PAY0008178,ORD0008178,2026-04-08T19:26:55Z,wallet,success,342.32,SGD
PAY0008179,ORD0008179,2026-05-12T09:48:29Z,paypal,failed,6361.39,SGD
PAY0008180,ORD0008180,2026-02-11T18:20:13Z,paypal,refunded,1170.1,SGD
PAY0008181,ORD0008181,2026-01-05T13:02:08Z,paypal,pending,5134.99,SGD
PAY0008182,ORD0008182,2026-04-26T18:30:46Z,wallet,success,18180.16,SGD
PAY0008183,ORD0008183,2026-03-22T12:33:07Z,bank_transfer,success,1127.02,SGD
PAY0008184,ORD0008184,2026-01-02T05:44:32Z,wallet,success,6666.86,SGD
PAY0008185,ORD0008185,2026-02-17T03:29:46Z,bank_transfer,refunded,13181.38,SGD
PAY0008186,ORD0008186,2026-01-26T01:18:47Z,wallet,failed,10663.34,SGD
PAY0008187,ORD0008187,2026-01-25T14:51:26Z,wallet,failed,9428.05,SGD
PAY0008188,ORD0008188,2026-05-24T23:03:25Z,paypal,success,4499.56,SGD
PAY0008189,ORD0008189,2026-01-19T06:38:06Z,bank_transfer,success,9724.54,SGD
PAY0008190,ORD0008190,2026-04-27T20:54:59Z,card,success,15489.26,SGD
PAY0008191,ORD0008191,2026-04-01T19:19:18Z,paypal,pending,3085.88,SGD
PAY0008192,ORD0008192,2026-04-25T15:40:32Z,wallet,pending,4425.81,SGD
PAY0008193,ORD0008193,2026-01-01T14:12:51Z,bank_transfer,success,2167.05,SGD
PAY0008194,ORD0008194,2026-05-04T20:26:18Z,bank_transfer,refunded,1294.83,SGD
PAY0008195,ORD0008195,2026-03-01T08:48:06Z,paypal,pending,1146.96,SGD
PAY0008196,ORD0008196,2026-01-03T16:06:14Z,card,success,8334.41,SGD
PAY0008197,ORD0008197,2026-03-09T13:14:23Z,paypal,success,3433.72,SGD
PAY0008198,ORD0008198,2026-02-08T13:16:00Z,bank_transfer,success,8601.32,SGD
PAY0008199,ORD0008199,2026-03-17T17:40:51Z,bank_transfer,refunded,5484.93,SGD
PAY0008200,ORD0008200,2026-03-15T21:04:57Z,bank_transfer,success,13965.1,SGD
PAY0008201,ORD0008201,2026-02-26T05:24:19Z,paypal,refunded,16847.09,SGD
PAY0008202,ORD0008202,2026-03-05T21:00:51Z,card,refunded,10879.44,SGD
PAY0008203,ORD0008203,2026-01-11T05:50:01Z,paypal,success,4942.63,SGD
PAY0008204,ORD0008204,2026-05-20T07:38:45Z,paypal,success,3422.02,SGD
PAY0008205,ORD0008205,2026-02-17T07:53:20Z,bank_transfer,success,6521.98,SGD
PAY0008206,ORD0008206,2026-04-19T22:07:29Z,paypal,success,8982.07,SGD
PAY0008207,ORD0008207,2026-01-18T20:00:09Z,wallet,success,2764.65,SGD
PAY0008208,ORD0008208,2026-03-22T15:39:42Z,bank_transfer,success,19992.11,SGD
PAY0008209,ORD0008209,2026-01-10T06:10:18Z,bank_transfer,success,6666.39,SGD
PAY0008210,ORD0008210,2026-03-15T20:27:55Z,bank_transfer,refunded,9155.92,SGD
PAY0008211,ORD0008211,2026-02-25T10:13:54Z,bank_transfer,success,12620.52,SGD
PAY0008212,ORD0008212,2026-04-07T11:42:38Z,bank_transfer,success,12488.62,SGD
PAY0008213,ORD0008213,2026-04-12T01:52:04Z,wallet,pending,1643.05,SGD
PAY0008214,ORD0008214,2026-01-14T07:54:30Z,card,success,4143.73,SGD
PAY0008215,ORD0008215,2026-01-21T10:29:45Z,bank_transfer,success,13177.85,SGD
PAY0008216,ORD0008216,2026-02-22T12:19:29Z,card,success,1361.36,SGD
PAY0008217,ORD0008217,2026-03-04T10:59:29Z,bank_transfer,success,2077.99,SGD
PAY0008218,ORD0008218,2026-03-18T21:49:41Z,wallet,pending,6098.65,SGD
PAY0008219,ORD0008219,2026-02-16T07:55:38Z,paypal,success,1112.3,SGD
PAY0008220,ORD0008220,2026-01-06T11:57:30Z,card,success,8194.53,SGD
PAY0008221,ORD0008221,2026-03-14T07:27:10Z,bank_transfer,success,8620.98,SGD
PAY0008222,ORD0008222,2026-04-23T17:02:20Z,wallet,pending,1645.66,SGD
PAY0008223,ORD0008223,2026-01-17T16:20:23Z,paypal,success,4619.21,SGD
PAY0008224,ORD0008224,2026-02-09T03:14:20Z,wallet,success,7311.76,SGD
PAY0008225,ORD0008225,2026-03-19T03:19:10Z,bank_transfer,success,3088.87,SGD
PAY0008226,ORD0008226,2026-01-26T01:26:39Z,wallet,success,8559.41,SGD
PAY0008227,ORD0008227,2026-05-21T22:10:44Z,wallet,success,1035.55,SGD
PAY0008228,ORD0008228,2026-04-17T08:27:47Z,card,refunded,16873.98,SGD
PAY0008229,ORD0008229,2026-02-28T17:59:10Z,bank_transfer,success,3272.04,SGD
PAY0008230,ORD0008230,2026-05-03T19:55:09Z,paypal,success,5641.31,SGD
PAY0008231,ORD0008231,2026-04-22T18:14:56Z,wallet,success,5845.22,SGD
PAY0008232,ORD0008232,2026-02-18T03:14:46Z,bank_transfer,success,4767.99,SGD
PAY0008233,ORD0008233,2026-02-07T00:12:43Z,card,success,9801.1,SGD
PAY0008234,ORD0008234,2026-01-12T21:45:45Z,paypal,success,2358.3,SGD
PAY0008235,ORD0008235,2026-01-09T15:48:22Z,wallet,success,7231.37,SGD
PAY0008236,ORD0008236,2026-03-29T00:33:51Z,wallet,success,5271.18,SGD
PAY0008237,ORD0008237,2026-05-19T01:39:27Z,wallet,success,4991.76,SGD
PAY0008238,ORD0008238,2026-04-25T20:54:06Z,bank_transfer,success,16017.26,SGD
PAY0008239,ORD0008239,2026-05-08T23:54:18Z,paypal,failed,3733.36,SGD
PAY0008240,ORD0008240,2026-03-15T01:38:56Z,card,success,234.51,SGD
PAY0008241,ORD0008241,2026-05-22T23:02:48Z,paypal,failed,18335.37,SGD
PAY0008242,ORD0008242,2026-01-06T06:05:53Z,wallet,success,6076.01,SGD
PAY0008243,ORD0008243,2026-01-03T01:02:35Z,bank_transfer,failed,7664.54,SGD
PAY0008244,ORD0008244,2026-01-13T15:03:12Z,card,success,1281.22,SGD
PAY0008245,ORD0008245,2026-05-21T18:14:34Z,wallet,success,628.64,SGD
PAY0008246,ORD0008246,2026-02-25T11:08:48Z,card,success,2608.35,SGD
PAY0008247,ORD0008247,2026-02-03T03:53:44Z,card,success,8985.58,SGD
PAY0008248,ORD0008248,2026-01-06T23:17:27Z,card,success,10215.53,SGD
PAY0008249,ORD0008249,2026-02-26T02:49:30Z,bank_transfer,success,10637.64,SGD
PAY0008250,ORD0008250,2026-02-23T16:02:03Z,wallet,success,4161.85,SGD
PAY0008251,ORD0008251,2026-04-14T09:16:17Z,wallet,success,10491.06,SGD
PAY0008252,ORD0008252,2026-05-12T19:38:25Z,wallet,success,14535.43,SGD
PAY0008253,ORD0008253,2026-04-18T02:28:50Z,wallet,success,18499.6,SGD
PAY0008254,ORD0008254,2026-04-09T08:19:45Z,card,success,11759.66,SGD
PAY0008255,ORD0008255,2026-01-22T00:14:03Z,card,failed,6977.69,SGD
PAY0008256,ORD0008256,2026-02-25T19:31:44Z,card,pending,13112.7,SGD
PAY0008257,ORD0008257,2026-02-05T19:41:27Z,wallet,success,4112.04,SGD
PAY0008258,ORD0008258,2026-05-23T11:40:41Z,paypal,success,889.65,SGD
PAY0008259,ORD0008259,2026-01-28T08:39:20Z,wallet,success,5700.79,SGD
PAY0008260,ORD0008260,2026-02-27T23:41:34Z,bank_transfer,success,18860.82,SGD
PAY0008261,ORD0008261,2026-01-08T20:30:43Z,wallet,pending,2960.17,SGD
PAY0008262,ORD0008262,2026-05-10T08:16:09Z,bank_transfer,success,5798.19,SGD
PAY0008263,ORD0008263,2026-04-20T04:59:46Z,paypal,refunded,10202.93,SGD
PAY0008264,ORD0008264,2026-04-26T16:17:51Z,bank_transfer,success,13784.92,SGD
PAY0008265,ORD0008265,2026-04-23T01:12:31Z,wallet,success,9779.84,SGD
PAY0008266,ORD0008266,2026-04-28T00:23:21Z,paypal,success,11364.89,SGD
PAY0008267,ORD0008267,2026-03-04T08:04:28Z,paypal,success,4096.66,SGD
PAY0008268,ORD0008268,2026-05-04T18:35:59Z,card,success,24250.28,SGD
PAY0008269,ORD0008269,2026-02-22T23:07:00Z,bank_transfer,success,4258.46,SGD
PAY0008270,ORD0008270,2026-03-22T11:06:10Z,card,success,14429.84,SGD
PAY0008271,ORD0008271,2026-05-02T22:38:04Z,wallet,pending,5195.55,SGD
PAY0008272,ORD0008272,2026-03-12T14:16:07Z,card,success,14229.75,SGD
PAY0008273,ORD0008273,2026-02-19T09:33:56Z,paypal,success,6562.24,SGD
PAY0008274,ORD0008274,2026-04-14T19:21:13Z,paypal,success,3291.38,SGD
PAY0008275,ORD0008275,2026-03-28T05:45:14Z,card,refunded,4610.71,SGD
PAY0008276,ORD0008276,2026-04-04T23:28:02Z,card,success,2221.54,SGD
PAY0008277,ORD0008277,2026-02-18T11:35:27Z,bank_transfer,success,7547.54,SGD
PAY0008278,ORD0008278,2026-02-03T22:59:05Z,paypal,success,5139.61,SGD
PAY0008279,ORD0008279,2026-04-08T01:43:37Z,bank_transfer,refunded,5317.53,SGD
PAY0008280,ORD0008280,2026-04-10T00:29:32Z,card,refunded,1077.13,SGD
PAY0008281,ORD0008281,2026-01-10T22:55:15Z,paypal,success,3826.18,SGD
PAY0008282,ORD0008282,2026-01-09T14:34:36Z,wallet,success,9325.26,SGD
PAY0008283,ORD0008283,2026-01-21T10:01:25Z,card,success,14269.66,SGD
PAY0008284,ORD0008284,2026-05-20T03:28:18Z,paypal,failed,4933.42,SGD
PAY0008285,ORD0008285,2026-04-06T13:04:09Z,paypal,success,1056.81,SGD
PAY0008286,ORD0008286,2026-05-15T07:44:27Z,wallet,success,2480.93,SGD
PAY0008287,ORD0008287,2026-03-09T22:59:36Z,wallet,success,10268.38,SGD
PAY0008288,ORD0008288,2026-05-09T23:51:33Z,wallet,success,17220.74,SGD
PAY0008289,ORD0008289,2026-02-28T03:18:30Z,wallet,success,10986.45,SGD
PAY0008290,ORD0008290,2026-05-07T14:48:18Z,wallet,failed,4834.05,SGD
PAY0008291,ORD0008291,2026-03-18T07:52:37Z,paypal,success,5236.96,SGD
PAY0008292,ORD0008292,2026-04-16T12:00:34Z,card,success,13193.52,SGD
PAY0008293,ORD0008293,2026-03-03T22:42:13Z,bank_transfer,success,12262.04,SGD
PAY0008294,ORD0008294,2026-02-03T15:17:27Z,card,success,4077.78,SGD
PAY0008295,ORD0008295,2026-02-08T08:11:10Z,card,success,1799.17,SGD
PAY0008296,ORD0008296,2026-02-04T14:40:09Z,paypal,success,4245.38,SGD
PAY0008297,ORD0008297,2026-02-28T00:59:00Z,paypal,success,3388.92,SGD
PAY0008298,ORD0008298,2026-02-03T17:12:17Z,card,success,3757.31,SGD
PAY0008299,ORD0008299,2026-05-20T15:26:52Z,card,success,12059.62,SGD
PAY0008300,ORD0008300,2026-05-07T03:01:41Z,card,success,15315.62,SGD
PAY0008301,ORD0008301,2026-03-03T03:04:18Z,bank_transfer,success,5460.3,SGD
PAY0008302,ORD0008302,2026-01-22T08:48:12Z,card,success,7702.74,SGD
PAY0008303,ORD0008303,2026-04-21T16:03:04Z,bank_transfer,success,7838.18,SGD
PAY0008304,ORD0008304,2026-02-02T12:57:13Z,bank_transfer,failed,3637.12,SGD
PAY0008305,ORD0008305,2026-01-05T03:18:12Z,bank_transfer,success,159.62,SGD
PAY0008306,ORD0008306,2026-04-08T00:45:06Z,wallet,success,5682.18,SGD
PAY0008307,ORD0008307,2026-05-02T15:30:26Z,wallet,success,1690.53,SGD
PAY0008308,ORD0008308,2026-01-20T13:49:36Z,card,success,6513.75,SGD
PAY0008309,ORD0008309,2026-02-12T04:21:46Z,bank_transfer,success,8139.81,SGD
PAY0008310,ORD0008310,2026-03-14T15:39:47Z,paypal,success,6940.17,SGD
PAY0008311,ORD0008311,2026-01-17T03:14:29Z,bank_transfer,refunded,5664.22,SGD
PAY0008312,ORD0008312,2026-04-29T02:28:23Z,paypal,success,9322.07,SGD
PAY0008313,ORD0008313,2026-03-08T11:10:06Z,bank_transfer,success,9865.42,SGD
PAY0008314,ORD0008314,2026-01-06T14:38:14Z,paypal,failed,2089.56,SGD
PAY0008315,ORD0008315,2026-02-21T22:39:22Z,wallet,success,16692.93,SGD
PAY0008316,ORD0008316,2026-04-04T06:07:44Z,card,failed,4262.36,SGD
PAY0008317,ORD0008317,2026-01-17T04:13:43Z,paypal,pending,4933.42,SGD
PAY0008318,ORD0008318,2026-01-20T02:11:42Z,bank_transfer,refunded,16280.31,SGD
PAY0008319,ORD0008319,2026-03-17T10:33:36Z,card,success,2926.74,SGD
PAY0008320,ORD0008320,2026-02-10T14:17:49Z,bank_transfer,success,11306.91,SGD
PAY0008321,ORD0008321,2026-01-22T21:30:12Z,bank_transfer,failed,7058.9,SGD
PAY0008322,ORD0008322,2026-01-14T17:34:44Z,paypal,success,9033.95,SGD
PAY0008323,ORD0008323,2026-01-21T12:35:40Z,wallet,success,20446.08,SGD
PAY0008324,ORD0008324,2026-04-05T01:17:37Z,wallet,refunded,12074.23,SGD
PAY0008325,ORD0008325,2026-04-11T09:54:16Z,wallet,refunded,14065.71,SGD
PAY0008326,ORD0008326,2026-01-07T03:58:20Z,bank_transfer,success,7705.34,SGD
PAY0008327,ORD0008327,2026-01-14T21:42:08Z,card,success,14769.32,SGD
PAY0008328,ORD0008328,2026-02-26T17:56:36Z,card,refunded,4434.72,SGD
PAY0008329,ORD0008329,2026-04-23T22:11:29Z,card,pending,8008.63,SGD
PAY0008330,ORD0008330,2026-03-06T05:01:02Z,paypal,failed,3009.92,SGD
PAY0008331,ORD0008331,2026-03-01T23:35:31Z,card,success,-13139.04,SGD
PAY0008332,ORD0008332,2026-01-14T02:13:27Z,paypal,success,6716.99,SGD
PAY0008333,ORD0008333,2026-03-04T11:55:46Z,card,success,6824.52,SGD
PAY0008334,ORD0008334,2026-02-10T21:34:19Z,paypal,refunded,8347.89,SGD
PAY0008335,ORD0008335,2026-03-02T06:03:57Z,wallet,success,10908.37,SGD
PAY0008336,ORD0008336,2026-03-20T18:09:52Z,bank_transfer,success,18956.9,SGD
PAY0008337,ORD0008337,2026-02-04T17:08:31Z,card,success,11279.36,SGD
PAY0008338,ORD0008338,2026-04-21T02:21:21Z,bank_transfer,success,2253.13,SGD
PAY0008339,ORD0008339,2026-04-01T05:48:31Z,card,success,5344.88,SGD
PAY0008340,ORD0008340,2026-05-24T02:34:08Z,card,success,663.38,SGD
PAY0008341,ORD0008341,2026-03-28T01:13:50Z,wallet,refunded,6859.07,SGD
PAY0008342,ORD0008342,2026-02-24T13:01:49Z,wallet,success,9114.29,SGD
PAY0008343,ORD0008343,2026-04-27T07:33:16Z,wallet,success,13758.94,SGD
PAY0008344,ORD0008344,2026-01-31T16:56:25Z,bank_transfer,success,12986.36,SGD
PAY0008345,ORD0008345,2026-03-06T13:41:29Z,wallet,success,3344.76,SGD
PAY0008346,ORD0008346,2026-01-30T10:53:31Z,bank_transfer,success,869.61,SGD
PAY0008347,ORD0008347,2026-02-12T20:12:43Z,card,success,21284.82,SGD
PAY0008348,ORD0008348,2026-04-02T18:32:56Z,card,pending,10231.82,SGD
PAY0008349,ORD0008349,2026-04-14T09:22:40Z,card,success,2953.35,SGD
PAY0008350,ORD0008350,2026-04-05T12:33:51Z,bank_transfer,pending,503.96,SGD
PAY0008351,ORD0008351,2026-03-21T06:40:13Z,card,success,13746.34,SGD
PAY0008352,ORD0008352,2026-04-20T15:38:12Z,wallet,success,8996.08,SGD
PAY0008353,ORD0008353,2026-01-16T21:30:45Z,wallet,pending,7760.57,SGD
PAY0008354,ORD0008354,2026-04-01T23:57:56Z,card,success,11062.95,SGD
PAY0008355,ORD0008355,2026-01-30T12:30:34Z,wallet,success,4081.75,SGD
PAY0008356,ORD0008356,2026-03-27T01:30:06Z,bank_transfer,pending,11137.31,SGD
PAY0008357,ORD0008357,2026-05-06T03:03:08Z,paypal,success,9326.92,SGD
PAY0008358,ORD0008358,2026-04-29T13:46:29Z,wallet,success,2463.5,SGD
PAY0008359,ORD0008359,2026-04-09T10:48:43Z,wallet,pending,4452.01,SGD
PAY0008360,ORD0008360,2026-01-20T08:24:46Z,card,success,8402.69,SGD
PAY0008361,ORD0008361,2026-01-22T02:45:04Z,bank_transfer,refunded,4077.78,SGD
PAY0008362,ORD0008362,2026-05-23T01:40:05Z,paypal,success,1531.42,SGD
PAY0008363,ORD0008363,2026-02-16T10:35:47Z,wallet,success,607.64,SGD
PAY0008364,ORD0008364,2026-03-28T11:40:38Z,bank_transfer,success,6904.89,SGD
PAY0008365,ORD0008365,2026-03-26T20:39:29Z,card,success,7895.74,SGD
PAY0008366,ORD0008366,2026-03-18T11:11:10Z,paypal,success,7655.46,SGD
PAY0008367,ORD0008367,2026-05-23T18:55:10Z,bank_transfer,success,2610.86,SGD
PAY0008368,ORD0008368,2026-05-20T16:59:43Z,paypal,success,4332.72,SGD
PAY0008369,ORD0008369,2026-02-28T08:44:29Z,bank_transfer,success,2490.38,SGD
PAY0008370,ORD0008370,2026-02-22T00:48:09Z,card,refunded,2636.13,SGD
PAY0008371,ORD0008371,2026-03-29T13:14:50Z,wallet,failed,4367.74,SGD
PAY0008372,ORD0008372,2026-04-10T01:58:37Z,paypal,failed,5885.43,SGD
PAY0008373,ORD0008373,2026-05-19T08:28:26Z,bank_transfer,success,5397.51,SGD
PAY0008374,ORD0008374,2026-03-02T20:09:27Z,paypal,success,3313.98,SGD
PAY0008375,ORD0008375,2026-04-27T18:54:00Z,card,pending,7971.41,SGD
PAY0008376,ORD0008376,2026-03-20T19:18:46Z,bank_transfer,success,13042.8,SGD
PAY0008377,ORD0008377,2026-05-09T02:06:26Z,wallet,success,16353.01,SGD
PAY0008378,ORD0008378,2026-03-07T08:29:20Z,card,success,6395.04,SGD
PAY0008379,ORD0008379,2026-04-13T02:48:58Z,wallet,success,13867.06,SGD
PAY0008380,ORD0008380,2026-04-30T06:12:29Z,bank_transfer,success,8521.77,SGD
PAY0008381,ORD0008381,2026-04-29T03:15:56Z,paypal,success,3890.06,SGD
PAY0008382,ORD0008382,2026-01-03T00:36:54Z,bank_transfer,success,2998.47,SGD
PAY0008383,ORD0008383,2026-05-06T03:45:54Z,paypal,success,5623.56,SGD
PAY0008384,ORD0008384,2026-01-25T15:50:39Z,wallet,success,11171.82,SGD
PAY0008385,ORD0008385,2026-04-02T17:53:47Z,card,pending,3432.51,SGD
PAY0008386,ORD0008386,2026-01-22T04:42:32Z,paypal,success,9644.92,SGD
PAY0008387,ORD0008387,2026-04-07T04:33:01Z,wallet,success,1818.56,SGD
PAY0008388,ORD0008388,2026-05-22T23:39:38Z,bank_transfer,success,6050.39,SGD
PAY0008389,ORD0008389,2026-04-03T12:33:21Z,bank_transfer,success,11964.12,SGD
PAY0008390,ORD0008390,2026-04-12T02:16:02Z,bank_transfer,success,16693.28,SGD
PAY0008391,ORD0008391,2026-04-13T05:20:42Z,wallet,success,2609.22,SGD
PAY0008392,ORD0008392,2026-01-05T13:56:48Z,wallet,pending,6309.88,SGD
PAY0008393,ORD0008393,2026-02-19T20:54:50Z,bank_transfer,success,6145.2,SGD
PAY0008394,ORD0008394,2026-04-26T10:10:56Z,bank_transfer,success,8297.93,SGD
PAY0008395,ORD0008395,2026-02-24T05:02:36Z,paypal,success,2905.41,SGD
PAY0008396,ORD0008396,2026-05-16T19:03:32Z,wallet,pending,8929.19,SGD
PAY0008397,ORD0008397,2026-01-21T05:02:25Z,bank_transfer,success,5544.7,SGD
PAY0008398,ORD0008398,2026-03-29T17:50:15Z,card,refunded,2550.39,SGD
PAY0008399,ORD0008399,2026-05-23T20:04:43Z,paypal,refunded,3109.68,SGD
PAY0008400,ORD0008400,2026-05-09T09:30:13Z,paypal,pending,327.78,SGD
PAY0008401,ORD0008401,2026-03-01T16:31:57Z,paypal,success,2047.09,SGD
PAY0008402,ORD0008402,2026-03-07T22:28:16Z,card,pending,1950.13,SGD
PAY0008403,ORD0008403,2026-05-05T06:55:50Z,bank_transfer,failed,5499.02,SGD
PAY0008404,ORD0008404,2026-04-23T13:51:43Z,wallet,pending,14413.54,SGD
PAY0008405,ORD0008405,2026-01-10T22:04:24Z,wallet,failed,1340.56,SGD
PAY0008406,ORD0008406,2026-01-31T02:29:40Z,wallet,success,8572.62,SGD
PAY0008407,ORD0008407,2026-03-07T14:57:31Z,paypal,success,1700.3,SGD
PAY0008408,ORD0008408,2026-01-16T02:11:07Z,paypal,success,303.82,SGD
PAY0008409,ORD0008409,2026-01-25T09:49:39Z,card,failed,8472.19,SGD
PAY0008410,ORD0008410,2026-05-01T15:32:18Z,card,success,921.55,SGD
PAY0008411,ORD0008411,2026-03-13T11:33:53Z,card,refunded,7639.62,SGD
PAY0008412,ORD0008412,2026-02-04T04:30:24Z,card,success,3771.92,SGD
PAY0008413,ORD0008413,2026-05-05T10:43:43Z,card,success,3865.89,SGD
PAY0008414,ORD0008414,2026-04-10T02:41:57Z,card,success,5886.16,SGD
PAY0008415,ORD0008415,2026-01-25T09:10:20Z,bank_transfer,success,850.13,SGD
PAY0008416,ORD0008416,2026-05-15T17:36:08Z,paypal,success,3952.9,SGD
PAY0008417,ORD0008417,2026-05-01T15:12:01Z,wallet,failed,19957.0,SGD
PAY0008418,ORD0008418,2026-02-24T15:28:35Z,paypal,success,2223.53,SGD
PAY0008419,ORD0008419,2026-04-24T21:53:56Z,card,success,3362.71,SGD
PAY0008420,ORD0008420,2026-05-09T09:15:35Z,bank_transfer,failed,7377.25,SGD
PAY0008421,ORD0008421,2026-01-02T04:51:31Z,bank_transfer,success,4258.46,SGD
PAY0008422,ORD0008422,2026-03-07T16:46:06Z,paypal,success,1131.02,SGD
PAY0008423,ORD0008423,2026-01-27T07:21:21Z,wallet,success,10036.16,SGD
PAY0008424,ORD0008424,2026-01-11T10:43:47Z,paypal,success,4656.3,SGD
PAY0008425,ORD0008425,2026-05-04T08:27:49Z,paypal,success,3474.82,SGD
PAY0008426,ORD0008426,2026-01-24T17:35:53Z,paypal,failed,1756.12,SGD
PAY0008427,ORD0008427,2026-03-28T22:28:28Z,bank_transfer,success,9080.61,SGD
PAY0008428,ORD0008428,2026-04-07T15:00:56Z,paypal,success,4207.65,SGD
PAY0008429,ORD0008429,2026-02-26T11:50:09Z,card,success,11087.53,SGD
PAY0008430,ORD0008430,2026-04-01T12:31:39Z,wallet,refunded,7226.66,SGD
PAY0008431,ORD0008431,2026-04-29T11:13:09Z,wallet,success,14964.82,SGD
PAY0008432,ORD0008432,2026-01-09T01:10:34Z,card,success,4594.41,SGD
PAY0008433,ORD0008433,2026-03-16T16:47:37Z,card,success,8381.72,SGD
PAY0008434,ORD0008434,2026-02-09T20:56:48Z,bank_transfer,success,9813.72,SGD
PAY0008435,ORD0008435,2026-03-19T00:48:46Z,bank_transfer,success,2117.96,SGD
PAY0008436,ORD0008436,2026-04-26T05:00:21Z,paypal,pending,5946.67,SGD
PAY0008437,ORD0008437,2026-02-22T07:56:43Z,wallet,success,4849.02,SGD
PAY0008438,ORD0008438,2026-04-16T04:25:15Z,paypal,success,4232.54,SGD
PAY0008439,ORD0008439,2026-05-09T06:57:50Z,paypal,success,13498.83,SGD
PAY0008440,ORD0008440,2026-01-11T16:15:11Z,paypal,success,12277.54,SGD
PAY0008441,ORD0008441,2026-04-16T06:33:24Z,wallet,success,18127.35,SGD
PAY0008442,ORD0008442,2026-04-03T13:35:30Z,card,failed,13462.45,SGD
PAY0008443,ORD0008443,2026-02-03T00:32:02Z,bank_transfer,success,13330.38,SGD
PAY0008444,ORD0008444,2026-02-09T11:47:13Z,wallet,success,8742.39,SGD
PAY0008445,ORD0008445,2026-01-25T05:30:39Z,paypal,success,5455.68,SGD
PAY0008446,ORD0008446,2026-04-21T10:35:33Z,card,pending,7740.44,SGD
PAY0008447,ORD0008447,2026-03-22T09:02:56Z,wallet,success,7683.42,SGD
PAY0008448,ORD0008448,2026-03-03T16:05:09Z,paypal,success,10336.45,SGD
PAY0008449,ORD0008449,2026-05-01T16:00:28Z,wallet,refunded,3710.15,SGD
PAY0008450,ORD0008450,2026-04-03T23:07:05Z,wallet,success,3633.22,SGD
PAY0008451,ORD0008451,2026-01-10T18:03:21Z,bank_transfer,success,8266.79,SGD
PAY0008452,ORD0008452,2026-02-04T08:38:03Z,wallet,success,10647.71,SGD
PAY0008453,ORD0008453,2026-05-17T22:53:36Z,paypal,refunded,6505.18,SGD
PAY0008454,ORD0008454,2026-02-11T13:43:14Z,bank_transfer,success,4196.6,SGD
PAY0008455,ORD0008455,2026-02-12T07:37:40Z,wallet,success,8000.24,SGD
PAY0008456,ORD0008456,2026-02-04T17:34:47Z,bank_transfer,refunded,5737.88,SGD
PAY0008457,ORD0008457,2026-01-22T13:04:03Z,wallet,success,8036.1,SGD
PAY0008458,ORD0008458,2026-04-12T03:54:32Z,paypal,pending,6118.26,SGD
PAY0008459,ORD0008459,2026-05-03T01:44:15Z,paypal,success,14997.78,SGD
PAY0008460,ORD0008460,2026-02-28T02:16:22Z,card,pending,4310.18,SGD
PAY0008461,ORD0008461,2026-04-02T11:32:42Z,card,success,12446.4,SGD
PAY0008462,ORD0008462,2026-02-25T06:22:47Z,paypal,success,12699.65,SGD
PAY0008463,ORD0008463,2026-05-13T20:45:53Z,wallet,failed,9108.56,SGD
PAY0008464,ORD0008464,2026-01-21T21:16:07Z,bank_transfer,failed,18115.18,SGD
PAY0008465,ORD0008465,2026-01-28T06:18:38Z,bank_transfer,failed,4940.35,SGD
PAY0008466,ORD0008466,2026-01-09T19:15:52Z,card,pending,8509.78,SGD
PAY0008467,ORD0008467,2026-04-06T00:04:08Z,bank_transfer,success,2293.92,SGD
PAY0008468,ORD0008468,2026-05-24T06:35:20Z,paypal,success,16818.46,SGD
PAY0008469,ORD0008469,2026-03-13T08:01:05Z,paypal,refunded,23363.57,SGD
PAY0008470,ORD0008470,2026-01-12T06:27:34Z,bank_transfer,failed,3279.68,SGD
PAY0008471,ORD0008471,2026-02-16T00:58:33Z,card,success,15102.75,SGD
PAY0008472,ORD0008472,2026-01-26T17:55:16Z,paypal,success,2892.19,SGD
PAY0008473,ORD0008473,2026-01-28T18:56:40Z,paypal,success,17301.64,SGD
PAY0008474,ORD0008474,2026-05-02T15:28:03Z,card,success,17659.38,SGD
PAY0008475,ORD0008475,2026-03-16T02:20:44Z,card,refunded,6344.84,SGD
PAY0008476,ORD0008476,2026-01-07T10:26:44Z,card,success,7248.91,SGD
PAY0008477,ORD0008477,2026-04-22T11:40:37Z,bank_transfer,pending,7749.62,SGD
PAY0008478,ORD0008478,2026-03-25T13:30:52Z,wallet,failed,3349.98,SGD
PAY0008479,ORD0008479,2026-02-22T16:31:38Z,card,refunded,10224.61,SGD
PAY0008480,ORD0008480,2026-03-03T19:22:00Z,bank_transfer,success,8164.65,SGD
PAY0008481,ORD0008481,2026-05-06T23:30:52Z,card,success,804.41,SGD
PAY0008482,ORD0008482,2026-05-03T04:51:01Z,paypal,success,12135.39,SGD
PAY0008483,ORD0008483,2026-03-07T13:27:18Z,paypal,success,11806.19,SGD
PAY0008484,ORD0008484,2026-04-09T18:44:14Z,wallet,success,3722.6,SGD
PAY0008485,ORD0008485,2026-02-03T12:04:08Z,bank_transfer,failed,5665.18,SGD
PAY0008486,ORD0008486,2026-04-03T23:53:19Z,paypal,success,6228.99,SGD
PAY0008487,ORD0008487,2026-02-17T10:28:36Z,paypal,success,607.64,SGD
PAY0008488,ORD0008488,2026-02-05T02:39:24Z,card,success,12825.83,SGD
PAY0008489,ORD0008489,2026-01-15T02:26:41Z,bank_transfer,pending,12545.25,SGD
PAY0008490,ORD0008490,2026-02-02T23:48:52Z,wallet,success,3446.0,SGD
PAY0008491,ORD0008491,2026-03-13T18:02:51Z,bank_transfer,success,11598.1,SGD
PAY0008492,ORD0008492,2026-02-06T09:58:28Z,paypal,success,7031.19,SGD
PAY0008493,ORD0008493,2026-05-16T04:55:30Z,wallet,refunded,5453.11,SGD
PAY0008494,ORD0008494,2026-05-24T09:58:39Z,card,success,12469.13,SGD
PAY0008495,ORD0008495,2026-01-03T09:32:25Z,wallet,refunded,11287.09,SGD
PAY0008496,ORD0008496,2026-03-07T20:58:17Z,card,success,7857.15,SGD
PAY0008497,ORD0008497,2026-03-11T11:52:14Z,card,success,10068.17,SGD
PAY0008498,ORD0008498,2026-01-30T20:48:21Z,paypal,success,14404.4,SGD
PAY0008499,ORD0008499,2026-02-08T16:11:35Z,bank_transfer,success,4992.14,SGD
PAY0008500,ORD0008500,2026-02-11T22:05:39Z,card,success,4713.48,SGD
PAY0008501,ORD0008501,2026-03-18T21:17:27Z,wallet,success,8111.3,SGD
PAY0008502,ORD0008502,2026-05-07T11:58:11Z,card,success,4021.68,SGD
PAY0008503,ORD0008503,2026-05-04T05:54:27Z,paypal,success,12177.14,SGD
PAY0008504,ORD0008504,2026-05-14T16:32:30Z,wallet,success,11835.73,SGD
PAY0008505,ORD0008505,2026-02-15T19:30:27Z,bank_transfer,success,6577.05,SGD
PAY0008506,ORD0008506,2026-03-27T18:39:49Z,paypal,success,8570.58,SGD
PAY0008507,ORD0008507,2026-03-16T08:45:01Z,bank_transfer,failed,152.57,SGD
PAY0008508,ORD0008508,2026-03-06T06:33:51Z,wallet,success,8131.75,SGD
PAY0008509,ORD0008509,2026-01-26T16:30:39Z,paypal,success,428.16,SGD
PAY0008510,ORD0008510,2026-05-23T16:38:58Z,card,success,11803.56,SGD
PAY0008511,ORD0008511,2026-04-16T04:01:02Z,paypal,success,79.81,SGD
PAY0008512,ORD0008512,2026-05-22T14:14:30Z,wallet,success,8165.01,SGD
PAY0008513,ORD0008513,2026-03-15T18:30:54Z,wallet,refunded,6094.12,SGD
PAY0008514,ORD0008514,2026-02-01T10:23:56Z,paypal,success,8542.36,SGD
PAY0008515,ORD0008515,2026-01-30T06:24:29Z,paypal,pending,5108.83,SGD
PAY0008516,ORD0008516,2026-01-06T05:58:53Z,paypal,refunded,846.02,SGD
PAY0008517,ORD0008517,2026-04-01T20:31:35Z,card,success,7341.24,SGD
PAY0008518,ORD0008518,2026-05-14T00:42:44Z,bank_transfer,pending,15740.61,SGD
PAY0008519,ORD0008519,2026-05-05T16:41:13Z,bank_transfer,success,10196.29,SGD
PAY0008520,ORD0008520,2026-04-03T11:17:09Z,card,success,13000.29,SGD
PAY0008521,ORD0008521,2026-01-20T23:57:15Z,card,failed,6379.89,SGD
PAY0008522,ORD0008522,2026-04-22T04:23:16Z,paypal,failed,3307.57,SGD
PAY0008523,ORD0008523,2026-03-12T17:50:32Z,bank_transfer,failed,3672.01,SGD
PAY0008524,ORD0008524,2026-02-02T14:20:44Z,card,success,20067.27,SGD
PAY0008525,ORD0008525,2026-01-04T19:02:21Z,card,success,2262.01,SGD
PAY0008526,ORD0008526,2026-04-12T21:07:25Z,bank_transfer,success,329.3,SGD
PAY0008527,ORD0008527,2026-02-20T00:05:47Z,paypal,success,4980.21,SGD
PAY0008528,ORD0008528,2026-04-22T03:48:15Z,paypal,success,5828.34,SGD
PAY0008529,ORD0008529,2026-02-09T01:50:40Z,card,success,8797.88,SGD
PAY0008530,ORD0008530,2026-01-08T16:25:08Z,bank_transfer,success,7308.82,SGD
PAY0008531,ORD0008531,2026-02-15T08:34:43Z,bank_transfer,success,10082.3,SGD
PAY0008532,ORD0008532,2026-02-03T00:47:53Z,paypal,success,16233.35,SGD
PAY0008533,ORD0008533,2026-01-04T00:06:57Z,wallet,success,20336.59,SGD
PAY0008534,ORD0008534,2026-02-07T20:28:48Z,paypal,pending,6605.16,SGD
PAY0008535,ORD0008535,2026-04-02T00:16:05Z,bank_transfer,failed,3711.24,SGD
PAY0008536,ORD0008536,2026-02-24T00:35:07Z,card,success,3726.7,SGD
PAY0008537,ORD0008537,2026-03-30T08:06:44Z,bank_transfer,success,503.03,SGD
PAY0008538,ORD0008538,2026-03-10T00:28:13Z,wallet,success,14119.75,SGD
PAY0008539,ORD0008539,2026-03-27T18:26:48Z,paypal,success,7410.03,SGD
PAY0008540,ORD0008540,2026-01-22T16:49:57Z,bank_transfer,success,17555.33,SGD
PAY0008541,ORD0008541,2026-05-13T08:48:23Z,wallet,success,8792.98,SGD
PAY0008542,ORD0008542,2026-03-07T22:54:08Z,paypal,success,8766.29,SGD
PAY0008543,ORD0008543,2026-02-12T02:28:13Z,paypal,success,11555.93,SGD
PAY0008544,ORD0008544,2026-01-17T08:06:25Z,bank_transfer,success,10710.79,SGD
PAY0008545,ORD0008545,2026-03-30T04:24:26Z,wallet,success,9031.79,SGD
PAY0008546,ORD0008546,2026-04-19T02:40:19Z,wallet,success,9313.9,SGD
PAY0008547,ORD0008547,2026-01-22T20:58:43Z,paypal,failed,8265.26,SGD
PAY0008548,ORD0008548,2026-03-09T18:27:56Z,bank_transfer,success,2410.16,SGD
PAY0008549,ORD0008549,2026-01-27T21:42:34Z,paypal,success,16781.34,SGD
PAY0008550,ORD0008550,2026-05-23T14:39:36Z,card,refunded,8922.82,SGD
PAY0008551,ORD0008551,2026-05-19T10:42:34Z,wallet,success,23276.44,SGD
PAY0008552,ORD0008552,2026-03-13T01:16:15Z,wallet,failed,15855.49,SGD
PAY0008553,ORD0008553,2026-02-11T23:56:36Z,card,success,513.48,SGD
PAY0008554,ORD0008554,2026-02-20T06:54:59Z,wallet,failed,13189.87,SGD
PAY0008555,ORD0008555,2026-03-30T17:27:40Z,paypal,success,6513.42,SGD
PAY0008556,ORD0008556,2026-01-22T17:57:13Z,wallet,pending,927.81,SGD
PAY0008557,ORD0008557,2026-02-24T01:32:45Z,bank_transfer,success,1305.12,SGD
PAY0008558,ORD0008558,2026-03-01T21:02:46Z,paypal,success,162.59,SGD
PAY0008559,ORD0008559,2026-01-26T06:14:59Z,bank_transfer,success,12786.05,SGD
PAY0008560,ORD0008560,2026-05-06T10:55:10Z,paypal,success,1036.56,SGD
PAY0008561,ORD0008561,2026-03-19T09:19:50Z,card,refunded,8346.17,SGD
PAY0008562,ORD0008562,2026-02-03T12:54:10Z,paypal,success,15689.0,SGD
PAY0008563,ORD0008563,2026-05-08T15:13:40Z,card,success,13883.49,SGD
PAY0008564,ORD0008564,2026-04-12T00:54:04Z,wallet,success,17484.44,SGD
PAY0008565,ORD0008565,2026-04-01T17:48:24Z,paypal,success,4682.08,SGD
PAY0008566,ORD0008566,2026-03-20T07:50:42Z,paypal,success,12800.37,SGD
PAY0008567,ORD0008567,2026-05-02T14:04:26Z,bank_transfer,success,16039.79,SGD
PAY0008568,ORD0008568,2026-01-29T23:21:15Z,card,refunded,18169.33,SGD
PAY0008569,ORD0008569,2026-01-31T13:56:40Z,bank_transfer,success,6811.71,SGD
PAY0008570,ORD0008570,2026-03-16T23:08:07Z,bank_transfer,success,21166.66,SGD
PAY0008571,ORD0008571,2026-02-25T19:03:28Z,wallet,pending,2019.93,SGD
PAY0008572,ORD0008572,2026-05-11T09:15:51Z,paypal,success,16612.11,SGD
PAY0008573,ORD0008573,2026-01-23T15:33:05Z,card,success,8876.23,SGD
PAY0008574,ORD0008574,2026-03-26T16:55:38Z,paypal,success,9721.86,SGD
PAY0008575,ORD0008575,2026-05-14T05:47:10Z,wallet,success,14433.64,SGD
PAY0008576,ORD0008576,2026-05-11T14:59:58Z,bank_transfer,success,4104.66,SGD
PAY0008577,ORD0008577,2026-02-16T01:22:24Z,bank_transfer,refunded,12267.96,SGD
PAY0008578,ORD0008578,2026-05-08T17:59:00Z,card,success,5757.23,SGD
PAY0008579,ORD0008579,2026-03-21T23:29:35Z,card,success,4714.12,SGD
PAY0008580,ORD0008580,2026-03-02T03:06:25Z,card,success,3313.98,SGD
PAY0008581,ORD0008581,2026-05-17T20:53:09Z,card,success,6032.61,SGD
PAY0008582,ORD0008582,2026-04-19T15:43:07Z,paypal,success,8768.36,SGD
PAY0008583,ORD0008583,2026-05-10T02:30:27Z,wallet,success,10091.04,SGD
PAY0008584,ORD0008584,2026-02-13T13:28:22Z,bank_transfer,refunded,6084.12,SGD
PAY0008585,ORD0008585,2026-03-05T22:50:30Z,wallet,success,4017.24,SGD
PAY0008586,ORD0008586,2026-04-12T10:25:40Z,bank_transfer,failed,7141.89,SGD
PAY0008587,ORD0008587,2026-05-16T11:01:07Z,card,success,10916.86,SGD
PAY0008588,ORD0008588,2026-04-12T10:26:03Z,bank_transfer,success,3349.98,SGD
PAY0008589,ORD0008589,2026-01-23T14:04:34Z,card,failed,13723.88,SGD
PAY0008590,ORD0008590,2026-01-08T09:44:00Z,wallet,success,15561.13,SGD
PAY0008591,ORD0008591,2026-03-09T18:54:06Z,bank_transfer,success,7053.74,SGD
PAY0008592,ORD0008592,2026-04-26T01:35:29Z,paypal,success,2492.89,SGD
PAY0008593,ORD0008593,2026-01-26T20:06:14Z,paypal,success,12663.81,SGD
PAY0008594,ORD0008594,2026-01-01T19:07:48Z,bank_transfer,success,11400.35,SGD
PAY0008595,ORD0008595,2026-01-19T21:28:12Z,card,failed,2689.86,SGD
PAY0008596,ORD0008596,2026-02-06T06:42:02Z,wallet,failed,13765.5,SGD
PAY0008597,ORD0008597,2026-05-14T18:46:00Z,bank_transfer,failed,2978.33,SGD
PAY0008598,ORD0008598,2026-03-14T17:08:03Z,bank_transfer,success,826.19,SGD
PAY0008599,ORD0008599,2026-04-27T02:16:27Z,paypal,success,6156.08,SGD
PAY0008600,ORD0008600,2026-03-10T18:38:35Z,card,success,5147.14,SGD
PAY0008601,ORD0008601,2026-01-03T09:56:39Z,bank_transfer,success,7877.22,SGD
PAY0008602,ORD0008602,2026-03-29T07:43:41Z,wallet,success,12963.76,SGD
PAY0008603,ORD0008603,2026-01-09T09:05:02Z,bank_transfer,success,4194.64,SGD
PAY0008604,ORD0008604,2026-04-11T12:37:13Z,paypal,success,7571.92,SGD
PAY0008605,ORD0008605,2026-01-26T12:40:14Z,paypal,success,6091.19,SGD
PAY0008606,ORD0008606,2026-05-07T12:59:39Z,bank_transfer,refunded,6310.85,SGD
PAY0008607,ORD0008607,2026-05-18T12:51:21Z,card,success,4653.75,SGD
PAY0008608,ORD0008608,2026-04-21T05:31:39Z,wallet,failed,529.78,SGD
PAY0008609,ORD0008609,2026-03-09T12:30:53Z,card,success,8630.08,SGD
PAY0008610,ORD0008610,2026-03-17T17:44:19Z,bank_transfer,failed,15032.86,SGD
PAY0008611,ORD0008611,2026-02-14T02:23:41Z,wallet,failed,13206.52,SGD
PAY0008612,ORD0008612,2026-03-29T10:31:29Z,wallet,success,4923.05,SGD
PAY0008613,ORD0008613,2026-02-25T02:45:12Z,wallet,success,8471.73,SGD
PAY0008614,ORD0008614,2026-05-06T16:11:25Z,card,success,7374.09,SGD
PAY0008615,ORD0008615,2026-02-19T21:12:47Z,wallet,success,14491.11,SGD
PAY0008616,ORD0008616,2026-01-08T10:23:20Z,bank_transfer,success,5306.93,SGD
PAY0008617,ORD0008617,2026-03-13T04:42:48Z,wallet,success,342.32,SGD
PAY0008618,ORD0008618,2026-05-22T00:43:08Z,paypal,pending,5045.07,SGD
PAY0008619,ORD0008619,2026-03-06T02:35:28Z,card,success,4594.26,SGD
PAY0008620,ORD0008620,2026-04-21T09:43:20Z,wallet,success,1777.17,SGD
PAY0008621,ORD0008621,2026-02-20T19:36:55Z,paypal,success,1656.99,SGD
PAY0008622,ORD0008622,2026-04-06T14:13:08Z,wallet,success,11924.4,SGD
PAY0008623,ORD0008623,2026-04-20T06:08:58Z,paypal,success,5320.06,SGD
PAY0008624,ORD0008624,2026-04-23T21:12:43Z,paypal,success,17965.35,SGD
PAY0008625,ORD0008625,2026-02-06T22:49:59Z,wallet,success,6660.79,SGD
PAY0008626,ORD0008626,2026-04-23T21:43:54Z,card,success,9069.15,SGD
PAY0008627,ORD0008627,2026-04-23T00:40:43Z,paypal,success,22841.02,SGD
PAY0008628,ORD0008628,2026-01-18T00:14:57Z,paypal,success,19210.37,SGD
PAY0008629,ORD0008629,2026-02-03T08:19:11Z,card,success,7818.57,SGD
PAY0008630,ORD0008630,2026-05-22T10:33:24Z,wallet,refunded,7712.14,SGD
PAY0008631,ORD0008631,2026-04-25T03:05:51Z,wallet,pending,9293.07,SGD
PAY0008632,ORD0008632,2026-03-29T08:11:12Z,bank_transfer,success,8601.8,SGD
PAY0008633,ORD0008633,2026-01-07T12:56:18Z,bank_transfer,success,10452.06,SGD
PAY0008634,ORD0008634,2026-04-16T19:38:17Z,card,success,10323.4,SGD
PAY0008635,ORD0008635,2026-03-09T08:07:02Z,bank_transfer,success,15804.32,SGD
PAY0008636,ORD0008636,2026-02-11T22:07:06Z,bank_transfer,success,18942.52,SGD
PAY0008637,ORD0008637,2026-03-03T17:56:03Z,paypal,refunded,4184.24,SGD
PAY0008638,ORD0008638,2026-05-11T19:24:00Z,bank_transfer,success,6967.39,SGD
PAY0008639,ORD0008639,2026-01-11T17:47:24Z,paypal,refunded,12780.34,SGD
PAY0008640,ORD0008640,2026-05-16T01:52:54Z,bank_transfer,pending,7892.56,SGD
PAY0008641,ORD0008641,2026-03-28T03:44:08Z,card,success,4471.78,SGD
PAY0008642,ORD0008642,2026-02-05T18:38:09Z,paypal,refunded,753.69,SGD
PAY0008643,ORD0008643,2026-01-31T12:36:50Z,card,success,14102.47,SGD
PAY0008644,ORD0008644,2026-02-21T14:25:14Z,bank_transfer,pending,14091.36,SGD
PAY0008645,ORD0008645,2026-01-11T07:28:09Z,wallet,refunded,5317.53,SGD
PAY0008646,ORD0008646,2026-05-06T12:28:37Z,card,pending,9890.37,SGD
PAY0008647,ORD0008647,2026-04-11T01:26:57Z,card,failed,1372.52,SGD
PAY0008648,ORD0008648,2026-02-03T00:12:55Z,wallet,refunded,7452.14,SGD
PAY0008649,ORD0008649,2026-04-05T19:25:26Z,card,success,4097.97,SGD
PAY0008650,ORD0008650,2026-02-14T18:16:37Z,card,success,7858.11,SGD
PAY0008651,ORD0008651,2026-05-19T19:00:52Z,card,success,8789.13,SGD
PAY0008652,ORD0008652,2026-03-19T19:58:34Z,card,success,13412.57,SGD
PAY0008653,ORD0008653,2026-01-04T16:12:05Z,bank_transfer,success,7985.8,SGD
PAY0008654,ORD0008654,2026-04-19T22:13:33Z,card,success,647.42,SGD
PAY0008655,ORD0008655,2026-01-19T11:19:13Z,wallet,success,2891.87,SGD
PAY0008656,ORD0008656,2026-05-01T03:46:38Z,wallet,success,6464.84,SGD
PAY0008657,ORD0008657,2026-05-15T03:24:27Z,paypal,success,819.96,SGD
PAY0008658,ORD0008658,2026-02-25T15:45:04Z,bank_transfer,success,17285.8,SGD
PAY0008659,ORD0008659,2026-04-26T07:52:21Z,wallet,failed,1006.74,SGD
PAY0008660,ORD0008660,2026-02-15T21:19:20Z,paypal,failed,21003.76,SGD
PAY0008661,ORD0008661,2026-05-24T16:39:05Z,card,success,1144.86,SGD
PAY0008662,ORD0008662,2026-04-27T21:01:08Z,wallet,success,12988.97,SGD
PAY0008663,ORD0008663,2026-04-23T23:26:46Z,wallet,success,8769.8,SGD
PAY0008664,ORD0008664,2026-02-08T01:34:19Z,card,success,1168.1,SGD
PAY0008665,ORD0008665,2026-04-30T16:05:26Z,wallet,refunded,12778.42,SGD
PAY0008666,ORD0008666,2026-04-08T19:10:04Z,card,success,2129.23,SGD
PAY0008667,ORD0008667,2026-03-10T06:00:11Z,bank_transfer,success,8746.34,SGD
PAY0008668,ORD0008668,2026-05-23T02:57:15Z,card,success,2610.86,SGD
PAY0008669,ORD0008669,2026-04-08T05:55:09Z,paypal,success,16437.71,SGD
PAY0008670,ORD0008670,2026-03-09T09:45:36Z,paypal,failed,7829.32,SGD
PAY0008671,ORD0008671,2026-03-21T03:32:45Z,card,success,6262.39,SGD
PAY0008672,ORD0008672,2026-03-01T11:23:15Z,bank_transfer,success,782.06,SGD
PAY0008673,ORD0008673,2026-04-06T10:02:24Z,wallet,failed,5455.68,SGD
PAY0008674,ORD0008674,2026-04-05T06:57:51Z,paypal,failed,10201.81,SGD
PAY0008675,ORD0008675,2026-04-20T10:19:33Z,paypal,success,7053.99,SGD
PAY0008676,ORD0008676,2026-04-15T15:44:00Z,card,pending,4148.52,SGD
PAY0008677,ORD0008677,2026-05-03T05:58:26Z,wallet,success,8344.55,SGD
PAY0008678,ORD0008678,2026-01-25T20:38:00Z,bank_transfer,success,3176.94,SGD
PAY0008679,ORD0008679,2026-02-07T06:27:43Z,card,failed,2262.01,SGD
PAY0008680,ORD0008680,2026-03-05T07:15:37Z,wallet,failed,218.52,SGD
PAY0008681,ORD0008681,2026-01-17T16:28:16Z,wallet,success,9310.17,SGD
PAY0008682,ORD0008682,2026-01-01T21:03:11Z,bank_transfer,success,16936.38,SGD
PAY0008683,ORD0008683,2026-02-21T05:24:09Z,paypal,pending,1482.04,SGD
PAY0008684,ORD0008684,2026-02-27T16:07:51Z,wallet,success,15689.64,SGD
PAY0008685,ORD0008685,2026-04-28T04:44:17Z,card,success,19149.17,SGD
PAY0008686,ORD0008686,2026-04-06T15:11:39Z,bank_transfer,success,8300.36,SGD
PAY0008687,ORD0008687,2026-05-23T02:42:45Z,card,pending,4129.85,SGD
PAY0008688,ORD0008688,2026-02-09T11:12:03Z,card,success,12370.78,SGD
PAY0008689,ORD0008689,2026-03-14T17:22:03Z,wallet,success,6658.1,SGD
PAY0008690,ORD0008690,2026-04-01T15:37:23Z,card,success,13510.67,SGD
PAY0008691,ORD0008691,2026-01-23T21:17:40Z,paypal,success,3421.74,SGD
PAY0008692,ORD0008692,2026-04-27T07:24:23Z,bank_transfer,success,9940.43,SGD
PAY0008693,ORD0008693,2026-01-18T22:23:51Z,wallet,success,2866.39,SGD
PAY0008694,ORD0008694,2026-04-25T10:36:15Z,card,refunded,11132.2,SGD
PAY0008695,ORD0008695,2026-02-05T16:14:54Z,card,success,3898.14,SGD
PAY0008696,ORD0008696,2026-04-16T08:26:01Z,paypal,success,4653.04,SGD
PAY0008697,ORD0008697,2026-05-03T23:43:14Z,paypal,success,12275.64,SGD
PAY0008698,ORD0008698,2026-05-18T11:37:44Z,paypal,success,8959.73,SGD
PAY0008699,ORD0008699,2026-04-17T17:41:25Z,wallet,pending,4246.64,SGD
PAY0008700,ORD0008700,2026-05-16T05:31:22Z,paypal,success,6951.45,SGD
PAY0008701,ORD0008701,2026-05-01T02:04:50Z,bank_transfer,failed,10114.58,SGD
PAY0008702,ORD0008702,2026-03-08T13:23:35Z,card,success,2745.62,SGD
PAY0008703,ORD0008703,2026-04-10T04:08:09Z,wallet,pending,5739.27,SGD
PAY0008704,ORD0008704,2026-02-11T07:32:54Z,paypal,success,1056.81,SGD
PAY0008705,ORD0008705,2026-01-10T05:32:21Z,bank_transfer,failed,14639.88,SGD
PAY0008706,ORD0008706,2026-05-17T13:06:22Z,wallet,pending,591.18,SGD
PAY0008707,ORD0008707,2026-04-28T11:30:34Z,card,success,9475.31,SGD
PAY0008708,ORD0008708,2026-05-20T11:20:30Z,wallet,pending,14927.92,SGD
PAY0008709,ORD0008709,2026-05-21T10:44:51Z,wallet,success,17503.66,SGD
PAY0008710,ORD0008710,2026-04-19T13:27:40Z,card,success,6749.34,SGD
PAY0008711,ORD0008711,2026-01-10T09:23:31Z,bank_transfer,success,763.24,SGD
PAY0008712,ORD0008712,2026-03-15T05:17:01Z,wallet,success,6812.43,SGD
PAY0008713,ORD0008713,2026-02-04T09:21:41Z,bank_transfer,success,4361.92,SGD
PAY0008714,ORD0008714,2026-04-24T22:17:31Z,paypal,failed,1843.1,SGD
PAY0008715,ORD0008715,2026-04-11T19:38:33Z,card,success,5296.8,SGD
PAY0008716,ORD0008716,2026-03-23T15:35:15Z,bank_transfer,failed,12547.31,SGD
PAY0008717,ORD0008717,2026-01-12T03:52:25Z,paypal,success,1692.04,SGD
PAY0008718,ORD0008718,2026-01-28T23:14:18Z,wallet,success,7254.99,SGD
PAY0008719,ORD0008719,2026-02-09T03:30:19Z,card,success,4325.37,SGD
PAY0008720,ORD0008720,2026-05-16T02:35:05Z,card,success,1006.74,SGD
PAY0008721,ORD0008721,2026-05-08T09:17:30Z,bank_transfer,success,13127.2,SGD
PAY0008722,ORD0008722,2026-01-27T01:54:51Z,paypal,success,10708.53,SGD
PAY0008723,ORD0008723,2026-02-28T03:20:04Z,card,success,17676.69,SGD
PAY0008724,ORD0008724,2026-04-08T01:09:02Z,bank_transfer,success,666.49,SGD
PAY0008725,ORD0008725,2026-04-03T20:14:39Z,paypal,success,10189.19,SGD
PAY0008726,ORD0008726,2026-01-27T14:31:55Z,card,success,6936.58,SGD
PAY0008727,ORD0008727,2026-05-24T18:36:41Z,paypal,success,9785.63,SGD
PAY0008728,ORD0008728,2026-02-20T08:16:44Z,bank_transfer,success,15949.87,SGD
PAY0008729,ORD0008729,2026-01-02T18:18:22Z,bank_transfer,success,13104.76,SGD
PAY0008730,ORD0008730,2026-02-26T04:06:57Z,wallet,success,9963.59,SGD
PAY0008731,ORD0008731,2026-01-14T03:11:28Z,card,success,7125.49,SGD
PAY0008732,ORD0008732,2026-05-13T04:46:55Z,paypal,refunded,1173.09,SGD
PAY0008733,ORD0008733,2026-03-26T10:21:34Z,wallet,success,6779.96,SGD
PAY0008734,ORD0008734,2026-02-12T05:14:20Z,card,success,1305.12,SGD
PAY0008735,ORD0008735,2026-02-13T20:16:45Z,bank_transfer,success,4503.5,SGD
PAY0008736,ORD0008736,2026-02-03T01:31:30Z,wallet,pending,14566.92,SGD
PAY0008737,ORD0008737,2026-05-16T03:09:43Z,card,success,3787.51,SGD
PAY0008738,ORD0008738,2026-04-25T14:46:52Z,paypal,pending,5959.11,SGD
PAY0008739,ORD0008739,2026-02-27T08:46:04Z,bank_transfer,failed,6347.02,SGD
PAY0008740,ORD0008740,2026-05-05T19:35:19Z,card,success,10953.56,SGD
PAY0008741,ORD0008741,2026-03-15T08:57:13Z,bank_transfer,refunded,17929.37,SGD
PAY0008742,ORD0008742,2026-03-14T01:32:08Z,bank_transfer,success,7946.89,SGD
PAY0008743,ORD0008743,2026-01-09T20:23:49Z,bank_transfer,success,1690.53,SGD
PAY0008744,ORD0008744,2026-05-15T22:48:01Z,card,success,12119.53,SGD
PAY0008745,ORD0008745,2026-03-07T22:20:08Z,wallet,success,8659.63,SGD
PAY0008746,ORD0008746,2026-05-10T09:08:09Z,wallet,failed,11432.3,SGD
PAY0008747,ORD0008747,2026-01-30T05:19:43Z,card,success,9389.9,SGD
PAY0008748,ORD0008748,2026-05-24T17:09:02Z,card,success,3813.81,SGD
PAY0008749,ORD0008749,2026-03-31T17:39:04Z,wallet,success,14245.24,SGD
PAY0008750,ORD0008750,2026-01-27T17:35:46Z,card,success,2204.43,SGD
PAY0008751,ORD0008751,2026-03-24T05:40:02Z,card,success,16594.07,SGD
PAY0008752,ORD0008752,2026-04-02T07:06:58Z,card,refunded,18536.92,SGD
PAY0008753,ORD0008753,2026-04-21T23:30:58Z,paypal,success,3381.29,SGD
PAY0008754,ORD0008754,2026-04-10T11:41:25Z,wallet,success,5996.05,SGD
PAY0008755,ORD0008755,2026-05-09T12:32:37Z,card,success,2347.84,SGD
PAY0008756,ORD0008756,2026-03-01T18:12:28Z,paypal,failed,13106.87,SGD
PAY0008757,ORD0008757,2026-04-26T15:30:41Z,bank_transfer,success,5909.78,SGD
PAY0008758,ORD0008758,2026-04-19T09:05:01Z,paypal,success,3746.73,SGD
PAY0008759,ORD0008759,2026-04-21T17:21:25Z,paypal,success,12751.18,SGD
PAY0008760,ORD0008760,2026-03-09T00:42:56Z,wallet,success,9946.11,SGD
PAY0008761,ORD0008761,2026-01-26T23:32:44Z,paypal,success,5470.69,SGD
PAY0008762,ORD0008762,2026-01-18T02:24:29Z,card,success,2687.51,SGD
PAY0008763,ORD0008763,2026-05-24T03:35:02Z,card,pending,7633.98,SGD
PAY0008764,ORD0008764,2026-03-22T00:37:49Z,card,pending,4446.43,SGD
PAY0008765,ORD0008765,2026-02-18T10:01:26Z,bank_transfer,success,9311.08,SGD
PAY0008766,ORD0008766,2026-03-21T10:27:51Z,paypal,success,24404.76,SGD
PAY0008767,ORD0008767,2026-05-06T12:11:26Z,card,success,10578.72,SGD
PAY0008768,ORD0008768,2026-04-14T08:50:36Z,wallet,success,7136.91,SGD
PAY0008769,ORD0008769,2026-03-24T18:47:04Z,wallet,refunded,11524.97,SGD
PAY0008770,ORD0008770,2026-03-04T03:28:27Z,bank_transfer,success,10474.37,SGD
PAY0008771,ORD0008771,2026-01-17T00:34:46Z,bank_transfer,success,11599.02,SGD
PAY0008772,ORD0008772,2026-03-24T00:37:59Z,bank_transfer,pending,16836.74,SGD
PAY0008773,ORD0008773,2026-02-01T15:41:42Z,wallet,success,3900.94,SGD
PAY0008774,ORD0008774,2026-01-18T00:19:09Z,wallet,pending,4487.07,SGD
PAY0008775,ORD0008775,2026-04-22T07:47:16Z,wallet,success,4412.86,SGD
PAY0008776,ORD0008776,2026-05-06T00:13:31Z,wallet,success,4237.51,SGD
PAY0008777,ORD0008777,2026-04-12T03:25:19Z,wallet,failed,2090.54,SGD
PAY0008778,ORD0008778,2026-01-22T07:49:24Z,paypal,refunded,1627.81,SGD
PAY0008779,ORD0008779,2026-03-16T01:14:39Z,card,success,6698.16,SGD
PAY0008780,ORD0008780,2026-04-06T16:17:24Z,bank_transfer,success,10123.09,SGD
PAY0008781,ORD0008781,2026-03-01T13:23:11Z,card,success,4367.74,SGD
PAY0008782,ORD0008782,2026-03-01T16:15:45Z,paypal,success,4334.1,SGD
PAY0008783,ORD0008783,2026-05-22T10:35:52Z,paypal,success,15587.21,SGD
PAY0008784,ORD0008784,2026-05-02T20:45:19Z,wallet,success,7381.74,SGD
PAY0008785,ORD0008785,2026-02-07T00:52:28Z,bank_transfer,success,7306.08,SGD
PAY0008786,ORD0008786,2026-02-21T10:43:54Z,card,success,12712.89,SGD
PAY0008787,ORD0008787,2026-05-15T19:54:18Z,wallet,success,21653.8,SGD
PAY0008788,ORD0008788,2026-04-23T14:12:29Z,paypal,pending,3316.14,SGD
PAY0008789,ORD0008789,2026-02-16T23:42:42Z,card,success,15248.15,SGD
PAY0008790,ORD0008790,2026-01-02T11:34:51Z,wallet,success,6318.44,SGD
PAY0008791,ORD0008791,2026-03-15T20:59:12Z,card,success,12348.63,SGD
PAY0008792,ORD0008792,2026-02-24T13:36:08Z,card,success,19692.57,SGD
PAY0008793,ORD0008793,2026-03-03T01:39:26Z,wallet,success,20535.5,SGD
PAY0008794,ORD0008794,2026-04-16T14:33:13Z,wallet,refunded,14017.53,SGD
PAY0008795,ORD0008795,2026-01-30T03:52:25Z,paypal,success,4460.5,SGD
PAY0008796,ORD0008796,2026-03-24T07:38:10Z,card,success,11447.68,SGD
PAY0008797,ORD0008797,2026-02-10T00:41:02Z,paypal,success,18923.9,SGD
PAY0008798,ORD0008798,2026-02-10T15:02:59Z,bank_transfer,failed,134.73,SGD
PAY0008799,ORD0008799,2026-05-14T01:01:19Z,card,refunded,7313.71,SGD
PAY0008800,ORD0008800,2026-01-08T00:49:14Z,card,success,5375.74,SGD
PAY0008801,ORD0008801,2026-01-26T19:11:07Z,paypal,success,11400.91,SGD
PAY0008802,ORD0008802,2026-03-13T07:07:49Z,paypal,failed,1114.92,SGD
PAY0008803,ORD0008803,2026-01-30T04:51:34Z,paypal,success,10536.82,SGD
PAY0008804,ORD0008804,2026-05-15T15:45:44Z,paypal,success,9049.07,SGD
PAY0008805,ORD0008805,2026-03-31T22:50:33Z,wallet,refunded,10642.09,SGD
PAY0008806,ORD0008806,2026-04-06T12:48:17Z,wallet,success,13850.23,SGD
PAY0008807,ORD0008807,2026-02-14T18:28:05Z,bank_transfer,success,12551.64,SGD
PAY0008808,ORD0008808,2026-01-24T11:57:53Z,paypal,success,9290.62,SGD
PAY0008809,ORD0008809,2026-03-24T14:40:15Z,card,failed,1831.75,SGD
PAY0008810,ORD0008810,2026-01-06T04:06:45Z,wallet,success,12263.52,SGD
PAY0008811,ORD0008811,2026-02-15T11:51:50Z,card,success,12924.46,SGD
PAY0008812,ORD0008812,2026-02-25T18:25:34Z,card,success,5097.45,SGD
PAY0008813,ORD0008813,2026-04-06T01:46:37Z,wallet,refunded,6803.43,SGD
PAY0008814,ORD0008814,2026-01-07T05:14:29Z,bank_transfer,success,658.6,SGD
PAY0008815,ORD0008815,2026-01-23T09:11:07Z,paypal,success,1818.56,SGD
PAY0008816,ORD0008816,2026-04-13T17:46:16Z,bank_transfer,success,12445.26,SGD
PAY0008817,ORD0008817,2026-03-12T14:11:17Z,paypal,success,15345.02,SGD
PAY0008818,ORD0008818,2026-02-06T20:46:49Z,bank_transfer,success,8864.95,SGD
PAY0008819,ORD0008819,2026-01-26T03:00:43Z,card,success,4506.34,SGD
PAY0008820,ORD0008820,2026-05-15T01:24:08Z,bank_transfer,success,7169.4,SGD
PAY0008821,ORD0008821,2026-01-20T22:54:23Z,bank_transfer,success,2270.76,SGD
PAY0008822,ORD0008822,2026-04-05T20:27:33Z,card,refunded,1628.02,SGD
PAY0008823,ORD0008823,2026-02-20T14:33:13Z,bank_transfer,success,9861.58,SGD
PAY0008824,ORD0008824,2026-04-24T19:24:49Z,paypal,failed,5863.38,SGD
PAY0008825,ORD0008825,2026-03-02T23:03:03Z,wallet,success,4926.55,SGD
PAY0008826,ORD0008826,2026-01-28T02:34:15Z,paypal,success,6447.08,SGD
PAY0008827,ORD0008827,2026-04-06T10:47:27Z,paypal,success,12962.59,SGD
PAY0008828,ORD0008828,2026-02-07T03:18:19Z,paypal,success,9024.09,SGD
PAY0008829,ORD0008829,2026-01-16T07:05:49Z,paypal,success,8805.44,SGD
PAY0008830,ORD0008830,2026-03-31T05:50:11Z,card,success,6471.62,SGD
PAY0008831,ORD0008831,2026-03-22T00:13:08Z,wallet,success,7552.62,SGD
PAY0008832,ORD0008832,2026-01-12T16:42:49Z,card,success,11919.74,SGD
PAY0008833,ORD0008833,2026-02-27T07:32:58Z,bank_transfer,success,4554.08,SGD
PAY0008834,ORD0008834,2026-05-13T16:03:03Z,paypal,pending,1799.17,SGD
PAY0008835,ORD0008835,2026-03-25T03:51:43Z,paypal,pending,5796.53,SGD
PAY0008836,ORD0008836,2026-01-05T18:02:49Z,paypal,success,3505.55,SGD
PAY0008837,ORD0008837,2026-02-12T07:45:15Z,paypal,success,3176.94,SGD
PAY0008838,ORD0008838,2026-03-22T19:02:06Z,paypal,success,2443.29,SGD
PAY0008839,ORD0008839,2026-04-04T15:52:32Z,wallet,success,13527.44,SGD
PAY0008840,ORD0008840,2026-04-26T12:28:18Z,paypal,success,6673.35,SGD
PAY0008841,ORD0008841,2026-01-25T09:23:05Z,paypal,success,13384.46,SGD
PAY0008842,ORD0008842,2026-04-01T13:36:37Z,paypal,success,3072.38,SGD
PAY0008843,ORD0008843,2026-01-29T02:54:53Z,wallet,success,9909.07,SGD
PAY0008844,ORD0008844,2026-01-25T11:50:35Z,card,success,6692.62,SGD
PAY0008845,ORD0008845,2026-04-01T11:28:26Z,card,success,12716.04,SGD
PAY0008846,ORD0008846,2026-03-15T16:04:53Z,wallet,success,863.22,SGD
PAY0008847,ORD0008847,2026-01-22T22:52:55Z,card,success,13152.2,SGD
PAY0008848,ORD0008848,2026-03-15T19:53:48Z,card,failed,4131.44,SGD
PAY0008849,ORD0008849,2026-04-11T00:19:48Z,card,refunded,1474.97,SGD
PAY0008850,ORD0008850,2026-05-03T19:32:23Z,wallet,success,15118.57,SGD
PAY0008851,ORD0008851,2026-01-20T19:48:53Z,card,pending,13475.17,SGD
PAY0008852,ORD0008852,2026-04-03T00:17:13Z,wallet,success,3231.39,SGD
PAY0008853,ORD0008853,2026-03-20T06:05:34Z,card,success,7340.29,SGD
PAY0008854,ORD0008854,2026-01-14T22:40:55Z,wallet,success,846.02,SGD
PAY0008855,ORD0008855,2026-01-12T17:23:04Z,paypal,success,6421.16,SGD
PAY0008856,ORD0008856,2026-03-22T22:40:56Z,wallet,failed,21906.51,SGD
PAY0008857,ORD0008857,2026-03-10T16:15:21Z,wallet,success,6442.92,SGD
PAY0008858,ORD0008858,2026-05-19T14:58:26Z,bank_transfer,refunded,10824.15,SGD
PAY0008859,ORD0008859,2026-03-06T14:14:07Z,paypal,success,14005.85,SGD
PAY0008860,ORD0008860,2026-05-16T03:33:02Z,card,refunded,15483.56,SGD
PAY0008861,ORD0008861,2026-04-04T18:29:13Z,paypal,success,8739.48,SGD
PAY0008862,ORD0008862,2026-02-22T00:19:05Z,wallet,success,7638.13,SGD
PAY0008863,ORD0008863,2026-05-13T19:16:06Z,bank_transfer,refunded,13569.18,SGD
PAY0008864,ORD0008864,2026-04-05T14:48:05Z,card,success,3359.22,SGD
PAY0008865,ORD0008865,2026-05-04T16:52:14Z,wallet,success,3083.89,SGD
PAY0008866,ORD0008866,2026-03-08T14:31:32Z,card,success,9049.09,SGD
PAY0008867,ORD0008867,2026-01-26T16:02:01Z,bank_transfer,success,9464.5,SGD
PAY0008868,ORD0008868,2026-03-12T09:43:19Z,wallet,refunded,11820.45,SGD
PAY0008869,ORD0008869,2026-05-06T03:41:25Z,paypal,success,10614.69,SGD
PAY0008870,ORD0008870,2026-04-13T21:40:55Z,paypal,success,13713.09,SGD
PAY0008871,ORD0008871,2026-04-25T16:31:30Z,bank_transfer,success,15484.47,SGD
PAY0008872,ORD0008872,2026-04-09T09:35:19Z,bank_transfer,pending,3762.94,SGD
PAY0008873,ORD0008873,2026-04-10T09:51:19Z,card,success,846.02,SGD
PAY0008874,ORD0008874,2026-01-17T20:44:31Z,bank_transfer,success,8330.13,SGD
PAY0008875,ORD0008875,2026-02-27T01:02:04Z,card,success,3170.43,SGD
PAY0008876,ORD0008876,2026-01-18T08:44:56Z,paypal,refunded,5067.15,SGD
PAY0008877,ORD0008877,2026-03-26T12:48:51Z,wallet,success,3679.43,SGD
PAY0008878,ORD0008878,2026-03-28T14:20:42Z,bank_transfer,success,4884.06,SGD
PAY0008879,ORD0008879,2026-05-04T20:53:06Z,wallet,success,16058.91,SGD
PAY0008880,ORD0008880,2026-04-03T14:15:39Z,paypal,success,11797.9,SGD
PAY0008881,ORD0008881,2026-04-07T10:32:40Z,paypal,success,9273.38,SGD
PAY0008882,ORD0008882,2026-04-26T02:58:42Z,paypal,failed,9889.51,SGD
PAY0008883,ORD0008883,2026-01-16T14:03:09Z,bank_transfer,success,10380.76,SGD
PAY0008884,ORD0008884,2026-01-10T20:05:14Z,paypal,success,5094.65,SGD
PAY0008885,ORD0008885,2026-01-20T11:23:19Z,paypal,success,7693.46,SGD
PAY0008886,ORD0008886,2026-03-14T22:18:53Z,wallet,success,12729.42,SGD
PAY0008887,ORD0008887,2026-01-12T19:22:39Z,paypal,refunded,2056.02,SGD
PAY0008888,ORD0008888,2026-02-22T02:19:36Z,wallet,success,-5180.38,SGD
PAY0008889,ORD0008889,2026-05-03T12:27:30Z,paypal,success,15731.77,SGD
PAY0008890,ORD0008890,2026-03-04T16:09:38Z,paypal,success,5600.28,SGD
PAY0008891,ORD0008891,2026-04-12T00:00:47Z,card,pending,666.49,SGD
PAY0008892,ORD0008892,2026-02-19T06:11:21Z,card,failed,2843.23,SGD
PAY0008893,ORD0008893,2026-03-29T02:57:57Z,paypal,success,11324.19,SGD
PAY0008894,ORD0008894,2026-05-21T15:24:14Z,card,failed,9060.1,SGD
PAY0008895,ORD0008895,2026-01-02T18:25:46Z,bank_transfer,success,6825.8,SGD
PAY0008896,ORD0008896,2026-03-13T19:43:53Z,card,success,16077.58,SGD
PAY0008897,ORD0008897,2026-04-25T19:57:50Z,bank_transfer,success,5219.75,SGD
PAY0008898,ORD0008898,2026-02-16T21:49:14Z,card,success,6004.42,SGD
PAY0008899,ORD0008899,2026-02-18T13:20:17Z,card,failed,12839.91,SGD
PAY0008900,ORD0008900,2026-03-14T13:09:52Z,card,pending,2041.56,SGD
PAY0008901,ORD0008901,2026-01-13T01:11:10Z,card,failed,3992.19,SGD
PAY0008902,ORD0008902,2026-01-19T23:09:57Z,wallet,refunded,5657.88,SGD
PAY0008903,ORD0008903,2026-02-18T21:54:30Z,paypal,success,9871.17,SGD
PAY0008904,ORD0008904,2026-05-17T10:13:06Z,bank_transfer,success,5739.27,SGD
PAY0008905,ORD0008905,2026-04-13T12:07:30Z,bank_transfer,success,2617.58,SGD
PAY0008906,ORD0008906,2026-04-21T16:37:35Z,wallet,success,6577.78,SGD
PAY0008907,ORD0008907,2026-01-25T06:31:49Z,paypal,success,3349.98,SGD
PAY0008908,ORD0008908,2026-02-03T23:39:39Z,paypal,success,14425.69,SGD
PAY0008909,ORD0008909,2026-04-11T15:00:50Z,card,success,5116.1,SGD
PAY0008910,ORD0008910,2026-05-02T02:41:27Z,card,success,645.26,SGD
PAY0008911,ORD0008911,2026-03-21T17:37:57Z,card,success,11495.75,SGD
PAY0008912,ORD0008912,2026-01-04T12:18:22Z,card,success,1636.48,SGD
PAY0008913,ORD0008913,2026-02-02T20:47:42Z,card,success,12339.53,SGD
PAY0008914,ORD0008914,2026-01-29T15:45:56Z,bank_transfer,success,6168.06,SGD
PAY0008915,ORD0008915,2026-02-11T18:27:02Z,paypal,refunded,2111.4,SGD
PAY0008916,ORD0008916,2026-02-09T02:15:46Z,wallet,refunded,17372.65,SGD
PAY0008917,ORD0008917,2026-04-13T07:13:47Z,paypal,success,26533.8,SGD
PAY0008918,ORD0008918,2026-01-13T13:53:42Z,card,success,11078.32,SGD
PAY0008919,ORD0008919,2026-03-01T21:47:40Z,card,refunded,9924.7,SGD
PAY0008920,ORD0008920,2026-04-05T13:36:34Z,wallet,success,9147.09,SGD
PAY0008921,ORD0008921,2026-04-09T21:14:06Z,card,success,3029.93,SGD
PAY0008922,ORD0008922,2026-01-17T20:46:58Z,wallet,success,3574.74,SGD
PAY0008923,ORD0008923,2026-02-18T08:41:18Z,wallet,failed,6875.74,SGD
PAY0008924,ORD0008924,2026-02-05T06:51:25Z,card,pending,7796.97,SGD
PAY0008925,ORD0008925,2026-03-09T21:38:18Z,wallet,success,12069.57,SGD
PAY0008926,ORD0008926,2026-01-31T20:24:08Z,wallet,pending,6781.39,SGD
PAY0008927,ORD0008927,2026-03-23T18:24:25Z,wallet,failed,13586.22,SGD
PAY0008928,ORD0008928,2026-01-20T09:40:10Z,wallet,pending,3394.92,SGD
PAY0008929,ORD0008929,2026-01-16T08:21:54Z,card,success,12005.78,SGD
PAY0008930,ORD0008930,2026-05-23T00:20:45Z,paypal,success,9318.38,SGD
PAY0008931,ORD0008931,2026-03-05T17:12:28Z,paypal,failed,2253.47,SGD
PAY0008932,ORD0008932,2026-03-02T20:52:29Z,paypal,success,7570.79,SGD
PAY0008933,ORD0008933,2026-03-25T13:50:27Z,card,success,7956.85,SGD
PAY0008934,ORD0008934,2026-01-11T20:32:24Z,card,success,12316.09,SGD
PAY0008935,ORD0008935,2026-04-13T23:36:30Z,bank_transfer,success,6451.59,SGD
PAY0008936,ORD0008936,2026-03-19T21:01:03Z,wallet,pending,999.49,SGD
PAY0008937,ORD0008937,2026-02-18T15:02:32Z,wallet,pending,21373.99,SGD
PAY0008938,ORD0008938,2026-05-02T16:01:18Z,bank_transfer,success,1059.56,SGD
PAY0008939,ORD0008939,2026-01-02T04:05:21Z,paypal,success,2340.2,SGD
PAY0008940,ORD0008940,2026-04-14T10:11:54Z,bank_transfer,success,20791.37,SGD
PAY0008941,ORD0008941,2026-05-02T18:42:03Z,wallet,success,15936.05,SGD
PAY0008942,ORD0008942,2026-01-11T10:05:49Z,bank_transfer,success,209.38,SGD
PAY0008943,ORD0008943,2026-02-12T20:22:02Z,bank_transfer,refunded,798.53,SGD
PAY0008944,ORD0008944,2026-05-11T19:02:55Z,wallet,refunded,10201.58,SGD
PAY0008945,ORD0008945,2026-04-03T01:36:52Z,wallet,success,8176.79,SGD
PAY0008946,ORD0008946,2026-05-15T15:30:35Z,bank_transfer,success,10159.46,SGD
PAY0008947,ORD0008947,2026-02-20T17:04:37Z,card,success,3915.22,SGD
PAY0008948,ORD0008948,2026-03-10T01:28:26Z,bank_transfer,success,3111.72,SGD
PAY0008949,ORD0008949,2026-03-07T03:38:18Z,bank_transfer,success,2680.62,SGD
PAY0008950,ORD0008950,2026-02-27T00:43:37Z,wallet,success,6924.4,SGD
PAY0008951,ORD0008951,2026-02-05T22:22:16Z,paypal,success,8152.35,SGD
PAY0008952,ORD0008952,2026-04-18T09:24:44Z,card,success,4366.51,SGD
PAY0008953,ORD0008953,2026-04-14T15:52:10Z,wallet,success,6553.66,SGD
PAY0008954,ORD0008954,2026-03-25T09:23:06Z,card,success,17364.55,SGD
PAY0008955,ORD0008955,2026-04-30T17:33:15Z,bank_transfer,success,5662.31,SGD
PAY0008956,ORD0008956,2026-02-13T01:04:37Z,paypal,pending,12677.96,SGD
PAY0008957,ORD0008957,2026-02-21T09:42:09Z,wallet,pending,5064.49,SGD
PAY0008958,ORD0008958,2026-03-26T12:24:15Z,card,success,8103.14,SGD
PAY0008959,ORD0008959,2026-02-09T02:19:42Z,card,success,262.96,SGD
PAY0008960,ORD0008960,2026-04-02T13:25:26Z,paypal,success,12144.29,SGD
PAY0008961,ORD0008961,2026-02-09T18:35:06Z,card,success,5739.27,SGD
PAY0008962,ORD0008962,2026-03-07T05:48:27Z,card,success,16245.91,SGD
PAY0008963,ORD0008963,2026-05-18T06:46:06Z,wallet,success,2709.14,SGD
PAY0008964,ORD0008964,2026-02-22T00:57:00Z,paypal,failed,4970.97,SGD
PAY0008965,ORD0008965,2026-04-18T12:19:13Z,bank_transfer,success,18845.43,SGD
PAY0008966,ORD0008966,2026-02-13T17:11:10Z,card,success,405.21,SGD
PAY0008967,ORD0008967,2026-02-08T23:26:49Z,paypal,success,4168.66,SGD
PAY0008968,ORD0008968,2026-03-04T20:10:14Z,card,success,1772.51,SGD
PAY0008969,ORD0008969,2026-01-17T14:25:08Z,wallet,refunded,1716.03,SGD
PAY0008970,ORD0008970,2026-02-08T09:19:35Z,card,refunded,1739.22,SGD
PAY0008971,ORD0008971,2026-02-13T16:52:48Z,wallet,pending,1418.94,SGD
PAY0008972,ORD0008972,2026-03-19T13:39:54Z,wallet,success,8093.83,SGD
PAY0008973,ORD0008973,2026-01-24T21:12:08Z,bank_transfer,success,9502.74,SGD
PAY0008974,ORD0008974,2026-01-24T06:17:59Z,bank_transfer,success,2696.88,SGD
PAY0008975,ORD0008975,2026-04-19T10:29:38Z,bank_transfer,pending,8752.23,SGD
PAY0008976,ORD0008976,2026-04-29T06:08:21Z,paypal,success,11788.94,SGD
PAY0008977,ORD0008977,2026-05-06T09:59:33Z,paypal,success,15783.68,SGD
PAY0008978,ORD0008978,2026-04-23T20:44:44Z,bank_transfer,success,1760.96,SGD
PAY0008979,ORD0008979,2026-02-25T08:39:39Z,bank_transfer,success,2019.93,SGD
PAY0008980,ORD0008980,2026-02-15T10:57:50Z,bank_transfer,success,8897.84,SGD
PAY0008981,ORD0008981,2026-05-23T03:35:21Z,wallet,success,11122.89,SGD
PAY0008982,ORD0008982,2026-03-18T16:01:46Z,wallet,pending,5381.46,SGD
PAY0008983,ORD0008983,2026-03-16T08:33:13Z,paypal,success,7797.91,SGD
PAY0008984,ORD0008984,2026-03-17T23:26:46Z,wallet,success,5024.97,SGD
PAY0008985,ORD0008985,2026-05-06T10:27:25Z,card,success,2106.32,SGD
PAY0008986,ORD0008986,2026-03-21T14:23:27Z,bank_transfer,success,8737.55,SGD
PAY0008987,ORD0008987,2026-05-06T05:37:36Z,wallet,refunded,12932.04,SGD
PAY0008988,ORD0008988,2026-02-01T19:08:47Z,card,refunded,9742.14,SGD
PAY0008989,ORD0008989,2026-05-09T23:25:10Z,bank_transfer,success,8431.07,SGD
PAY0008990,ORD0008990,2026-04-20T23:24:33Z,bank_transfer,pending,13373.67,SGD
PAY0008991,ORD0008991,2026-02-25T05:55:52Z,wallet,refunded,5248.75,SGD
PAY0008992,ORD0008992,2026-04-04T07:40:08Z,bank_transfer,success,11240.86,SGD
PAY0008993,ORD0008993,2026-04-03T00:33:19Z,wallet,success,8828.3,SGD
PAY0008994,ORD0008994,2026-04-10T02:32:27Z,bank_transfer,success,14775.66,SGD
PAY0008995,ORD0008995,2026-01-26T06:24:56Z,wallet,success,19574.39,SGD
PAY0008996,ORD0008996,2026-04-12T15:08:25Z,paypal,success,8523.6,SGD
PAY0008997,ORD0008997,2026-04-10T05:33:39Z,bank_transfer,success,16422.05,SGD
PAY0008998,ORD0008998,2026-04-07T13:10:48Z,card,success,1690.53,SGD
PAY0008999,ORD0008999,2026-01-31T12:23:24Z,bank_transfer,failed,17092.5,SGD
PAY0009000,ORD0009000,2026-04-04T03:19:21Z,wallet,failed,6726.72,SGD
PAY0009001,ORD0009001,2026-01-14T23:12:13Z,card,success,5276.32,SGD
PAY0009002,ORD0009002,2026-01-12T20:21:52Z,wallet,success,3106.46,SGD
PAY0009003,ORD0009003,2026-05-13T14:15:09Z,card,success,12074.92,SGD
PAY0009004,ORD0009004,2026-05-09T05:40:02Z,wallet,success,21564.35,SGD
PAY0009005,ORD0009005,2026-02-02T22:24:36Z,bank_transfer,pending,6071.8,SGD
PAY0009006,ORD0009006,2026-01-01T23:43:23Z,card,failed,9630.37,SGD
PAY0009007,ORD0009007,2026-03-14T03:30:40Z,card,success,3488.32,SGD
PAY0009008,ORD0009008,2026-01-15T23:42:03Z,paypal,success,1518.5,SGD
PAY0009009,ORD0009009,2026-01-17T10:08:30Z,card,success,3227.95,SGD
PAY0009010,ORD0009010,2026-05-01T09:33:06Z,bank_transfer,success,7939.75,SGD
PAY0009011,ORD0009011,2026-02-28T00:50:39Z,paypal,success,15660.64,SGD
PAY0009012,ORD0009012,2026-04-11T17:48:35Z,card,success,826.33,SGD
PAY0009013,ORD0009013,2026-01-31T16:02:32Z,wallet,success,12462.47,SGD
PAY0009014,ORD0009014,2026-03-28T09:33:58Z,wallet,success,9549.51,SGD
PAY0009015,ORD0009015,2026-03-15T19:13:25Z,card,failed,4347.16,SGD
PAY0009016,ORD0009016,2026-01-24T15:43:32Z,bank_transfer,success,2230.25,SGD
PAY0009017,ORD0009017,2026-05-06T18:38:11Z,bank_transfer,success,9472.37,SGD
PAY0009018,ORD0009018,2026-04-08T21:36:25Z,bank_transfer,refunded,10205.94,SGD
PAY0009019,ORD0009019,2026-04-19T22:24:51Z,card,refunded,5906.33,SGD
PAY0009020,ORD0009020,2026-02-08T19:00:47Z,wallet,success,1061.2,SGD
PAY0009021,ORD0009021,2026-03-13T14:45:24Z,paypal,success,426.24,SGD
PAY0009022,ORD0009022,2026-04-01T15:39:50Z,wallet,success,5079.91,SGD
PAY0009023,ORD0009023,2026-01-30T07:15:55Z,wallet,success,5532.45,SGD
PAY0009024,ORD0009024,2026-05-13T01:15:31Z,wallet,failed,13136.51,SGD
PAY0009025,ORD0009025,2026-04-01T13:41:32Z,wallet,failed,5148.09,SGD
PAY0009026,ORD0009026,2026-01-24T21:43:17Z,paypal,success,4112.04,SGD
PAY0009027,ORD0009027,2026-05-11T19:43:56Z,wallet,success,4232.54,SGD
PAY0009028,ORD0009028,2026-04-17T18:15:44Z,paypal,success,3508.05,SGD
PAY0009029,ORD0009029,2026-03-28T19:51:59Z,paypal,failed,10306.57,SGD
PAY0009030,ORD0009030,2026-01-17T05:36:34Z,card,failed,6951.45,SGD
PAY0009031,ORD0009031,2026-02-20T21:17:49Z,bank_transfer,success,3983.29,SGD
PAY0009032,ORD0009032,2026-05-22T13:54:13Z,card,refunded,6274.83,SGD
PAY0009033,ORD0009033,2026-04-28T16:13:45Z,card,success,9725.99,SGD
PAY0009034,ORD0009034,2026-03-11T15:44:35Z,wallet,refunded,8458.63,SGD
PAY0009035,ORD0009035,2026-02-16T22:20:08Z,paypal,success,1786.74,SGD
PAY0009036,ORD0009036,2026-02-09T17:54:28Z,bank_transfer,refunded,9944.74,SGD
PAY0009037,ORD0009037,2026-04-12T12:20:52Z,bank_transfer,success,3540.04,SGD
PAY0009038,ORD0009038,2026-01-20T20:29:22Z,wallet,refunded,11193.09,SGD
PAY0009039,ORD0009039,2026-03-29T23:47:03Z,bank_transfer,success,12011.19,SGD
PAY0009040,ORD0009040,2026-03-30T22:13:28Z,wallet,refunded,676.44,SGD
PAY0009041,ORD0009041,2026-04-21T15:50:24Z,bank_transfer,success,7821.07,SGD
PAY0009042,ORD0009042,2026-02-04T11:28:41Z,card,success,12319.37,SGD
PAY0009043,ORD0009043,2026-04-05T02:27:30Z,paypal,success,8846.71,SGD
PAY0009044,ORD0009044,2026-05-23T17:02:58Z,card,failed,1140.14,SGD
PAY0009045,ORD0009045,2026-04-21T09:43:06Z,card,success,8651.59,SGD
PAY0009046,ORD0009046,2026-03-10T18:08:16Z,bank_transfer,refunded,7432.69,SGD
PAY0009047,ORD0009047,2026-03-19T19:53:44Z,paypal,success,11551.61,SGD
PAY0009048,ORD0009048,2026-04-11T11:56:54Z,paypal,success,4207.98,SGD
PAY0009049,ORD0009049,2026-02-24T01:13:56Z,bank_transfer,success,17120.83,SGD
PAY0009050,ORD0009050,2026-03-26T16:35:37Z,paypal,success,2301.63,SGD
PAY0009051,ORD0009051,2026-02-06T02:39:53Z,bank_transfer,success,7498.84,SGD
PAY0009052,ORD0009052,2026-04-04T20:45:14Z,bank_transfer,success,19275.85,SGD
PAY0009053,ORD0009053,2026-01-01T12:34:43Z,wallet,success,14963.05,SGD
PAY0009054,ORD0009054,2026-04-18T02:10:31Z,card,success,9294.19,SGD
PAY0009055,ORD0009055,2026-02-07T22:00:32Z,card,success,3204.04,SGD
PAY0009056,ORD0009056,2026-01-21T23:17:22Z,bank_transfer,success,6271.96,SGD
PAY0009057,ORD0009057,2026-05-10T20:32:38Z,paypal,success,5767.29,SGD
PAY0009058,ORD0009058,2026-02-25T21:03:27Z,card,success,14290.83,SGD
PAY0009059,ORD0009059,2026-02-02T17:47:38Z,bank_transfer,failed,10655.09,SGD
PAY0009060,ORD0009060,2026-03-28T04:33:58Z,wallet,success,9087.92,SGD
PAY0009061,ORD0009061,2026-04-20T15:50:12Z,wallet,success,13410.86,SGD
PAY0009062,ORD0009062,2026-02-19T16:03:50Z,paypal,refunded,15252.71,SGD
PAY0009063,ORD0009063,2026-04-19T02:12:21Z,wallet,success,12266.34,SGD
PAY0009064,ORD0009064,2026-01-21T21:44:02Z,wallet,success,15146.05,SGD
PAY0009065,ORD0009065,2026-02-03T08:23:32Z,wallet,failed,5052.28,SGD
PAY0009066,ORD0009066,2026-02-15T09:52:04Z,wallet,success,9312.54,SGD
PAY0009067,ORD0009067,2026-01-19T17:23:29Z,wallet,refunded,4305.98,SGD
PAY0009068,ORD0009068,2026-05-22T00:47:31Z,bank_transfer,refunded,7575.14,SGD
PAY0009069,ORD0009069,2026-04-20T19:09:32Z,bank_transfer,success,8972.69,SGD
PAY0009070,ORD0009070,2026-03-11T19:11:14Z,bank_transfer,success,1942.26,SGD
PAY0009071,ORD0009071,2026-03-31T01:13:19Z,wallet,refunded,14511.73,SGD
PAY0009072,ORD0009072,2026-04-13T02:20:43Z,bank_transfer,failed,3170.43,SGD
PAY0009073,ORD0009073,2026-03-06T04:14:48Z,bank_transfer,success,11292.57,SGD
PAY0009074,ORD0009074,2026-01-30T05:36:03Z,wallet,success,12083.82,SGD
PAY0009075,ORD0009075,2026-01-17T18:59:42Z,card,pending,16411.51,SGD
PAY0009076,ORD0009076,2026-02-10T00:48:56Z,card,success,8124.14,SGD
PAY0009077,ORD0009077,2026-04-28T17:49:23Z,wallet,failed,8833.3,SGD
PAY0009078,ORD0009078,2026-01-13T21:02:18Z,wallet,success,6867.68,SGD
PAY0009079,ORD0009079,2026-04-13T13:59:44Z,card,pending,7767.72,SGD
PAY0009080,ORD0009080,2026-04-22T16:34:11Z,paypal,success,1887.44,SGD
PAY0009081,ORD0009081,2026-04-16T16:45:54Z,card,success,11318.25,SGD
PAY0009082,ORD0009082,2026-01-22T05:32:13Z,paypal,pending,11523.92,SGD
PAY0009083,ORD0009083,2026-05-11T03:06:24Z,bank_transfer,pending,12747.0,SGD
PAY0009084,ORD0009084,2026-03-29T15:12:44Z,wallet,success,19053.49,SGD
PAY0009085,ORD0009085,2026-03-01T20:08:51Z,card,success,9192.26,SGD
PAY0009086,ORD0009086,2026-03-17T11:16:54Z,wallet,success,4026.42,SGD
PAY0009087,ORD0009087,2026-01-08T00:25:56Z,bank_transfer,pending,28076.99,SGD
PAY0009088,ORD0009088,2026-04-04T02:11:31Z,bank_transfer,success,4654.67,SGD
PAY0009089,ORD0009089,2026-03-08T10:20:20Z,bank_transfer,success,2669.17,SGD
PAY0009090,ORD0009090,2026-02-04T20:55:44Z,card,success,11794.38,SGD
PAY0009091,ORD0009091,2026-02-02T14:04:54Z,wallet,success,4343.76,SGD
PAY0009092,ORD0009092,2026-05-11T05:43:03Z,paypal,failed,4869.9,SGD
PAY0009093,ORD0009093,2026-05-01T02:21:57Z,paypal,success,2948.52,SGD
PAY0009094,ORD0009094,2026-01-05T13:07:39Z,card,success,4317.4,SGD
PAY0009095,ORD0009095,2026-02-10T09:09:02Z,wallet,refunded,14434.74,SGD
PAY0009096,ORD0009096,2026-02-27T05:06:37Z,card,success,14371.82,SGD
PAY0009097,ORD0009097,2026-04-16T03:21:40Z,card,pending,9217.91,SGD
PAY0009098,ORD0009098,2026-03-05T03:55:10Z,card,success,1621.18,SGD
PAY0009099,ORD0009099,2026-02-10T06:49:05Z,wallet,success,3852.06,SGD
PAY0009100,ORD0009100,2026-04-27T11:31:15Z,bank_transfer,success,14332.04,SGD
PAY0009101,ORD0009101,2026-05-19T10:22:33Z,paypal,success,5248.87,SGD
PAY0009102,ORD0009102,2026-04-15T00:52:34Z,bank_transfer,success,11222.75,SGD
PAY0009103,ORD0009103,2026-04-12T00:44:19Z,paypal,success,15497.85,SGD
PAY0009104,ORD0009104,2026-03-17T20:22:54Z,wallet,pending,9534.15,SGD
PAY0009105,ORD0009105,2026-02-25T06:18:20Z,paypal,refunded,1885.96,SGD
PAY0009106,ORD0009106,2026-05-07T02:24:16Z,wallet,success,16031.32,SGD
PAY0009107,ORD0009107,2026-03-13T08:57:30Z,card,success,5621.28,SGD
PAY0009108,ORD0009108,2026-02-20T16:49:21Z,card,success,10652.63,SGD
PAY0009109,ORD0009109,2026-05-24T04:37:30Z,wallet,success,4723.02,SGD
PAY0009110,ORD0009110,2026-05-07T18:45:48Z,bank_transfer,success,2167.14,SGD
PAY0009111,ORD0009111,2026-04-29T22:04:22Z,card,success,16265.49,SGD
PAY0009112,ORD0009112,2026-05-05T00:17:53Z,card,success,2480.43,SGD
PAY0009113,ORD0009113,2026-05-02T15:50:22Z,card,success,10586.5,SGD
PAY0009114,ORD0009114,2026-03-18T09:11:48Z,wallet,success,9359.08,SGD
PAY0009115,ORD0009115,2026-02-04T19:50:02Z,bank_transfer,success,6703.73,SGD
PAY0009116,ORD0009116,2026-01-21T10:41:23Z,card,refunded,13168.5,SGD
PAY0009117,ORD0009117,2026-03-17T22:43:59Z,paypal,refunded,3291.32,SGD
PAY0009118,ORD0009118,2026-04-10T01:31:42Z,paypal,success,13256.38,SGD
PAY0009119,ORD0009119,2026-04-05T20:12:19Z,paypal,success,6014.8,SGD
PAY0009120,ORD0009120,2026-01-31T18:27:21Z,card,success,4179.81,SGD
PAY0009121,ORD0009121,2026-03-08T17:52:33Z,card,success,13335.0,SGD
PAY0009122,ORD0009122,2026-01-22T02:25:40Z,wallet,success,18721.77,SGD
PAY0009123,ORD0009123,2026-05-03T03:51:35Z,wallet,pending,4127.01,SGD
PAY0009124,ORD0009124,2026-02-17T01:41:43Z,bank_transfer,success,10706.19,SGD
PAY0009125,ORD0009125,2026-05-05T14:12:54Z,wallet,success,11619.85,SGD
PAY0009126,ORD0009126,2026-04-19T03:17:40Z,wallet,success,2657.43,SGD
PAY0009127,ORD0009127,2026-02-18T21:58:39Z,paypal,success,3045.73,SGD
PAY0009128,ORD0009128,2026-01-18T11:57:05Z,card,success,7022.97,SGD
PAY0009129,ORD0009129,2026-01-21T18:10:34Z,paypal,success,9194.39,SGD
PAY0009130,ORD0009130,2026-05-14T11:53:16Z,card,success,5222.5,SGD
PAY0009131,ORD0009131,2026-01-06T15:24:21Z,wallet,success,8335.11,SGD
PAY0009132,ORD0009132,2026-01-11T20:50:05Z,paypal,failed,9523.15,SGD
PAY0009133,ORD0009133,2026-05-18T00:52:55Z,paypal,success,12050.35,SGD
PAY0009134,ORD0009134,2026-02-23T09:14:08Z,card,success,4462.91,SGD
PAY0009135,ORD0009135,2026-02-14T13:19:42Z,card,success,8356.89,SGD
PAY0009136,ORD0009136,2026-04-10T16:04:24Z,paypal,failed,16241.71,SGD
PAY0009137,ORD0009137,2026-05-21T07:30:56Z,paypal,success,3318.68,SGD
PAY0009138,ORD0009138,2026-05-07T14:09:25Z,paypal,success,12313.25,SGD
PAY0009139,ORD0009139,2026-03-05T16:17:19Z,paypal,success,15617.15,SGD
PAY0009140,ORD0009140,2026-04-09T11:52:44Z,card,success,11019.0,SGD
PAY0009141,ORD0009141,2026-02-19T04:18:47Z,paypal,success,13800.21,SGD
PAY0009142,ORD0009142,2026-02-23T00:03:43Z,bank_transfer,refunded,19583.45,SGD
PAY0009143,ORD0009143,2026-03-28T17:59:18Z,paypal,success,5692.32,SGD
PAY0009144,ORD0009144,2026-03-17T09:23:15Z,card,success,8756.22,SGD
PAY0009145,ORD0009145,2026-04-14T20:52:11Z,paypal,pending,1739.22,SGD
PAY0009146,ORD0009146,2026-04-24T13:28:42Z,card,failed,5880.85,SGD
PAY0009147,ORD0009147,2026-04-13T19:19:16Z,card,success,7260.84,SGD
PAY0009148,ORD0009148,2026-04-21T14:35:51Z,bank_transfer,success,16453.07,SGD
PAY0009149,ORD0009149,2026-02-05T18:32:58Z,card,success,4262.36,SGD
PAY0009150,ORD0009150,2026-04-24T14:14:21Z,wallet,success,7774.27,SGD
PAY0009151,ORD0009151,2026-01-12T20:32:47Z,wallet,success,835.05,SGD
PAY0009152,ORD0009152,2026-04-01T07:26:51Z,wallet,success,5867.53,SGD
PAY0009153,ORD0009153,2026-02-28T04:20:45Z,paypal,success,7257.86,SGD
PAY0009154,ORD0009154,2026-02-03T22:55:16Z,bank_transfer,success,3409.47,SGD
PAY0009155,ORD0009155,2026-03-27T19:36:26Z,card,success,5172.5,SGD
PAY0009156,ORD0009156,2026-03-23T11:16:07Z,wallet,success,10166.56,SGD
PAY0009157,ORD0009157,2026-03-15T20:02:34Z,card,failed,5871.66,SGD
PAY0009158,ORD0009158,2026-04-19T09:30:41Z,bank_transfer,failed,13914.31,SGD
PAY0009159,ORD0009159,2026-05-01T13:05:55Z,paypal,success,3512.24,SGD
PAY0009160,ORD0009160,2026-05-08T21:32:54Z,wallet,success,8173.38,SGD
PAY0009161,ORD0009161,2026-05-19T19:57:09Z,card,success,5532.45,SGD
PAY0009162,ORD0009162,2026-01-06T06:45:09Z,bank_transfer,success,4281.4,SGD
PAY0009163,ORD0009163,2026-01-21T14:28:45Z,paypal,refunded,12613.73,SGD
PAY0009164,ORD0009164,2026-04-24T10:26:14Z,bank_transfer,success,3231.39,SGD
PAY0009165,ORD0009165,2026-04-19T05:36:42Z,paypal,success,3472.52,SGD
PAY0009166,ORD0009166,2026-02-16T06:19:09Z,paypal,success,12791.3,SGD
PAY0009167,ORD0009167,2026-03-27T23:05:25Z,paypal,success,11273.97,SGD
PAY0009168,ORD0009168,2026-04-19T00:00:08Z,card,success,12843.35,SGD
PAY0009169,ORD0009169,2026-01-14T03:18:48Z,bank_transfer,success,6322.84,SGD
PAY0009170,ORD0009170,2026-02-16T04:44:02Z,bank_transfer,refunded,16573.92,SGD
PAY0009171,ORD0009171,2026-02-13T07:45:35Z,card,success,12251.01,SGD
PAY0009172,ORD0009172,2026-02-21T17:32:30Z,card,success,5203.75,SGD
PAY0009173,ORD0009173,2026-03-15T09:40:52Z,wallet,refunded,17170.2,SGD
PAY0009174,ORD0009174,2026-03-22T06:26:10Z,wallet,success,2212.38,SGD
PAY0009175,ORD0009175,2026-05-20T22:47:07Z,bank_transfer,success,5570.23,SGD
PAY0009176,ORD0009176,2026-03-27T12:31:39Z,paypal,refunded,5104.21,SGD
PAY0009177,ORD0009177,2026-03-21T02:15:16Z,bank_transfer,success,9426.06,SGD
PAY0009178,ORD0009178,2026-04-11T20:38:17Z,paypal,success,11713.23,SGD
PAY0009179,ORD0009179,2026-03-04T06:41:14Z,wallet,failed,6396.34,SGD
PAY0009180,ORD0009180,2026-03-02T13:18:49Z,card,success,6808.36,SGD
PAY0009181,ORD0009181,2026-04-12T11:25:14Z,paypal,success,5083.38,SGD
PAY0009182,ORD0009182,2026-01-07T15:05:36Z,paypal,failed,1055.36,SGD
PAY0009183,ORD0009183,2026-04-09T17:14:23Z,card,success,13898.71,SGD
PAY0009184,ORD0009184,2026-05-13T22:44:38Z,wallet,success,13237.63,SGD
PAY0009185,ORD0009185,2026-03-12T17:38:38Z,paypal,success,15123.61,SGD
PAY0009186,ORD0009186,2026-02-24T01:04:58Z,wallet,success,9561.86,SGD
PAY0009187,ORD0009187,2026-04-03T04:33:44Z,card,success,12638.85,SGD
PAY0009188,ORD0009188,2026-03-28T07:10:49Z,wallet,success,3562.8,SGD
PAY0009189,ORD0009189,2026-01-30T15:55:43Z,paypal,success,10475.87,SGD
PAY0009190,ORD0009190,2026-01-23T08:59:40Z,bank_transfer,success,19336.83,SGD
PAY0009191,ORD0009191,2026-04-30T16:41:50Z,paypal,refunded,11471.66,SGD
PAY0009192,ORD0009192,2026-03-30T14:21:35Z,wallet,success,12596.49,SGD
PAY0009193,ORD0009193,2026-05-12T10:06:25Z,wallet,pending,14253.01,SGD
PAY0009194,ORD0009194,2026-01-17T23:46:30Z,bank_transfer,success,12377.96,SGD
PAY0009195,ORD0009195,2026-02-17T14:01:23Z,paypal,success,3408.6,SGD
PAY0009196,ORD0009196,2026-05-18T21:26:24Z,wallet,success,2091.61,SGD
PAY0009197,ORD0009197,2026-02-25T10:18:37Z,wallet,success,7677.15,SGD
PAY0009198,ORD0009198,2026-02-28T11:39:49Z,paypal,pending,592.39,SGD
PAY0009199,ORD0009199,2026-01-23T15:53:13Z,card,success,7432.77,SGD
PAY0009200,ORD0009200,2026-04-29T18:22:31Z,paypal,success,10726.98,SGD
PAY0009201,ORD0009201,2026-03-03T14:31:34Z,wallet,success,14747.09,SGD
PAY0009202,ORD0009202,2026-02-06T12:29:43Z,wallet,success,876.36,SGD
PAY0009203,ORD0009203,2026-04-12T10:56:41Z,wallet,success,20411.09,SGD
PAY0009204,ORD0009204,2026-03-18T12:43:20Z,wallet,success,10729.97,SGD
PAY0009205,ORD0009205,2026-01-06T09:33:38Z,wallet,success,13812.98,SGD
PAY0009206,ORD0009206,2026-05-02T02:28:38Z,bank_transfer,success,937.77,SGD
PAY0009207,ORD0009207,2026-04-01T08:55:19Z,card,success,3029.39,SGD
PAY0009208,ORD0009208,2026-05-03T14:38:34Z,bank_transfer,success,4429.74,SGD
PAY0009209,ORD0009209,2026-02-11T04:09:45Z,bank_transfer,success,17693.99,SGD
PAY0009210,ORD0009210,2026-05-11T06:14:13Z,wallet,success,21948.83,SGD
PAY0009211,ORD0009211,2026-01-08T18:05:46Z,wallet,success,9037.41,SGD
PAY0009212,ORD0009212,2026-02-09T18:35:31Z,bank_transfer,success,2082.65,SGD
PAY0009213,ORD0009213,2026-03-08T21:22:41Z,card,success,6362.44,SGD
PAY0009214,ORD0009214,2026-02-16T21:46:18Z,card,success,14563.31,SGD
PAY0009215,ORD0009215,2026-03-15T20:23:38Z,wallet,pending,4903.93,SGD
PAY0009216,ORD0009216,2026-02-11T19:54:49Z,card,success,5633.32,SGD
PAY0009217,ORD0009217,2026-04-30T13:13:29Z,paypal,success,9683.03,SGD
PAY0009218,ORD0009218,2026-04-08T17:13:43Z,bank_transfer,success,14318.67,SGD
PAY0009219,ORD0009219,2026-05-18T16:49:26Z,bank_transfer,success,10388.52,SGD
PAY0009220,ORD0009220,2026-04-06T20:16:03Z,paypal,pending,13059.55,SGD
PAY0009221,ORD0009221,2026-01-13T00:36:12Z,card,success,753.69,SGD
PAY0009222,ORD0009222,2026-01-06T17:04:16Z,bank_transfer,success,9313.77,SGD
PAY0009223,ORD0009223,2026-01-31T09:39:56Z,bank_transfer,success,6427.86,SGD
PAY0009224,ORD0009224,2026-04-03T21:55:19Z,bank_transfer,failed,7339.36,SGD
PAY0009225,ORD0009225,2026-02-02T12:13:55Z,card,failed,9791.93,SGD
PAY0009226,ORD0009226,2026-01-11T01:19:44Z,bank_transfer,success,6928.27,SGD
PAY0009227,ORD0009227,2026-04-18T12:24:18Z,bank_transfer,failed,832.97,SGD
PAY0009228,ORD0009228,2026-01-06T02:23:27Z,wallet,success,5885.43,SGD
PAY0009229,ORD0009229,2026-03-10T20:12:30Z,wallet,success,12024.49,SGD
PAY0009230,ORD0009230,2026-02-18T07:23:15Z,wallet,success,15211.87,SGD
PAY0009231,ORD0009231,2026-05-16T08:02:40Z,wallet,success,9586.56,SGD
PAY0009232,ORD0009232,2026-02-09T00:18:48Z,wallet,success,4948.31,SGD
PAY0009233,ORD0009233,2026-04-26T11:53:22Z,wallet,success,14332.4,SGD
PAY0009234,ORD0009234,2026-03-28T02:01:06Z,paypal,success,846.02,SGD
PAY0009235,ORD0009235,2026-04-07T04:11:19Z,wallet,failed,14378.62,SGD
PAY0009236,ORD0009236,2026-03-01T07:07:27Z,wallet,refunded,6827.02,SGD
PAY0009237,ORD0009237,2026-05-06T04:14:26Z,wallet,refunded,10620.8,SGD
PAY0009238,ORD0009238,2026-03-30T08:54:03Z,bank_transfer,pending,5113.77,SGD
PAY0009239,ORD0009239,2026-02-08T14:10:24Z,card,success,4570.21,SGD
PAY0009240,ORD0009240,2026-04-05T19:21:41Z,card,success,6561.95,SGD
PAY0009241,ORD0009241,2026-03-20T05:50:31Z,card,success,10216.5,SGD
PAY0009242,ORD0009242,2026-01-20T23:29:48Z,card,failed,10636.98,SGD
PAY0009243,ORD0009243,2026-05-16T07:30:03Z,paypal,pending,18694.89,SGD
PAY0009244,ORD0009244,2026-01-21T16:43:21Z,bank_transfer,success,16020.9,SGD
PAY0009245,ORD0009245,2026-05-07T04:44:21Z,paypal,refunded,4195.17,SGD
PAY0009246,ORD0009246,2026-01-16T20:33:43Z,card,success,11248.14,SGD
PAY0009247,ORD0009247,2026-05-21T03:07:54Z,paypal,success,10389.4,SGD
PAY0009248,ORD0009248,2026-03-03T23:49:39Z,bank_transfer,success,6913.53,SGD
PAY0009249,ORD0009249,2026-01-20T12:10:33Z,bank_transfer,pending,3349.98,SGD
PAY0009250,ORD0009250,2026-03-04T23:49:53Z,paypal,success,17757.18,SGD
PAY0009251,ORD0009251,2026-04-07T13:05:30Z,card,success,10914.85,SGD
PAY0009252,ORD0009252,2026-04-25T17:49:44Z,card,success,4881.22,SGD
PAY0009253,ORD0009253,2026-03-29T21:18:00Z,card,success,2949.94,SGD
PAY0009254,ORD0009254,2026-05-01T20:27:12Z,card,success,8372.29,SGD
PAY0009255,ORD0009255,2026-03-05T06:29:20Z,card,refunded,4799.95,SGD
PAY0009256,ORD0009256,2026-02-24T17:16:49Z,card,refunded,295.59,SGD
PAY0009257,ORD0009257,2026-01-10T13:25:08Z,paypal,success,13321.52,SGD
PAY0009258,ORD0009258,2026-03-18T22:21:42Z,card,success,8813.75,SGD
PAY0009259,ORD0009259,2026-04-30T20:07:41Z,bank_transfer,success,12885.06,SGD
PAY0009260,ORD0009260,2026-05-07T11:03:59Z,card,success,14089.0,SGD
PAY0009261,ORD0009261,2026-04-11T21:18:39Z,bank_transfer,success,9157.0,SGD
PAY0009262,ORD0009262,2026-02-06T22:23:14Z,card,pending,2454.72,SGD
PAY0009263,ORD0009263,2026-04-04T21:49:27Z,wallet,success,12421.45,SGD
PAY0009264,ORD0009264,2026-02-09T21:30:37Z,bank_transfer,success,3176.94,SGD
PAY0009265,ORD0009265,2026-05-05T10:42:32Z,paypal,pending,5163.27,SGD
PAY0009266,ORD0009266,2026-05-23T23:46:38Z,bank_transfer,success,5287.55,SGD
PAY0009267,ORD0009267,2026-03-23T05:31:38Z,bank_transfer,success,9924.81,SGD
PAY0009268,ORD0009268,2026-04-25T18:31:40Z,paypal,success,10401.91,SGD
PAY0009269,ORD0009269,2026-04-09T06:10:13Z,paypal,success,6943.44,SGD
PAY0009270,ORD0009270,2026-02-22T13:51:00Z,paypal,failed,5554.12,SGD
PAY0009271,ORD0009271,2026-03-21T04:35:19Z,bank_transfer,success,8062.03,SGD
PAY0009272,ORD0009272,2026-05-14T18:54:40Z,card,success,628.14,SGD
PAY0009273,ORD0009273,2026-03-07T08:50:52Z,paypal,success,4856.34,SGD
PAY0009274,ORD0009274,2026-03-03T11:38:48Z,card,success,2765.7,SGD
PAY0009275,ORD0009275,2026-03-12T07:13:53Z,paypal,success,9050.82,SGD
PAY0009276,ORD0009276,2026-02-26T07:40:09Z,paypal,success,10651.02,SGD
PAY0009277,ORD0009277,2026-01-04T14:08:16Z,bank_transfer,success,1811.15,SGD
PAY0009278,ORD0009278,2026-01-03T19:45:53Z,paypal,failed,6823.01,SGD
PAY0009279,ORD0009279,2026-01-11T03:34:42Z,bank_transfer,success,4458.53,SGD
PAY0009280,ORD0009280,2026-05-22T05:38:32Z,card,success,17944.0,SGD
PAY0009281,ORD0009281,2026-03-01T08:24:20Z,paypal,pending,796.43,SGD
PAY0009282,ORD0009282,2026-02-05T21:26:04Z,card,success,15905.59,SGD
PAY0009283,ORD0009283,2026-03-24T20:30:01Z,bank_transfer,success,11490.95,SGD
PAY0009284,ORD0009284,2026-05-19T13:58:09Z,card,success,6637.44,SGD
PAY0009285,ORD0009285,2026-05-24T02:23:01Z,bank_transfer,success,3343.24,SGD
PAY0009286,ORD0009286,2026-05-18T06:01:05Z,card,success,9745.15,SGD
PAY0009287,ORD0009287,2026-05-10T01:03:11Z,bank_transfer,pending,9255.28,SGD
PAY0009288,ORD0009288,2026-04-25T05:38:55Z,bank_transfer,success,5741.39,SGD
PAY0009289,ORD0009289,2026-05-03T23:17:15Z,paypal,success,2953.92,SGD
PAY0009290,ORD0009290,2026-03-11T16:57:18Z,bank_transfer,success,11998.28,SGD
PAY0009291,ORD0009291,2026-02-24T20:54:04Z,bank_transfer,success,8472.48,SGD
PAY0009292,ORD0009292,2026-05-24T22:19:08Z,card,success,15260.02,SGD
PAY0009293,ORD0009293,2026-02-10T00:42:39Z,card,refunded,7375.87,SGD
PAY0009294,ORD0009294,2026-05-18T12:52:46Z,paypal,success,2121.18,SGD
PAY0009295,ORD0009295,2026-03-18T10:59:46Z,wallet,success,2338.79,SGD
PAY0009296,ORD0009296,2026-02-16T06:14:51Z,wallet,failed,11260.11,SGD
PAY0009297,ORD0009297,2026-02-13T09:51:50Z,wallet,success,2001.09,SGD
PAY0009298,ORD0009298,2026-05-07T17:00:17Z,bank_transfer,success,3635.0,SGD
PAY0009299,ORD0009299,2026-01-07T20:36:32Z,bank_transfer,refunded,15077.3,SGD
PAY0009300,ORD0009300,2026-05-20T13:00:46Z,wallet,success,7440.57,SGD
PAY0009301,ORD0009301,2026-03-02T10:19:57Z,wallet,success,12351.44,SGD
PAY0009302,ORD0009302,2026-05-19T06:56:16Z,bank_transfer,success,13142.88,SGD
PAY0009303,ORD0009303,2026-03-04T04:56:08Z,paypal,refunded,570.07,SGD
PAY0009304,ORD0009304,2026-01-27T04:21:30Z,wallet,success,4233.31,SGD
PAY0009305,ORD0009305,2026-05-13T16:06:17Z,paypal,refunded,3240.41,SGD
PAY0009306,ORD0009306,2026-01-19T19:17:59Z,bank_transfer,success,2609.27,SGD
PAY0009307,ORD0009307,2026-02-13T04:42:27Z,card,success,8773.98,SGD
PAY0009308,ORD0009308,2026-03-19T05:27:36Z,paypal,success,6322.43,SGD
PAY0009309,ORD0009309,2026-03-22T21:41:17Z,card,refunded,15235.26,SGD
PAY0009310,ORD0009310,2026-01-01T17:43:05Z,card,pending,4961.86,SGD
PAY0009311,ORD0009311,2026-01-02T17:21:50Z,bank_transfer,success,11061.71,SGD
PAY0009312,ORD0009312,2026-04-01T15:19:38Z,paypal,success,4648.73,SGD
PAY0009313,ORD0009313,2026-03-21T18:59:08Z,wallet,success,8234.48,SGD
PAY0009314,ORD0009314,2026-03-01T05:02:24Z,bank_transfer,success,19224.54,SGD
PAY0009315,ORD0009315,2026-01-27T13:08:43Z,card,failed,3843.66,SGD
PAY0009316,ORD0009316,2026-05-04T16:15:46Z,paypal,success,8575.44,SGD
PAY0009317,ORD0009317,2026-04-18T17:17:10Z,paypal,success,7745.63,SGD
PAY0009318,ORD0009318,2026-04-01T02:49:50Z,bank_transfer,refunded,8940.23,SGD
PAY0009319,ORD0009319,2026-04-13T19:57:32Z,bank_transfer,failed,10281.82,SGD
PAY0009320,ORD0009320,2026-04-08T21:11:57Z,card,refunded,14368.83,SGD
PAY0009321,ORD0009321,2026-03-21T10:20:38Z,paypal,success,5161.25,SGD
PAY0009322,ORD0009322,2026-03-07T15:32:55Z,paypal,success,1674.99,SGD
PAY0009323,ORD0009323,2026-04-05T17:30:22Z,paypal,success,4609.94,SGD
PAY0009324,ORD0009324,2026-03-16T09:02:37Z,bank_transfer,success,7213.2,SGD
PAY0009325,ORD0009325,2026-01-31T20:17:55Z,paypal,success,4304.05,SGD
PAY0009326,ORD0009326,2026-01-24T07:49:28Z,card,success,6274.54,SGD
PAY0009327,ORD0009327,2026-04-19T05:21:26Z,wallet,pending,9414.56,SGD
PAY0009328,ORD0009328,2026-03-20T01:13:02Z,paypal,success,7267.62,SGD
PAY0009329,ORD0009329,2026-01-22T19:33:18Z,card,success,17144.79,SGD
PAY0009330,ORD0009330,2026-04-22T05:42:20Z,wallet,success,3458.5,SGD
PAY0009331,ORD0009331,2026-04-22T23:48:09Z,paypal,failed,12629.78,SGD
PAY0009332,ORD0009332,2026-02-16T01:41:50Z,paypal,success,3683.49,SGD
PAY0009333,ORD0009333,2026-04-15T14:01:02Z,wallet,success,3970.58,SGD
PAY0009334,ORD0009334,2026-03-14T18:35:32Z,card,success,9311.76,SGD
PAY0009335,ORD0009335,2026-05-14T23:07:51Z,bank_transfer,success,4935.06,SGD
PAY0009336,ORD0009336,2026-03-21T15:35:53Z,bank_transfer,success,6648.03,SGD
PAY0009337,ORD0009337,2026-02-01T06:30:52Z,bank_transfer,refunded,7474.09,SGD
PAY0009338,ORD0009338,2026-02-03T17:41:51Z,wallet,success,443.36,SGD
PAY0009339,ORD0009339,2026-01-28T02:13:12Z,card,failed,18792.89,SGD
PAY0009340,ORD0009340,2026-03-03T11:16:43Z,wallet,success,16546.02,SGD
PAY0009341,ORD0009341,2026-05-23T17:31:00Z,card,success,9522.68,SGD
PAY0009342,ORD0009342,2026-03-31T02:18:05Z,paypal,failed,4332.72,SGD
PAY0009343,ORD0009343,2026-03-09T23:01:47Z,wallet,success,11578.27,SGD
PAY0009344,ORD0009344,2026-01-15T19:38:24Z,wallet,success,11523.45,SGD
PAY0009345,ORD0009345,2026-05-24T03:08:41Z,wallet,success,12467.12,SGD
PAY0009346,ORD0009346,2026-01-19T00:11:10Z,bank_transfer,success,6172.67,SGD
PAY0009347,ORD0009347,2026-02-08T18:28:32Z,card,success,6645.09,SGD
PAY0009348,ORD0009348,2026-04-05T07:08:51Z,card,success,10624.08,SGD
PAY0009349,ORD0009349,2026-01-21T01:00:10Z,wallet,success,4110.88,SGD
PAY0009350,ORD0009350,2026-05-03T18:38:47Z,wallet,failed,1409.33,SGD
PAY0009351,ORD0009351,2026-05-23T18:12:06Z,bank_transfer,success,1477.9,SGD
PAY0009352,ORD0009352,2026-04-22T11:28:04Z,paypal,success,8908.93,SGD
PAY0009353,ORD0009353,2026-01-14T17:12:58Z,bank_transfer,success,3634.26,SGD
PAY0009354,ORD0009354,2026-03-12T17:00:38Z,wallet,failed,6707.46,SGD
PAY0009355,ORD0009355,2026-03-23T11:39:28Z,wallet,success,4858.6,SGD
PAY0009356,ORD0009356,2026-05-22T15:26:30Z,card,success,4020.93,SGD
PAY0009357,ORD0009357,2026-02-22T21:10:34Z,card,success,10655.19,SGD
PAY0009358,ORD0009358,2026-01-08T16:46:45Z,wallet,success,3952.9,SGD
PAY0009359,ORD0009359,2026-04-09T02:06:51Z,bank_transfer,failed,7847.17,SGD
PAY0009360,ORD0009360,2026-01-10T22:53:05Z,paypal,success,5369.88,SGD
PAY0009361,ORD0009361,2026-01-09T12:46:17Z,bank_transfer,success,3472.52,SGD
PAY0009362,ORD0009362,2026-04-23T14:12:46Z,bank_transfer,success,6577.05,SGD
PAY0009363,ORD0009363,2026-03-26T00:23:46Z,paypal,success,819.96,SGD
PAY0009364,ORD0009364,2026-05-20T18:36:08Z,card,success,6109.65,SGD
PAY0009365,ORD0009365,2026-05-21T17:24:13Z,card,pending,3521.92,SGD
PAY0009366,ORD0009366,2026-01-24T02:17:47Z,bank_transfer,success,2341.82,SGD
PAY0009367,ORD0009367,2026-01-25T01:41:47Z,bank_transfer,success,16986.54,SGD
PAY0009368,ORD0009368,2026-04-04T18:13:51Z,wallet,success,6943.81,SGD
PAY0009369,ORD0009369,2026-03-31T06:21:10Z,card,refunded,13146.9,SGD
PAY0009370,ORD0009370,2026-02-20T21:49:46Z,wallet,success,7194.5,SGD
PAY0009371,ORD0009371,2026-04-15T13:16:45Z,wallet,success,7205.62,SGD
PAY0009372,ORD0009372,2026-04-03T18:04:41Z,paypal,success,9473.09,SGD
PAY0009373,ORD0009373,2026-04-17T10:01:24Z,bank_transfer,success,10175.34,SGD
PAY0009374,ORD0009374,2026-03-07T09:07:17Z,card,success,5271.18,SGD
PAY0009375,ORD0009375,2026-01-25T12:34:20Z,paypal,success,13970.91,SGD
PAY0009376,ORD0009376,2026-02-09T08:53:45Z,card,success,8914.81,SGD
PAY0009377,ORD0009377,2026-04-04T10:57:22Z,card,pending,1969.73,SGD
PAY0009378,ORD0009378,2026-01-22T08:04:26Z,card,success,955.28,SGD
PAY0009379,ORD0009379,2026-02-25T06:57:29Z,wallet,success,3754.58,SGD
PAY0009380,ORD0009380,2026-01-31T03:13:15Z,paypal,refunded,5588.97,SGD
PAY0009381,ORD0009381,2026-03-31T04:32:15Z,card,success,7946.51,SGD
PAY0009382,ORD0009382,2026-03-09T15:41:34Z,card,success,11202.69,SGD
PAY0009383,ORD0009383,2026-05-21T05:33:28Z,paypal,success,4816.29,SGD
PAY0009384,ORD0009384,2026-04-11T11:52:18Z,bank_transfer,success,2557.46,SGD
PAY0009385,ORD0009385,2026-05-20T08:52:04Z,card,success,2771.41,SGD
PAY0009386,ORD0009386,2026-04-30T10:32:00Z,card,success,5502.77,SGD
PAY0009387,ORD0009387,2026-01-19T05:46:24Z,wallet,success,10152.82,SGD
PAY0009388,ORD0009388,2026-02-15T10:21:58Z,card,failed,11783.08,SGD
PAY0009389,ORD0009389,2026-01-10T06:39:30Z,wallet,success,8170.24,SGD
PAY0009390,ORD0009390,2026-04-30T10:07:42Z,paypal,refunded,17947.22,SGD
PAY0009391,ORD0009391,2026-03-23T10:38:12Z,bank_transfer,success,5149.89,SGD
PAY0009392,ORD0009392,2026-04-22T22:50:59Z,paypal,success,11050.85,SGD
PAY0009393,ORD0009393,2026-01-30T09:33:48Z,wallet,success,4424.91,SGD
PAY0009394,ORD0009394,2026-03-13T00:17:35Z,bank_transfer,success,3320.28,SGD
PAY0009395,ORD0009395,2026-04-21T16:21:30Z,card,success,7867.03,SGD
PAY0009396,ORD0009396,2026-03-28T08:02:18Z,wallet,success,18045.89,SGD
PAY0009397,ORD0009397,2026-03-30T18:46:16Z,paypal,success,7727.31,SGD
PAY0009398,ORD0009398,2026-02-01T14:43:55Z,wallet,pending,3206.32,SGD
PAY0009399,ORD0009399,2026-05-10T23:54:05Z,card,success,4088.44,SGD
PAY0009400,ORD0009400,2026-04-18T17:10:57Z,paypal,success,11711.14,SGD
PAY0009401,ORD0009401,2026-05-08T03:04:41Z,wallet,failed,12075.38,SGD
PAY0009402,ORD0009402,2026-03-13T08:11:49Z,card,success,10738.97,SGD
PAY0009403,ORD0009403,2026-04-23T12:49:36Z,bank_transfer,success,14202.02,SGD
PAY0009404,ORD0009404,2026-03-14T10:51:28Z,card,pending,6907.28,SGD
PAY0009405,ORD0009405,2026-05-10T11:09:27Z,bank_transfer,success,8117.78,SGD
PAY0009406,ORD0009406,2026-05-15T06:29:35Z,bank_transfer,success,1757.42,SGD
PAY0009407,ORD0009407,2026-03-06T00:30:10Z,card,success,13047.2,SGD
PAY0009408,ORD0009408,2026-04-12T15:47:59Z,card,pending,6876.4,SGD
PAY0009409,ORD0009409,2026-05-03T04:43:33Z,wallet,success,4482.03,SGD
PAY0009410,ORD0009410,2026-01-12T08:32:51Z,paypal,success,37.62,SGD
PAY0009411,ORD0009411,2026-03-19T07:03:48Z,wallet,success,9816.6,SGD
PAY0009412,ORD0009412,2026-03-23T12:42:17Z,bank_transfer,success,1288.63,SGD
PAY0009413,ORD0009413,2026-02-10T03:55:34Z,paypal,success,16123.55,SGD
PAY0009414,ORD0009414,2026-05-04T11:52:31Z,paypal,success,14378.5,SGD
PAY0009415,ORD0009415,2026-04-11T05:02:48Z,card,success,11476.51,SGD
PAY0009416,ORD0009416,2026-03-22T08:08:04Z,wallet,success,6749.34,SGD
PAY0009417,ORD0009417,2026-02-21T22:26:02Z,paypal,success,11132.27,SGD
PAY0009418,ORD0009418,2026-03-18T16:56:13Z,paypal,success,1059.56,SGD
PAY0009419,ORD0009419,2026-03-12T04:52:49Z,bank_transfer,pending,9433.26,SGD
PAY0009420,ORD0009420,2026-05-19T08:51:29Z,wallet,success,4961.86,SGD
PAY0009421,ORD0009421,2026-02-07T04:32:59Z,bank_transfer,success,3042.26,SGD
PAY0009422,ORD0009422,2026-04-11T23:07:50Z,paypal,pending,2288.34,SGD
PAY0009423,ORD0009423,2026-05-08T15:50:09Z,card,failed,6754.59,SGD
PAY0009424,ORD0009424,2026-03-04T12:14:16Z,paypal,pending,18216.37,SGD
PAY0009425,ORD0009425,2026-02-07T17:55:25Z,wallet,success,8506.45,SGD
PAY0009426,ORD0009426,2026-01-19T11:59:13Z,wallet,success,5475.14,SGD
PAY0009427,ORD0009427,2026-04-19T17:01:31Z,card,failed,13923.07,SGD
PAY0009428,ORD0009428,2026-02-06T02:20:38Z,bank_transfer,success,17952.49,SGD
PAY0009429,ORD0009429,2026-05-04T15:21:34Z,card,refunded,3231.39,SGD
PAY0009430,ORD0009430,2026-02-12T03:45:39Z,wallet,success,2342.44,SGD
PAY0009431,ORD0009431,2026-04-17T12:57:02Z,paypal,success,14003.58,SGD
PAY0009432,ORD0009432,2026-03-31T23:43:29Z,paypal,failed,11813.43,SGD
PAY0009433,ORD0009433,2026-02-12T02:52:35Z,bank_transfer,success,5240.45,SGD
PAY0009434,ORD0009434,2026-03-09T00:33:44Z,bank_transfer,refunded,2123.32,SGD
PAY0009435,ORD0009435,2026-02-11T01:15:23Z,bank_transfer,pending,4322.85,SGD
PAY0009436,ORD0009436,2026-04-29T18:55:25Z,wallet,failed,1450.92,SGD
PAY0009437,ORD0009437,2026-03-29T20:29:17Z,card,success,4475.04,SGD
PAY0009438,ORD0009438,2026-01-12T01:42:35Z,card,success,7443.98,SGD
PAY0009439,ORD0009439,2026-05-24T15:35:38Z,bank_transfer,refunded,9842.21,SGD
PAY0009440,ORD0009440,2026-03-01T03:53:08Z,paypal,success,8863.16,SGD
PAY0009441,ORD0009441,2026-05-10T20:45:43Z,bank_transfer,success,8626.57,SGD
PAY0009442,ORD0009442,2026-04-15T11:41:28Z,paypal,success,9979.13,SGD
PAY0009443,ORD0009443,2026-01-20T01:43:40Z,bank_transfer,success,9057.12,SGD
PAY0009444,ORD0009444,2026-03-21T07:51:30Z,paypal,success,14785.45,SGD
PAY0009445,ORD0009445,2026-04-28T09:25:09Z,card,refunded,9607.5,SGD
PAY0009446,ORD0009446,2026-04-03T06:15:49Z,wallet,success,3877.71,SGD
PAY0009447,ORD0009447,2026-01-05T14:41:31Z,paypal,refunded,10577.76,SGD
PAY0009448,ORD0009448,2026-04-10T01:18:39Z,paypal,success,6788.83,SGD
PAY0009449,ORD0009449,2026-03-25T12:55:51Z,wallet,success,5431.55,SGD
PAY0009450,ORD0009450,2026-04-01T11:50:06Z,bank_transfer,success,18580.49,SGD
PAY0009451,ORD0009451,2026-04-13T14:41:48Z,paypal,refunded,3361.86,SGD
PAY0009452,ORD0009452,2026-01-09T08:08:32Z,wallet,failed,3648.36,SGD
PAY0009453,ORD0009453,2026-04-26T02:16:50Z,bank_transfer,success,4980.76,SGD
PAY0009454,ORD0009454,2026-02-25T01:11:48Z,wallet,success,5426.1,SGD
PAY0009455,ORD0009455,2026-02-01T19:53:22Z,paypal,success,14239.04,SGD
PAY0009456,ORD0009456,2026-03-19T11:49:16Z,bank_transfer,success,8408.67,SGD
PAY0009457,ORD0009457,2026-05-13T15:39:41Z,bank_transfer,pending,2456.74,SGD
PAY0009458,ORD0009458,2026-05-21T22:25:43Z,card,success,9433.58,SGD
PAY0009459,ORD0009459,2026-04-26T12:44:01Z,wallet,refunded,18569.39,SGD
PAY0009460,ORD0009460,2026-05-14T07:53:20Z,wallet,success,1925.07,SGD
PAY0009461,ORD0009461,2026-05-22T05:38:51Z,paypal,success,10654.33,SGD
PAY0009462,ORD0009462,2026-01-12T11:26:47Z,paypal,success,9858.35,SGD
PAY0009463,ORD0009463,2026-01-15T19:51:54Z,paypal,pending,18978.11,SGD
PAY0009464,ORD0009464,2026-05-07T05:56:27Z,paypal,success,13771.37,SGD
PAY0009465,ORD0009465,2026-05-13T10:46:17Z,card,refunded,14283.63,SGD
PAY0009466,ORD0009466,2026-01-05T16:20:23Z,bank_transfer,success,4337.02,SGD
PAY0009467,ORD0009467,2026-02-18T12:27:07Z,wallet,success,5532.45,SGD
PAY0009468,ORD0009468,2026-01-28T03:17:13Z,paypal,success,3482.3,SGD
PAY0009469,ORD0009469,2026-03-05T14:49:27Z,card,pending,2681.12,SGD
PAY0009470,ORD0009470,2026-01-04T06:03:15Z,card,success,11628.51,SGD
PAY0009471,ORD0009471,2026-05-06T19:19:32Z,paypal,pending,6047.35,SGD
PAY0009472,ORD0009472,2026-04-22T08:00:50Z,paypal,success,2813.31,SGD
PAY0009473,ORD0009473,2026-03-02T11:04:35Z,paypal,success,1472.14,SGD
PAY0009474,ORD0009474,2026-03-21T23:26:50Z,paypal,success,12302.85,SGD
PAY0009475,ORD0009475,2026-05-07T16:40:27Z,paypal,failed,7020.37,SGD
PAY0009476,ORD0009476,2026-05-24T07:03:49Z,paypal,success,2399.71,SGD
PAY0009477,ORD0009477,2026-04-19T01:53:36Z,card,success,5140.68,SGD
PAY0009478,ORD0009478,2026-05-05T15:56:00Z,bank_transfer,success,3005.42,SGD
PAY0009479,ORD0009479,2026-01-03T10:41:56Z,bank_transfer,success,19948.54,SGD
PAY0009480,ORD0009480,2026-05-02T06:53:35Z,wallet,success,11273.83,SGD
PAY0009481,ORD0009481,2026-04-23T02:14:40Z,card,failed,9452.42,SGD
PAY0009482,ORD0009482,2026-04-16T21:35:43Z,wallet,success,5830.52,SGD
PAY0009483,ORD0009483,2026-04-01T10:08:25Z,paypal,success,9485.21,SGD
PAY0009484,ORD0009484,2026-03-07T18:39:05Z,paypal,success,15688.38,SGD
PAY0009485,ORD0009485,2026-01-08T00:46:28Z,bank_transfer,success,12502.79,SGD
PAY0009486,ORD0009486,2026-01-15T08:50:17Z,card,success,4637.38,SGD
PAY0009487,ORD0009487,2026-01-16T10:29:00Z,bank_transfer,success,1640.19,SGD
PAY0009488,ORD0009488,2026-03-16T11:41:34Z,bank_transfer,success,14827.14,SGD
PAY0009489,ORD0009489,2026-05-18T12:55:45Z,bank_transfer,success,10279.58,SGD
PAY0009490,ORD0009490,2026-01-22T13:24:59Z,wallet,success,6693.13,SGD
PAY0009491,ORD0009491,2026-05-10T18:02:04Z,card,success,10517.8,SGD
PAY0009492,ORD0009492,2026-02-22T04:04:26Z,wallet,success,3091.57,SGD
PAY0009493,ORD0009493,2026-02-12T07:56:09Z,paypal,success,10679.48,SGD
PAY0009494,ORD0009494,2026-04-15T09:40:28Z,wallet,refunded,9220.75,SGD
PAY0009495,ORD0009495,2026-02-11T03:25:12Z,paypal,success,19140.64,SGD
PAY0009496,ORD0009496,2026-03-17T17:36:47Z,wallet,failed,11713.77,SGD
PAY0009497,ORD0009497,2026-04-15T07:54:14Z,bank_transfer,failed,10775.23,SGD
PAY0009498,ORD0009498,2026-05-08T07:52:43Z,wallet,success,1608.82,SGD
PAY0009499,ORD0009499,2026-05-08T01:09:20Z,paypal,success,7683.21,SGD
PAY0009500,ORD0009500,2026-03-18T21:00:23Z,paypal,success,13264.85,SGD
PAY0009501,ORD0009501,2026-03-22T22:45:04Z,card,success,10987.54,SGD
PAY0009502,ORD0009502,2026-01-21T12:58:35Z,wallet,success,13188.03,SGD
PAY0009503,ORD0009503,2026-03-21T16:21:20Z,bank_transfer,pending,4422.59,SGD
PAY0009504,ORD0009504,2026-03-30T10:18:06Z,bank_transfer,success,12350.07,SGD
PAY0009505,ORD0009505,2026-02-12T17:44:34Z,bank_transfer,success,229.8,SGD
PAY0009506,ORD0009506,2026-02-19T00:32:42Z,card,success,1326.76,SGD
PAY0009507,ORD0009507,2026-02-24T03:19:37Z,card,success,5855.85,SGD
PAY0009508,ORD0009508,2026-03-08T00:33:12Z,wallet,pending,10196.27,SGD
PAY0009509,ORD0009509,2026-04-13T03:43:08Z,paypal,success,12100.48,SGD
PAY0009510,ORD0009510,2026-03-06T02:14:06Z,card,success,3176.94,SGD
PAY0009511,ORD0009511,2026-03-22T18:24:00Z,bank_transfer,refunded,12041.07,SGD
PAY0009512,ORD0009512,2026-01-30T23:03:03Z,bank_transfer,refunded,2181.61,SGD
PAY0009513,ORD0009513,2026-03-03T02:18:26Z,paypal,pending,4739.37,SGD
PAY0009514,ORD0009514,2026-03-07T13:28:08Z,paypal,success,6958.58,SGD
PAY0009515,ORD0009515,2026-04-13T07:16:22Z,wallet,success,18690.93,SGD
PAY0009516,ORD0009516,2026-05-18T17:07:57Z,card,success,11663.49,SGD
PAY0009517,ORD0009517,2026-03-05T21:01:19Z,bank_transfer,pending,15211.84,SGD
PAY0009518,ORD0009518,2026-02-23T06:53:54Z,bank_transfer,failed,16881.59,SGD
PAY0009519,ORD0009519,2026-03-14T18:10:17Z,bank_transfer,success,1716.03,SGD
PAY0009520,ORD0009520,2026-03-18T15:06:59Z,card,success,7967.68,SGD
PAY0009521,ORD0009521,2026-02-16T07:08:10Z,paypal,success,14013.49,SGD
PAY0009522,ORD0009522,2026-04-27T11:36:48Z,paypal,success,8853.46,SGD
PAY0009523,ORD0009523,2026-05-13T10:05:30Z,card,pending,9983.93,SGD
PAY0009524,ORD0009524,2026-01-16T09:59:36Z,card,success,9390.61,SGD
PAY0009525,ORD0009525,2026-04-10T13:18:55Z,wallet,success,5570.26,SGD
PAY0009526,ORD0009526,2026-05-04T19:10:24Z,bank_transfer,success,3327.84,SGD
PAY0009527,ORD0009527,2026-04-11T01:53:52Z,wallet,success,12576.9,SGD
PAY0009528,ORD0009528,2026-03-25T12:56:07Z,paypal,success,7447.13,SGD
PAY0009529,ORD0009529,2026-02-15T03:22:18Z,bank_transfer,pending,426.24,SGD
PAY0009530,ORD0009530,2026-04-20T16:55:45Z,paypal,pending,5652.99,SGD
PAY0009531,ORD0009531,2026-02-12T14:57:23Z,bank_transfer,failed,7139.23,SGD
PAY0009532,ORD0009532,2026-04-22T08:54:39Z,card,pending,921.55,SGD
PAY0009533,ORD0009533,2026-01-20T22:39:13Z,card,success,11019.2,SGD
PAY0009534,ORD0009534,2026-03-20T23:47:11Z,bank_transfer,success,948.0,SGD
PAY0009535,ORD0009535,2026-05-10T12:54:18Z,paypal,success,7190.68,SGD
PAY0009536,ORD0009536,2026-01-30T00:27:25Z,bank_transfer,success,7811.24,SGD
PAY0009537,ORD0009537,2026-03-31T22:48:44Z,bank_transfer,success,11046.95,SGD
PAY0009538,ORD0009538,2026-04-24T06:41:31Z,paypal,refunded,689.4,SGD
PAY0009539,ORD0009539,2026-04-15T08:24:42Z,paypal,success,14139.09,SGD
PAY0009540,ORD0009540,2026-03-14T13:53:51Z,paypal,success,6449.58,SGD
PAY0009541,ORD0009541,2026-02-13T11:03:15Z,paypal,failed,7656.32,SGD
PAY0009542,ORD0009542,2026-03-17T15:28:05Z,paypal,success,3413.65,SGD
PAY0009543,ORD0009543,2026-02-27T12:16:35Z,bank_transfer,success,6877.82,SGD
PAY0009544,ORD0009544,2026-05-21T00:31:37Z,bank_transfer,success,4656.89,SGD
PAY0009545,ORD0009545,2026-04-28T03:43:20Z,wallet,failed,4227.99,SGD
PAY0009546,ORD0009546,2026-04-18T03:27:16Z,bank_transfer,success,689.4,SGD
PAY0009547,ORD0009547,2026-01-23T23:06:09Z,paypal,refunded,12212.18,SGD
PAY0009548,ORD0009548,2026-05-11T06:25:24Z,bank_transfer,success,16624.44,SGD
PAY0009549,ORD0009549,2026-05-10T19:09:27Z,bank_transfer,success,2243.02,SGD
PAY0009550,ORD0009550,2026-05-08T07:36:28Z,bank_transfer,success,8924.31,SGD
PAY0009551,ORD0009551,2026-04-24T03:05:36Z,card,failed,11925.24,SGD
PAY0009552,ORD0009552,2026-05-22T10:56:03Z,bank_transfer,success,15077.46,SGD
PAY0009553,ORD0009553,2026-02-27T23:17:12Z,bank_transfer,refunded,13548.2,SGD
PAY0009554,ORD0009554,2026-03-07T12:37:16Z,wallet,success,19294.7,SGD
PAY0009555,ORD0009555,2026-04-16T15:55:01Z,card,success,6355.26,SGD
PAY0009556,ORD0009556,2026-03-17T06:51:02Z,paypal,success,17803.72,SGD
PAY0009557,ORD0009557,2026-01-08T03:16:36Z,wallet,success,10050.62,SGD
PAY0009558,ORD0009558,2026-05-16T05:22:17Z,bank_transfer,failed,71.43,SGD
PAY0009559,ORD0009559,2026-03-18T14:46:02Z,paypal,success,7246.93,SGD
PAY0009560,ORD0009560,2026-04-21T01:37:50Z,wallet,success,2480.93,SGD
PAY0009561,ORD0009561,2026-04-05T13:16:22Z,wallet,success,10643.65,SGD
PAY0009562,ORD0009562,2026-03-31T19:54:17Z,bank_transfer,success,12148.97,SGD
PAY0009563,ORD0009563,2026-05-06T03:01:04Z,wallet,pending,6130.86,SGD
PAY0009564,ORD0009564,2026-03-28T11:43:39Z,paypal,success,6441.45,SGD
PAY0009565,ORD0009565,2026-02-20T06:45:36Z,bank_transfer,pending,7501.77,SGD
PAY0009566,ORD0009566,2026-05-11T22:02:05Z,card,success,13183.08,SGD
PAY0009567,ORD0009567,2026-05-14T19:56:26Z,paypal,success,8128.19,SGD
PAY0009568,ORD0009568,2026-03-06T10:09:06Z,card,pending,13572.26,SGD
PAY0009569,ORD0009569,2026-01-02T02:06:27Z,paypal,failed,4199.31,SGD
PAY0009570,ORD0009570,2026-05-16T11:55:42Z,bank_transfer,success,2633.88,SGD
PAY0009571,ORD0009571,2026-03-13T03:10:22Z,paypal,success,11598.77,SGD
PAY0009572,ORD0009572,2026-01-13T04:57:54Z,wallet,success,10532.4,SGD
PAY0009573,ORD0009573,2026-04-02T00:21:43Z,card,failed,6132.66,SGD
PAY0009574,ORD0009574,2026-05-15T11:50:57Z,bank_transfer,success,9735.97,SGD
PAY0009575,ORD0009575,2026-01-25T08:03:04Z,bank_transfer,success,2463.25,SGD
PAY0009576,ORD0009576,2026-04-18T04:52:52Z,bank_transfer,refunded,5785.26,SGD
PAY0009577,ORD0009577,2026-01-23T05:02:31Z,paypal,success,1173.09,SGD
PAY0009578,ORD0009578,2026-03-05T11:02:25Z,bank_transfer,pending,5397.51,SGD
PAY0009579,ORD0009579,2026-04-27T23:05:55Z,bank_transfer,success,9061.23,SGD
PAY0009580,ORD0009580,2026-02-20T11:59:05Z,paypal,success,10180.83,SGD
PAY0009581,ORD0009581,2026-04-01T18:28:06Z,card,success,16168.98,SGD
PAY0009582,ORD0009582,2026-04-04T23:12:03Z,paypal,success,10551.95,SGD
PAY0009583,ORD0009583,2026-01-08T06:50:44Z,wallet,success,218.52,SGD
PAY0009584,ORD0009584,2026-04-13T00:35:22Z,paypal,success,11785.93,SGD
PAY0009585,ORD0009585,2026-05-23T12:00:14Z,wallet,success,1756.12,SGD
PAY0009586,ORD0009586,2026-05-15T17:19:07Z,wallet,failed,2610.86,SGD
PAY0009587,ORD0009587,2026-04-14T02:34:12Z,paypal,success,14485.76,SGD
PAY0009588,ORD0009588,2026-01-22T18:39:04Z,card,refunded,13297.56,SGD
PAY0009589,ORD0009589,2026-02-22T21:37:07Z,wallet,pending,1898.39,SGD
PAY0009590,ORD0009590,2026-04-07T00:24:42Z,card,success,10135.66,SGD
PAY0009591,ORD0009591,2026-03-30T12:45:53Z,wallet,pending,7499.3,SGD
PAY0009592,ORD0009592,2026-02-23T18:56:23Z,bank_transfer,success,7569.67,SGD
PAY0009593,ORD0009593,2026-04-14T09:41:48Z,wallet,success,2335.83,SGD
PAY0009594,ORD0009594,2026-04-19T09:58:41Z,card,success,8112.93,SGD
PAY0009595,ORD0009595,2026-04-03T06:14:04Z,paypal,success,5883.08,SGD
PAY0009596,ORD0009596,2026-04-12T11:42:45Z,wallet,success,10196.1,SGD
PAY0009597,ORD0009597,2026-03-12T19:02:18Z,card,success,937.77,SGD
PAY0009598,ORD0009598,2026-04-05T07:21:12Z,bank_transfer,success,6501.15,SGD
PAY0009599,ORD0009599,2026-03-07T21:13:06Z,card,refunded,5636.58,SGD
PAY0009600,ORD0009600,2026-02-06T06:46:32Z,card,success,753.69,SGD
PAY0009601,ORD0009601,2026-01-19T11:28:36Z,paypal,success,5575.53,SGD
PAY0009602,ORD0009602,2026-04-07T00:03:22Z,bank_transfer,success,15799.0,SGD
PAY0009603,ORD0009603,2026-02-12T15:52:07Z,paypal,success,6667.72,SGD
PAY0009604,ORD0009604,2026-01-17T02:20:37Z,card,success,6238.78,SGD
PAY0009605,ORD0009605,2026-03-07T17:40:59Z,card,success,2562.44,SGD
PAY0009606,ORD0009606,2026-01-15T17:05:42Z,wallet,refunded,12127.39,SGD
PAY0009607,ORD0009607,2026-05-13T21:35:41Z,bank_transfer,success,7223.49,SGD
PAY0009608,ORD0009608,2026-03-20T06:52:05Z,wallet,refunded,3242.36,SGD
PAY0009609,ORD0009609,2026-04-04T09:07:45Z,bank_transfer,refunded,4202.35,SGD
PAY0009610,ORD0009610,2026-03-07T04:28:29Z,wallet,success,18506.82,SGD
PAY0009611,ORD0009611,2026-02-15T07:21:37Z,bank_transfer,success,3598.34,SGD
PAY0009612,ORD0009612,2026-03-05T13:36:23Z,card,success,18698.87,SGD
PAY0009613,ORD0009613,2026-05-15T02:15:51Z,card,success,11310.68,SGD
PAY0009614,ORD0009614,2026-02-22T04:32:21Z,paypal,success,2860.45,SGD
PAY0009615,ORD0009615,2026-05-04T01:39:34Z,card,success,4486.04,SGD
PAY0009616,ORD0009616,2026-01-07T20:09:40Z,bank_transfer,failed,7323.29,SGD
PAY0009617,ORD0009617,2026-04-01T13:35:26Z,paypal,success,584.05,SGD
PAY0009618,ORD0009618,2026-03-17T00:34:14Z,bank_transfer,success,3314.25,SGD
PAY0009619,ORD0009619,2026-05-18T05:11:29Z,card,pending,1777.17,SGD
PAY0009620,ORD0009620,2026-01-22T03:01:13Z,card,success,19062.51,SGD
PAY0009621,ORD0009621,2026-03-03T05:00:07Z,paypal,success,9087.29,SGD
PAY0009622,ORD0009622,2026-03-19T09:24:14Z,card,success,3671.23,SGD
PAY0009623,ORD0009623,2026-01-20T17:02:03Z,bank_transfer,failed,8006.53,SGD
PAY0009624,ORD0009624,2026-03-03T13:02:25Z,bank_transfer,success,9933.95,SGD
PAY0009625,ORD0009625,2026-02-01T07:40:57Z,wallet,success,6334.39,SGD
PAY0009626,ORD0009626,2026-03-07T12:45:57Z,bank_transfer,success,7900.69,SGD
PAY0009627,ORD0009627,2026-03-03T20:44:36Z,wallet,success,8770.27,SGD
PAY0009628,ORD0009628,2026-05-11T01:59:24Z,wallet,success,1389.75,SGD
PAY0009629,ORD0009629,2026-05-03T04:08:42Z,card,success,2830.28,SGD
PAY0009630,ORD0009630,2026-03-13T17:18:22Z,bank_transfer,success,2751.65,SGD
PAY0009631,ORD0009631,2026-03-08T06:32:40Z,wallet,success,6262.27,SGD
PAY0009632,ORD0009632,2026-03-20T07:01:52Z,bank_transfer,success,11264.88,SGD
PAY0009633,ORD0009633,2026-05-24T15:07:41Z,card,failed,13517.37,SGD
PAY0009634,ORD0009634,2026-02-07T08:12:36Z,wallet,success,7350.0,SGD
PAY0009635,ORD0009635,2026-04-24T02:05:22Z,card,success,5296.34,SGD
PAY0009636,ORD0009636,2026-05-18T15:17:13Z,wallet,success,9074.22,SGD
PAY0009637,ORD0009637,2026-03-02T08:54:56Z,paypal,failed,13631.04,SGD
PAY0009638,ORD0009638,2026-02-12T07:30:33Z,paypal,failed,8744.81,SGD
PAY0009639,ORD0009639,2026-01-23T19:30:46Z,wallet,success,13899.52,SGD
PAY0009640,ORD0009640,2026-03-10T22:34:51Z,paypal,success,9270.01,SGD
PAY0009641,ORD0009641,2026-02-14T00:03:30Z,card,success,2036.55,SGD
PAY0009642,ORD0009642,2026-03-19T23:58:32Z,bank_transfer,success,11863.68,SGD
PAY0009643,ORD0009643,2026-01-07T09:00:03Z,bank_transfer,refunded,8162.05,SGD
PAY0009644,ORD0009644,2026-02-04T20:04:18Z,bank_transfer,success,3794.88,SGD
PAY0009645,ORD0009645,2026-02-14T10:28:24Z,paypal,success,2377.6,SGD
PAY0009646,ORD0009646,2026-03-20T10:53:45Z,bank_transfer,success,15340.55,SGD
PAY0009647,ORD0009647,2026-03-06T16:09:34Z,bank_transfer,pending,391.03,SGD
PAY0009648,ORD0009648,2026-02-22T03:18:57Z,wallet,success,4617.84,SGD
PAY0009649,ORD0009649,2026-02-14T02:22:09Z,bank_transfer,success,632.0,SGD
PAY0009650,ORD0009650,2026-02-03T10:35:34Z,wallet,pending,2560.51,SGD
PAY0009651,ORD0009651,2026-05-11T14:18:59Z,wallet,success,4722.07,SGD
PAY0009652,ORD0009652,2026-01-17T19:16:36Z,card,success,2752.87,SGD
PAY0009653,ORD0009653,2026-05-21T17:27:16Z,paypal,success,17364.18,SGD
PAY0009654,ORD0009654,2026-01-28T04:46:26Z,paypal,success,2877.93,SGD
PAY0009655,ORD0009655,2026-05-24T04:27:01Z,paypal,success,-9537.8,SGD
PAY0009656,ORD0009656,2026-02-15T06:01:51Z,card,pending,1146.96,SGD
PAY0009657,ORD0009657,2026-04-12T15:29:24Z,bank_transfer,success,7046.14,SGD
PAY0009658,ORD0009658,2026-04-21T10:13:35Z,bank_transfer,failed,4779.43,SGD
PAY0009659,ORD0009659,2026-01-27T18:07:15Z,wallet,success,23200.78,SGD
PAY0009660,ORD0009660,2026-05-01T18:51:54Z,card,refunded,7490.13,SGD
PAY0009661,ORD0009661,2026-01-28T05:43:40Z,card,pending,5265.78,SGD
PAY0009662,ORD0009662,2026-03-10T19:41:42Z,bank_transfer,success,591.18,SGD
PAY0009663,ORD0009663,2026-04-19T11:00:39Z,bank_transfer,success,4196.82,SGD
PAY0009664,ORD0009664,2026-01-24T22:15:31Z,paypal,success,5394.24,SGD
PAY0009665,ORD0009665,2026-03-25T05:19:47Z,wallet,refunded,13873.26,SGD
PAY0009666,ORD0009666,2026-02-26T17:02:17Z,paypal,pending,2338.79,SGD
PAY0009667,ORD0009667,2026-04-25T23:57:17Z,wallet,success,5831.13,SGD
PAY0009668,ORD0009668,2026-03-14T13:00:11Z,bank_transfer,failed,2722.72,SGD
PAY0009669,ORD0009669,2026-01-16T01:18:13Z,bank_transfer,success,14905.03,SGD
PAY0009670,ORD0009670,2026-03-14T19:28:01Z,wallet,pending,2983.56,SGD
PAY0009671,ORD0009671,2026-04-07T02:34:57Z,paypal,refunded,15149.06,SGD
PAY0009672,ORD0009672,2026-05-24T10:13:21Z,paypal,success,6267.57,SGD
PAY0009673,ORD0009673,2026-05-10T20:00:14Z,paypal,success,12325.53,SGD
PAY0009674,ORD0009674,2026-03-30T18:49:41Z,paypal,pending,15150.29,SGD
PAY0009675,ORD0009675,2026-02-23T07:48:30Z,card,success,4442.3,SGD
PAY0009676,ORD0009676,2026-02-26T03:10:01Z,paypal,success,7000.17,SGD
PAY0009677,ORD0009677,2026-03-04T06:01:40Z,wallet,success,14579.44,SGD
PAY0009678,ORD0009678,2026-01-14T19:08:53Z,wallet,success,10584.92,SGD
PAY0009679,ORD0009679,2026-03-30T08:27:07Z,paypal,success,9163.91,SGD
PAY0009680,ORD0009680,2026-01-21T15:27:13Z,paypal,success,10473.66,SGD
PAY0009681,ORD0009681,2026-04-12T08:27:50Z,paypal,success,10456.68,SGD
PAY0009682,ORD0009682,2026-05-13T12:42:31Z,card,pending,292.12,SGD
PAY0009683,ORD0009683,2026-04-06T10:28:10Z,paypal,refunded,11328.74,SGD
PAY0009684,ORD0009684,2026-02-19T03:11:09Z,wallet,refunded,8813.64,SGD
PAY0009685,ORD0009685,2026-01-25T22:43:14Z,paypal,success,3926.37,SGD
PAY0009686,ORD0009686,2026-02-03T03:16:37Z,paypal,success,6208.99,SGD
PAY0009687,ORD0009687,2026-04-25T17:43:24Z,bank_transfer,success,14035.97,SGD
PAY0009688,ORD0009688,2026-01-20T22:02:12Z,paypal,success,8027.8,SGD
PAY0009689,ORD0009689,2026-03-15T21:18:34Z,wallet,success,8821.09,SGD
PAY0009690,ORD0009690,2026-03-29T16:37:28Z,paypal,failed,1818.09,SGD
PAY0009691,ORD0009691,2026-01-02T01:14:09Z,card,success,889.65,SGD
PAY0009692,ORD0009692,2026-03-23T07:41:37Z,wallet,success,16998.69,SGD
PAY0009693,ORD0009693,2026-04-18T23:01:07Z,paypal,failed,10660.3,SGD
PAY0009694,ORD0009694,2026-03-11T23:05:06Z,paypal,success,563.51,SGD
PAY0009695,ORD0009695,2026-02-24T10:17:27Z,wallet,success,7203.64,SGD
PAY0009696,ORD0009696,2026-04-09T09:07:22Z,wallet,success,5959.19,SGD
PAY0009697,ORD0009697,2026-04-11T02:34:00Z,wallet,failed,16181.03,SGD
PAY0009698,ORD0009698,2026-05-17T13:24:49Z,card,pending,391.03,SGD
PAY0009699,ORD0009699,2026-04-02T15:44:36Z,card,success,5659.61,SGD
PAY0009700,ORD0009700,2026-03-07T12:29:36Z,bank_transfer,success,5339.02,SGD
PAY0009701,ORD0009701,2026-01-25T09:13:30Z,paypal,success,11482.2,SGD
PAY0009702,ORD0009702,2026-02-17T22:06:34Z,card,success,12315.01,SGD
PAY0009703,ORD0009703,2026-04-20T04:34:40Z,bank_transfer,success,13714.99,SGD
PAY0009704,ORD0009704,2026-03-25T19:48:54Z,wallet,success,8010.56,SGD
PAY0009705,ORD0009705,2026-02-10T11:22:53Z,card,pending,1144.86,SGD
PAY0009706,ORD0009706,2026-05-15T05:44:40Z,paypal,pending,2077.99,SGD
PAY0009707,ORD0009707,2026-03-20T07:41:04Z,card,refunded,10029.45,SGD
PAY0009708,ORD0009708,2026-02-27T10:34:05Z,wallet,success,777.8,SGD
PAY0009709,ORD0009709,2026-03-01T05:15:48Z,paypal,pending,4017.24,SGD
PAY0009710,ORD0009710,2026-02-21T12:07:31Z,card,failed,2958.02,SGD
PAY0009711,ORD0009711,2026-01-15T00:50:39Z,card,success,16115.21,SGD
PAY0009712,ORD0009712,2026-04-25T07:22:12Z,wallet,refunded,13942.86,SGD
PAY0009713,ORD0009713,2026-05-10T02:56:42Z,paypal,success,4297.13,SGD
PAY0009714,ORD0009714,2026-01-07T17:18:59Z,paypal,success,835.05,SGD
PAY0009715,ORD0009715,2026-05-19T18:28:29Z,wallet,success,8394.52,SGD
PAY0009716,ORD0009716,2026-01-09T09:47:58Z,bank_transfer,success,10068.13,SGD
PAY0009717,ORD0009717,2026-05-24T08:59:43Z,card,refunded,12032.02,SGD
PAY0009718,ORD0009718,2026-03-27T19:51:52Z,paypal,success,10667.61,SGD
PAY0009719,ORD0009719,2026-01-01T11:53:09Z,paypal,success,7837.42,SGD
PAY0009720,ORD0009720,2026-04-30T06:28:09Z,bank_transfer,success,2976.62,SGD
PAY0009721,ORD0009721,2026-05-08T04:34:52Z,paypal,success,11279.46,SGD
PAY0009722,ORD0009722,2026-03-14T14:55:24Z,card,success,14945.9,SGD
PAY0009723,ORD0009723,2026-02-21T23:57:07Z,paypal,success,8229.94,SGD
PAY0009724,ORD0009724,2026-03-08T08:50:51Z,card,refunded,11985.38,SGD
PAY0009725,ORD0009725,2026-05-10T15:13:42Z,bank_transfer,success,9672.11,SGD
PAY0009726,ORD0009726,2026-03-04T12:07:30Z,paypal,success,4524.02,SGD
PAY0009727,ORD0009727,2026-01-04T12:39:14Z,bank_transfer,pending,11070.96,SGD
PAY0009728,ORD0009728,2026-04-04T09:15:27Z,card,success,5136.34,SGD
PAY0009729,ORD0009729,2026-05-19T06:00:29Z,card,success,1112.3,SGD
PAY0009730,ORD0009730,2026-02-18T20:51:08Z,card,success,9191.02,SGD
PAY0009731,ORD0009731,2026-03-27T14:35:45Z,bank_transfer,success,14455.5,SGD
PAY0009732,ORD0009732,2026-05-11T00:21:08Z,wallet,failed,12250.73,SGD
PAY0009733,ORD0009733,2026-04-11T00:19:21Z,card,success,4054.64,SGD
PAY0009734,ORD0009734,2026-01-04T15:21:36Z,bank_transfer,success,513.48,SGD
PAY0009735,ORD0009735,2026-01-23T01:50:07Z,wallet,refunded,14235.64,SGD
PAY0009736,ORD0009736,2026-02-27T10:54:50Z,card,success,8866.77,SGD
PAY0009737,ORD0009737,2026-02-19T14:49:57Z,bank_transfer,success,12161.87,SGD
PAY0009738,ORD0009738,2026-03-11T01:15:55Z,bank_transfer,success,3493.06,SGD
PAY0009739,ORD0009739,2026-01-25T07:14:33Z,card,failed,8555.66,SGD
PAY0009740,ORD0009740,2026-04-13T16:11:17Z,wallet,pending,752.43,SGD
PAY0009741,ORD0009741,2026-01-19T01:44:24Z,bank_transfer,success,7335.19,SGD
PAY0009742,ORD0009742,2026-01-22T17:48:48Z,card,success,14765.18,SGD
PAY0009743,ORD0009743,2026-02-06T10:19:13Z,bank_transfer,success,6097.26,SGD
PAY0009744,ORD0009744,2026-04-25T22:02:37Z,card,success,8107.44,SGD
PAY0009745,ORD0009745,2026-01-25T19:50:24Z,paypal,pending,13925.18,SGD
PAY0009746,ORD0009746,2026-04-26T19:14:31Z,bank_transfer,success,3474.77,SGD
PAY0009747,ORD0009747,2026-01-04T10:14:59Z,paypal,success,21058.15,SGD
PAY0009748,ORD0009748,2026-04-11T08:15:23Z,wallet,success,4901.39,SGD
PAY0009749,ORD0009749,2026-05-21T12:42:53Z,wallet,success,9074.31,SGD
PAY0009750,ORD0009750,2026-03-17T03:31:29Z,card,success,13701.73,SGD
PAY0009751,ORD0009751,2026-03-14T17:21:50Z,bank_transfer,refunded,10968.12,SGD
PAY0009752,ORD0009752,2026-04-14T06:41:01Z,card,success,12476.93,SGD
PAY0009753,ORD0009753,2026-02-11T02:04:15Z,paypal,failed,3579.6,SGD
PAY0009754,ORD0009754,2026-02-16T11:41:06Z,card,success,7947.81,SGD
PAY0009755,ORD0009755,2026-03-22T17:05:18Z,card,success,2643.5,SGD
PAY0009756,ORD0009756,2026-02-07T06:40:48Z,paypal,success,782.06,SGD
PAY0009757,ORD0009757,2026-02-08T21:39:22Z,bank_transfer,success,10331.69,SGD
PAY0009758,ORD0009758,2026-03-07T17:33:30Z,wallet,success,1723.0,SGD
PAY0009759,ORD0009759,2026-04-10T14:14:14Z,bank_transfer,success,2044.22,SGD
PAY0009760,ORD0009760,2026-01-02T08:26:25Z,wallet,success,10691.84,SGD
PAY0009761,ORD0009761,2026-05-11T08:54:16Z,paypal,success,15561.04,SGD
PAY0009762,ORD0009762,2026-01-27T06:39:23Z,bank_transfer,refunded,9598.34,SGD
PAY0009763,ORD0009763,2026-03-11T18:58:29Z,wallet,success,10776.19,SGD
PAY0009764,ORD0009764,2026-03-17T22:56:39Z,paypal,success,19245.05,SGD
PAY0009765,ORD0009765,2026-05-12T05:51:34Z,paypal,success,2643.95,SGD
PAY0009766,ORD0009766,2026-01-04T12:41:17Z,paypal,success,3148.56,SGD
PAY0009767,ORD0009767,2026-04-10T19:55:52Z,bank_transfer,refunded,5921.64,SGD
PAY0009768,ORD0009768,2026-03-02T23:38:31Z,bank_transfer,success,9840.85,SGD
PAY0009769,ORD0009769,2026-05-20T00:57:30Z,paypal,success,4698.33,SGD
PAY0009770,ORD0009770,2026-02-17T01:02:47Z,wallet,success,18464.72,SGD
PAY0009771,ORD0009771,2026-04-04T07:46:59Z,bank_transfer,success,13473.27,SGD
PAY0009772,ORD0009772,2026-02-27T10:38:05Z,card,success,4279.34,SGD
PAY0009773,ORD0009773,2026-04-29T19:14:44Z,wallet,success,8025.84,SGD
PAY0009774,ORD0009774,2026-03-28T04:37:11Z,wallet,failed,3728.98,SGD
PAY0009775,ORD0009775,2026-01-16T22:19:31Z,bank_transfer,success,10290.61,SGD
PAY0009776,ORD0009776,2026-05-22T00:08:25Z,paypal,success,8832.32,SGD
PAY0009777,ORD0009777,2026-04-25T23:34:56Z,paypal,success,16944.08,SGD
PAY0009778,ORD0009778,2026-01-31T10:46:44Z,paypal,success,12444.45,SGD
PAY0009779,ORD0009779,2026-02-17T18:08:43Z,paypal,success,9898.79,SGD
PAY0009780,ORD0009780,2026-02-13T11:49:17Z,card,success,3766.01,SGD
PAY0009781,ORD0009781,2026-01-20T10:32:09Z,bank_transfer,success,6385.67,SGD
PAY0009782,ORD0009782,2026-02-02T11:14:21Z,paypal,pending,11917.36,SGD
PAY0009783,ORD0009783,2026-03-05T19:51:47Z,card,success,13289.37,SGD
PAY0009784,ORD0009784,2026-03-05T22:56:45Z,bank_transfer,success,3878.06,SGD
PAY0009785,ORD0009785,2026-03-27T04:12:16Z,bank_transfer,success,9246.3,SGD
PAY0009786,ORD0009786,2026-02-17T19:02:16Z,card,success,4381.38,SGD
PAY0009787,ORD0009787,2026-03-06T08:31:27Z,card,success,11052.24,SGD
PAY0009788,ORD0009788,2026-03-04T00:59:16Z,paypal,refunded,5692.32,SGD
PAY0009789,ORD0009789,2026-05-04T00:31:35Z,card,failed,11484.63,SGD
PAY0009790,ORD0009790,2026-03-26T20:26:05Z,paypal,pending,9734.02,SGD
PAY0009791,ORD0009791,2026-01-02T00:32:58Z,paypal,failed,10492.38,SGD
PAY0009792,ORD0009792,2026-02-09T18:53:07Z,wallet,success,901.37,SGD
PAY0009793,ORD0009793,2026-03-13T12:57:05Z,wallet,success,7334.53,SGD
PAY0009794,ORD0009794,2026-02-23T22:22:19Z,paypal,pending,4991.76,SGD
PAY0009795,ORD0009795,2026-03-02T14:23:18Z,paypal,success,8823.97,SGD
PAY0009796,ORD0009796,2026-05-22T18:34:53Z,card,success,9387.06,SGD
PAY0009797,ORD0009797,2026-05-18T11:51:19Z,paypal,success,4388.23,SGD
PAY0009798,ORD0009798,2026-01-22T12:42:08Z,wallet,success,56.43,SGD
PAY0009799,ORD0009799,2026-05-19T04:54:34Z,paypal,refunded,7919.51,SGD
PAY0009800,ORD0009800,2026-02-14T02:38:04Z,card,pending,6781.83,SGD
PAY0009801,ORD0009801,2026-02-05T21:21:52Z,bank_transfer,success,18198.81,SGD
PAY0009802,ORD0009802,2026-01-10T17:50:27Z,wallet,pending,8858.63,SGD
PAY0009803,ORD0009803,2026-01-05T19:32:36Z,wallet,success,7562.12,SGD
PAY0009804,ORD0009804,2026-02-21T08:50:52Z,bank_transfer,success,4084.08,SGD
PAY0009805,ORD0009805,2026-01-04T08:26:20Z,bank_transfer,success,5477.46,SGD
PAY0009806,ORD0009806,2026-03-01T00:42:31Z,paypal,success,13487.07,SGD
PAY0009807,ORD0009807,2026-04-14T02:36:30Z,wallet,success,4117.95,SGD
PAY0009808,ORD0009808,2026-04-03T16:55:03Z,paypal,success,8527.22,SGD
PAY0009809,ORD0009809,2026-05-07T04:59:09Z,wallet,success,12090.67,SGD
PAY0009810,ORD0009810,2026-02-16T09:27:46Z,wallet,success,13468.51,SGD
PAY0009811,ORD0009811,2026-04-26T07:10:26Z,paypal,success,15141.94,SGD
PAY0009812,ORD0009812,2026-01-07T16:46:53Z,paypal,success,14285.38,SGD
PAY0009813,ORD0009813,2026-02-18T04:01:02Z,card,success,2421.47,SGD
PAY0009814,ORD0009814,2026-01-02T14:16:48Z,paypal,success,20165.26,SGD
PAY0009815,ORD0009815,2026-01-03T20:13:46Z,paypal,success,4259.6,SGD
PAY0009816,ORD0009816,2026-05-05T13:55:08Z,paypal,success,5834.67,SGD
PAY0009817,ORD0009817,2026-03-20T00:32:04Z,card,pending,18458.02,SGD
PAY0009818,ORD0009818,2026-04-26T21:35:23Z,bank_transfer,success,17151.21,SGD
PAY0009819,ORD0009819,2026-01-20T00:46:09Z,card,pending,11169.51,SGD
PAY0009820,ORD0009820,2026-04-23T05:24:39Z,paypal,success,8418.45,SGD
PAY0009821,ORD0009821,2026-05-22T04:13:55Z,wallet,success,10910.31,SGD
PAY0009822,ORD0009822,2026-01-24T09:16:03Z,wallet,pending,7992.52,SGD
PAY0009823,ORD0009823,2026-04-25T13:41:51Z,paypal,success,18.81,SGD
PAY0009824,ORD0009824,2026-03-31T01:54:10Z,bank_transfer,failed,6408.81,SGD
PAY0009825,ORD0009825,2026-04-12T19:22:39Z,bank_transfer,success,1608.82,SGD
PAY0009826,ORD0009826,2026-04-06T01:06:06Z,bank_transfer,success,10188.19,SGD
PAY0009827,ORD0009827,2026-05-06T04:52:05Z,card,refunded,886.77,SGD
PAY0009828,ORD0009828,2026-01-06T14:45:39Z,paypal,success,2249.21,SGD
PAY0009829,ORD0009829,2026-04-06T18:02:42Z,card,success,9861.0,SGD
PAY0009830,ORD0009830,2026-03-18T12:12:26Z,card,success,3510.3,SGD
PAY0009831,ORD0009831,2026-04-27T07:55:42Z,wallet,success,6109.97,SGD
PAY0009832,ORD0009832,2026-05-09T12:52:16Z,card,success,9167.28,SGD
PAY0009833,ORD0009833,2026-05-11T10:01:42Z,bank_transfer,success,10616.93,SGD
PAY0009834,ORD0009834,2026-04-04T12:48:06Z,wallet,success,2046.3,SGD
PAY0009835,ORD0009835,2026-04-11T23:32:32Z,card,success,10792.77,SGD
PAY0009836,ORD0009836,2026-04-11T11:57:13Z,wallet,success,6599.18,SGD
PAY0009837,ORD0009837,2026-02-12T05:35:30Z,wallet,success,2610.86,SGD
PAY0009838,ORD0009838,2026-03-22T07:28:24Z,paypal,success,7289.93,SGD
PAY0009839,ORD0009839,2026-02-19T11:14:38Z,wallet,refunded,3137.73,SGD
PAY0009840,ORD0009840,2026-03-29T13:01:49Z,bank_transfer,success,8515.23,SGD
PAY0009841,ORD0009841,2026-02-11T10:32:45Z,paypal,refunded,13579.29,SGD
PAY0009842,ORD0009842,2026-02-24T19:12:13Z,card,failed,2408.2,SGD
PAY0009843,ORD0009843,2026-03-01T02:59:18Z,wallet,success,20126.61,SGD
PAY0009844,ORD0009844,2026-03-31T16:51:35Z,paypal,success,1774.45,SGD
PAY0009845,ORD0009845,2026-01-21T19:47:37Z,paypal,success,632.0,SGD
PAY0009846,ORD0009846,2026-01-30T16:58:56Z,card,success,2044.22,SGD
PAY0009847,ORD0009847,2026-03-07T22:53:59Z,wallet,success,-8824.02,SGD
PAY0009848,ORD0009848,2026-04-25T13:15:44Z,card,failed,2176.88,SGD
PAY0009849,ORD0009849,2026-01-22T02:20:46Z,paypal,success,7849.34,SGD
PAY0009850,ORD0009850,2026-05-13T04:25:55Z,card,pending,10012.64,SGD
PAY0009851,ORD0009851,2026-04-26T16:55:23Z,card,success,7389.44,SGD
PAY0009852,ORD0009852,2026-04-19T11:12:45Z,card,success,10461.3,SGD
PAY0009853,ORD0009853,2026-03-28T12:01:24Z,paypal,success,3026.73,SGD
PAY0009854,ORD0009854,2026-05-18T09:14:26Z,card,refunded,6816.68,SGD
PAY0009855,ORD0009855,2026-01-27T16:55:42Z,bank_transfer,refunded,7616.07,SGD
PAY0009856,ORD0009856,2026-04-14T00:31:12Z,paypal,failed,8933.56,SGD
PAY0009857,ORD0009857,2026-01-09T02:34:48Z,card,success,3355.46,SGD
PAY0009858,ORD0009858,2026-03-17T07:38:44Z,paypal,success,20815.4,SGD
PAY0009859,ORD0009859,2026-04-13T23:46:29Z,wallet,failed,25809.63,SGD
PAY0009860,ORD0009860,2026-03-22T23:28:19Z,paypal,success,3474.12,SGD
PAY0009861,ORD0009861,2026-03-09T16:17:18Z,card,refunded,11830.9,SGD
PAY0009862,ORD0009862,2026-01-01T03:45:22Z,bank_transfer,refunded,12879.03,SGD
PAY0009863,ORD0009863,2026-01-15T15:09:16Z,bank_transfer,success,21032.94,SGD
PAY0009864,ORD0009864,2026-03-08T04:58:11Z,wallet,success,7112.59,SGD
PAY0009865,ORD0009865,2026-03-16T06:43:22Z,wallet,success,4954.48,SGD
PAY0009866,ORD0009866,2026-04-28T23:28:21Z,paypal,success,3916.29,SGD
PAY0009867,ORD0009867,2026-03-19T15:28:03Z,card,refunded,3169.56,SGD
PAY0009868,ORD0009868,2026-02-14T13:46:12Z,paypal,success,9000.69,SGD
PAY0009869,ORD0009869,2026-03-22T04:23:29Z,bank_transfer,success,6101.13,SGD
PAY0009870,ORD0009870,2026-03-03T03:04:46Z,card,success,12262.31,SGD
PAY0009871,ORD0009871,2026-01-03T02:50:35Z,card,success,1271.27,SGD
PAY0009872,ORD0009872,2026-03-13T16:12:19Z,card,failed,14537.38,SGD
PAY0009873,ORD0009873,2026-04-12T04:48:29Z,paypal,success,4748.04,SGD
PAY0009874,ORD0009874,2026-02-05T08:35:50Z,bank_transfer,success,5726.07,SGD
PAY0009875,ORD0009875,2026-03-02T09:29:58Z,paypal,success,1304.61,SGD
PAY0009876,ORD0009876,2026-04-05T03:12:32Z,card,success,2938.63,SGD
PAY0009877,ORD0009877,2026-03-16T08:04:37Z,wallet,success,3779.31,SGD
PAY0009878,ORD0009878,2026-03-22T17:09:51Z,paypal,success,7911.15,SGD
PAY0009879,ORD0009879,2026-01-12T03:13:13Z,bank_transfer,pending,4183.22,SGD
PAY0009880,ORD0009880,2026-04-27T15:58:27Z,card,pending,13721.3,SGD
PAY0009881,ORD0009881,2026-03-04T10:18:27Z,paypal,failed,7326.16,SGD
PAY0009882,ORD0009882,2026-02-14T04:16:58Z,bank_transfer,pending,3628.98,SGD
PAY0009883,ORD0009883,2026-02-13T07:11:51Z,bank_transfer,success,1271.27,SGD
PAY0009884,ORD0009884,2026-03-27T12:52:58Z,paypal,success,16261.41,SGD
PAY0009885,ORD0009885,2026-05-22T16:40:45Z,card,success,4661.8,SGD
PAY0009886,ORD0009886,2026-02-10T08:44:15Z,bank_transfer,success,218.52,SGD
PAY0009887,ORD0009887,2026-04-28T13:54:54Z,card,success,3813.81,SGD
PAY0009888,ORD0009888,2026-01-29T03:15:44Z,wallet,success,6127.08,SGD
PAY0009889,ORD0009889,2026-04-13T17:35:11Z,card,success,19.64,SGD
PAY0009890,ORD0009890,2026-02-11T01:21:04Z,card,success,12945.03,SGD
PAY0009891,ORD0009891,2026-03-13T00:37:21Z,bank_transfer,success,3209.67,SGD
PAY0009892,ORD0009892,2026-03-03T07:03:17Z,paypal,success,6428.92,SGD
PAY0009893,ORD0009893,2026-03-04T10:23:51Z,wallet,success,14877.07,SGD
PAY0009894,ORD0009894,2026-04-06T00:27:30Z,card,success,11355.17,SGD
PAY0009895,ORD0009895,2026-02-07T23:59:02Z,card,success,15309.19,SGD
PAY0009896,ORD0009896,2026-02-17T19:36:30Z,wallet,success,4636.93,SGD
PAY0009897,ORD0009897,2026-03-27T09:23:05Z,card,refunded,5880.85,SGD
PAY0009898,ORD0009898,2026-04-06T21:21:05Z,card,success,17698.84,SGD
PAY0009899,ORD0009899,2026-05-09T23:33:11Z,paypal,success,10149.02,SGD
PAY0009900,ORD0009900,2026-01-03T17:11:31Z,paypal,success,7621.37,SGD
PAY0009901,ORD0009901,2026-03-04T13:08:10Z,card,failed,7926.45,SGD
PAY0009902,ORD0009902,2026-04-24T17:54:58Z,wallet,pending,6634.1,SGD
PAY0009903,ORD0009903,2026-05-17T08:53:43Z,paypal,success,11596.47,SGD
PAY0009904,ORD0009904,2026-02-03T06:32:40Z,card,success,18909.17,SGD
PAY0009905,ORD0009905,2026-05-03T10:10:12Z,card,success,7460.22,SGD
PAY0009906,ORD0009906,2026-02-18T21:29:59Z,card,success,9181.95,SGD
PAY0009907,ORD0009907,2026-01-04T13:16:29Z,card,pending,8716.3,SGD
PAY0009908,ORD0009908,2026-05-09T07:29:36Z,wallet,success,7590.26,SGD
PAY0009909,ORD0009909,2026-05-23T13:06:21Z,bank_transfer,success,1353.26,SGD
PAY0009910,ORD0009910,2026-03-09T15:15:35Z,card,pending,17814.53,SGD
PAY0009911,ORD0009911,2026-04-22T10:40:37Z,bank_transfer,success,9134.73,SGD
PAY0009912,ORD0009912,2026-05-08T18:18:42Z,paypal,pending,4558.1,SGD
PAY0009913,ORD0009913,2026-04-18T09:38:24Z,card,success,4825.57,SGD
PAY0009914,ORD0009914,2026-02-09T19:16:39Z,wallet,success,17542.75,SGD
PAY0009915,ORD0009915,2026-03-07T01:05:05Z,card,success,8996.19,SGD
PAY0009916,ORD0009916,2026-02-21T20:09:14Z,paypal,success,15301.52,SGD
PAY0009917,ORD0009917,2026-05-10T06:17:10Z,card,success,-1822.88,SGD
PAY0009918,ORD0009918,2026-05-13T18:42:50Z,bank_transfer,success,591.18,SGD
PAY0009919,ORD0009919,2026-04-28T20:28:38Z,bank_transfer,refunded,5732.43,SGD
PAY0009920,ORD0009920,2026-05-12T02:38:28Z,paypal,failed,5882.68,SGD
PAY0009921,ORD0009921,2026-03-12T16:56:03Z,paypal,success,7917.16,SGD
PAY0009922,ORD0009922,2026-01-07T00:56:55Z,bank_transfer,success,10793.48,SGD
PAY0009923,ORD0009923,2026-04-29T16:18:15Z,wallet,success,10254.3,SGD
PAY0009924,ORD0009924,2026-05-17T11:44:27Z,wallet,success,9424.25,SGD
PAY0009925,ORD0009925,2026-05-02T00:15:20Z,bank_transfer,success,3733.54,SGD
PAY0009926,ORD0009926,2026-04-28T06:43:58Z,card,success,12898.72,SGD
PAY0009927,ORD0009927,2026-02-24T00:37:44Z,paypal,success,886.72,SGD
PAY0009928,ORD0009928,2026-03-30T15:54:44Z,wallet,success,10935.38,SGD
PAY0009929,ORD0009929,2026-05-22T02:26:27Z,card,success,9134.62,SGD
PAY0009930,ORD0009930,2026-02-19T11:04:23Z,card,pending,20715.03,SGD
PAY0009931,ORD0009931,2026-01-26T04:34:15Z,bank_transfer,failed,4285.24,SGD
PAY0009932,ORD0009932,2026-03-05T15:09:28Z,card,success,16778.84,SGD
PAY0009933,ORD0009933,2026-03-17T18:31:15Z,bank_transfer,success,12969.69,SGD
PAY0009934,ORD0009934,2026-01-16T12:56:35Z,wallet,success,20287.72,SGD
PAY0009935,ORD0009935,2026-01-24T03:15:20Z,bank_transfer,success,7407.16,SGD
PAY0009936,ORD0009936,2026-03-19T17:19:06Z,card,success,8719.94,SGD
PAY0009937,ORD0009937,2026-05-01T12:15:58Z,bank_transfer,success,11929.58,SGD
PAY0009938,ORD0009938,2026-05-14T22:37:52Z,paypal,failed,4902.97,SGD
PAY0009939,ORD0009939,2026-03-09T11:21:19Z,paypal,success,11193.49,SGD
PAY0009940,ORD0009940,2026-05-05T14:16:02Z,paypal,success,2739.48,SGD
PAY0009941,ORD0009941,2026-02-17T06:44:11Z,bank_transfer,success,11654.04,SGD
PAY0009942,ORD0009942,2026-05-15T18:53:20Z,bank_transfer,success,5080.17,SGD
PAY0009943,ORD0009943,2026-04-18T04:07:35Z,paypal,success,9219.16,SGD
PAY0009944,ORD0009944,2026-05-06T16:16:56Z,paypal,pending,2290.45,SGD
PAY0009945,ORD0009945,2026-01-02T20:21:27Z,bank_transfer,success,404.19,SGD
PAY0009946,ORD0009946,2026-05-18T09:44:28Z,paypal,success,3751.15,SGD
PAY0009947,ORD0009947,2026-04-13T09:34:14Z,wallet,success,6122.35,SGD
PAY0009948,ORD0009948,2026-03-29T16:38:48Z,wallet,success,420.72,SGD
PAY0009949,ORD0009949,2026-01-26T16:29:33Z,bank_transfer,success,6622.63,SGD
PAY0009950,ORD0009950,2026-02-17T03:03:57Z,paypal,refunded,14266.03,SGD
PAY0009951,ORD0009951,2026-02-23T10:20:46Z,card,success,12519.5,SGD
PAY0009952,ORD0009952,2026-02-23T22:27:01Z,wallet,success,5358.08,SGD
PAY0009953,ORD0009953,2026-04-05T05:34:43Z,bank_transfer,success,8885.79,SGD
PAY0009954,ORD0009954,2026-04-24T00:52:58Z,card,refunded,8557.06,SGD
PAY0009955,ORD0009955,2026-04-11T16:06:44Z,paypal,success,2249.78,SGD
PAY0009956,ORD0009956,2026-02-07T08:47:38Z,card,success,16577.15,SGD
PAY0009957,ORD0009957,2026-04-29T23:08:36Z,card,failed,1690.53,SGD
PAY0009958,ORD0009958,2026-01-02T00:07:26Z,wallet,success,4936.98,SGD
PAY0009959,ORD0009959,2026-05-19T08:18:31Z,paypal,success,6972.18,SGD
PAY0009960,ORD0009960,2026-01-29T07:55:19Z,card,success,2930.91,SGD
PAY0009961,ORD0009961,2026-01-26T22:48:06Z,wallet,success,1710.21,SGD
PAY0009962,ORD0009962,2026-04-02T03:05:23Z,wallet,pending,109.26,SGD
PAY0009963,ORD0009963,2026-05-24T17:18:54Z,card,success,7747.15,SGD
PAY0009964,ORD0009964,2026-03-11T23:01:21Z,paypal,success,6005.29,SGD
PAY0009965,ORD0009965,2026-04-29T17:41:16Z,card,success,7272.19,SGD
PAY0009966,ORD0009966,2026-01-24T12:46:09Z,wallet,success,6875.09,SGD
PAY0009967,ORD0009967,2026-05-09T15:39:21Z,bank_transfer,success,6962.44,SGD
PAY0009968,ORD0009968,2026-01-09T17:34:43Z,paypal,success,1611.35,SGD
PAY0009969,ORD0009969,2026-04-05T23:53:56Z,bank_transfer,refunded,7629.32,SGD
PAY0009970,ORD0009970,2026-02-03T16:58:25Z,paypal,success,1794.74,SGD
PAY0009971,ORD0009971,2026-04-03T05:17:10Z,card,success,22620.1,SGD
PAY0009972,ORD0009972,2026-05-16T13:39:31Z,card,failed,5723.98,SGD
PAY0009973,ORD0009973,2026-01-01T08:13:22Z,card,success,4920.57,SGD
PAY0009974,ORD0009974,2026-02-06T03:29:39Z,wallet,success,6551.61,SGD
PAY0009975,ORD0009975,2026-04-09T13:21:02Z,wallet,success,11855.27,SGD
PAY0009976,ORD0009976,2026-05-05T00:53:08Z,paypal,success,5450.35,SGD
PAY0009977,ORD0009977,2026-05-23T05:03:23Z,paypal,success,8708.85,SGD
PAY0009978,ORD0009978,2026-01-13T04:35:14Z,paypal,success,11412.42,SGD
PAY0009979,ORD0009979,2026-03-13T18:37:47Z,wallet,success,3416.46,SGD
PAY0009980,ORD0009980,2026-01-03T23:25:21Z,paypal,success,3248.26,SGD
PAY0009981,ORD0009981,2026-02-11T04:46:33Z,paypal,success,13525.89,SGD
PAY0009982,ORD0009982,2026-02-14T23:14:13Z,wallet,refunded,3260.31,SGD
PAY0009983,ORD0009983,2026-01-06T14:56:50Z,bank_transfer,success,9239.22,SGD
PAY0009984,ORD0009984,2026-05-18T20:31:50Z,wallet,refunded,19692.12,SGD
PAY0009985,ORD0009985,2026-02-27T15:11:34Z,card,success,3313.98,SGD
PAY0009986,ORD0009986,2026-05-24T02:21:43Z,paypal,pending,12192.06,SGD
PAY0009987,ORD0009987,2026-04-06T08:56:40Z,bank_transfer,success,4181.18,SGD
PAY0009988,ORD0009988,2026-03-30T11:47:36Z,bank_transfer,failed,5829.39,SGD
PAY0009989,ORD0009989,2026-02-25T14:32:46Z,wallet,failed,11616.74,SGD
PAY0009990,ORD0009990,2026-05-11T18:05:21Z,wallet,success,4334.1,SGD
PAY0009991,ORD0009991,2026-04-30T02:26:06Z,paypal,success,796.43,SGD
PAY0009992,ORD0009992,2026-01-08T23:49:56Z,bank_transfer,success,4399.64,SGD
PAY0009993,ORD0009993,2026-01-29T00:47:59Z,wallet,refunded,10729.81,SGD
PAY0009994,ORD0009994,2026-03-12T16:58:47Z,bank_transfer,pending,5013.75,SGD
PAY0009995,ORD0009995,2026-01-12T02:47:22Z,card,success,12360.84,SGD
PAY0009996,ORD0009996,2026-01-10T01:31:26Z,card,success,142.72,SGD
PAY0009997,ORD0009997,2026-01-27T10:27:42Z,card,success,552.37,SGD
PAY0009998,ORD0009998,2026-03-02T04:30:36Z,card,pending,5500.65,SGD
PAY0009999,ORD0009999,2026-04-03T05:13:06Z,wallet,success,9608.59,SGD
PAY0010000,ORD0010000,2026-03-10T21:03:13Z,card,refunded,5944.56,SGD
